35032419547	push	completed	failure	main	6556b07518eec4323cef2067b73b5a27081329d0	2026-09-15T22:44:11Z	2026-09-15T23:01:05Z	1
35029888614	push	completed	success	main	5ad7b9853fd4270e05d58a1a93ce5f9d0649e2a0	2026-09-15T22:13:52Z	2026-09-15T22:31:08Z	1
35028977724	push	completed	cancelled	main	484e87f08fb97890d1fc89ac94cc91791ef14ed1	2026-09-15T22:03:36Z	2026-09-15T22:15:06Z	1
35028871262	push	completed	cancelled	main	0bd5f40b262de6ada38c86f74069272dae46f5e0	2026-09-15T22:02:24Z	2026-09-15T22:04:23Z	1
35016195364	pull_request	completed	success	flywheel-FLY-1948	7d1a622915581e68b2f795868cc8663f50dd1830	2026-09-15T19:52:16Z	2026-09-15T20:08:23Z	1
35013063909	pull_request	completed	success	flywheel-FLY-2593	6bb7764edcb39f6cb2e97e04eb3b8b82be571dc1	2026-09-15T19:37:43Z	2026-09-15T19:49:26Z	2
35009425206	pull_request	completed	success	flywheel-FLY-2519	9d7b4639054a8487c6d6df129fe46e6571443443	2026-09-15T18:45:14Z	2026-09-15T19:11:06Z	1
35009403713	pull_request	completed	success	flywheel-FLY-2413	3a4756bc53c8b2e4b14bf077921010623f33cf8a	2026-09-15T18:45:02Z	2026-09-15T19:05:47Z	1
35009350503	pull_request	completed	success	flywheel-FLY-2588	ecec6e2c6400798007f7d2ea2c29d388536959e9	2026-09-15T19:08:11Z	2026-09-15T19:15:38Z	2
35009277334	pull_request	completed	success	flywheel-FLY-1948	fe75cff1ad86cf95919109ddcb5117a278c7d3fb	2026-09-15T19:01:11Z	2026-09-15T19:12:21Z	2
35009233999	pull_request	completed	success	flywheel-FLY-2391	8ae338a16fe8a7721a8d8192e5ec1e94e885046c	2026-09-15T19:00:34Z	2026-09-15T19:03:23Z	2
35008666166	push	completed	failure	main	84a65da2e56d895adc5ddf3ac88f8a79a17d2ab8	2026-09-15T18:37:50Z	2026-09-15T18:54:57Z	1
35007511859	push	completed	cancelled	main	6ed6ab2406bddf043c09825a4b6fa98e270f9729	2026-09-15T18:26:43Z	2026-09-15T18:38:44Z	1
35007382759	pull_request	completed	failure	flywheel-FLY-2519	77879ce0cc36d26f2730972b41c530142fb5466e	2026-09-15T18:25:28Z	2026-09-15T18:40:34Z	1
35006752707	pull_request	completed	success	flywheel-FLY-2589	846dc0dfe2b27b2b169fa67a9d9e214107514222	2026-09-15T18:19:28Z	2026-09-15T18:25:39Z	1
35006340246	pull_request	completed	cancelled	flywheel-FLY-2589	3af3194de2428d053ed87b9a63dd645e06d418e7	2026-09-15T18:15:27Z	2026-09-15T18:20:46Z	1
35006171316	pull_request	completed	cancelled	flywheel-FLY-2589	846dc0dfe2b27b2b169fa67a9d9e214107514222	2026-09-15T18:13:51Z	2026-09-15T18:16:39Z	1
35002169605	pull_request	completed	success	flywheel-FLY-2557	05dfa81353bf9a1b2246199f45fd322a74dbee43	2026-09-15T17:34:58Z	2026-09-15T17:51:28Z	1
35000801542	push	completed	failure	main	451812138691ef42c7080b25fa3db60116d1d3dd	2026-09-15T17:21:55Z	2026-09-15T17:38:34Z	1
34999963782	pull_request	completed	failure	flywheel-FLY-2588	df9fc9f4d9f1a8d16ce51723d29dcbaed7522ce1	2026-09-15T17:14:02Z	2026-09-15T17:30:18Z	1
34999144534	pull_request	completed	failure	flywheel-FLY-2519	76c437a1dda475c2bcac73fd7656e74626ca94c9	2026-09-15T17:06:12Z	2026-09-15T17:20:55Z	1
34998866906	pull_request	completed	failure	flywheel-FLY-2557	14bad895fdd81e6cc0c5b7efd5d8f585b7b0c0c2	2026-09-15T17:03:36Z	2026-09-15T17:19:52Z	1
34998053331	pull_request	completed	cancelled	flywheel-FLY-2557	4e98c7126c4a7cec594701ede5d838b4cf0dbfa9	2026-09-15T16:55:41Z	2026-09-15T17:05:10Z	1
34996837594	pull_request	completed	failure	flywheel-FLY-2413	c87097744c3864953324b510c3418c7480df9b1c	2026-09-15T16:43:55Z	2026-09-15T17:00:20Z	1
34996473300	push	completed	failure	main	b9418b780cce46466665a360f680b56ade736d56	2026-09-15T16:40:26Z	2026-09-15T16:58:31Z	1
34996179932	pull_request	completed	failure	flywheel-FLY-1948	1616d92741c6c5bddb569a7df48dca51a9ece705	2026-09-15T16:37:35Z	2026-09-15T16:56:34Z	1
34996021504	push	completed	cancelled	main	7f6e88d39a86e3e5e9feb4655adb4637282604aa	2026-09-15T16:36:03Z	2026-09-15T16:41:53Z	1
34995822701	pull_request	completed	failure	flywheel-FLY-2391	7437c12239a723d0a0a5209ee93508f2d041ef26	2026-09-15T16:34:10Z	2026-09-15T16:51:28Z	1
34995643016	push	completed	cancelled	main	8e28a264c214c8b4f0d8f1a11d15d9634aafbc07	2026-09-15T16:32:29Z	2026-09-15T16:36:50Z	1
34995624367	pull_request	completed	success	flywheel-FLY-2519	97e69ff91bacc008a0aa2a5dcc3ad428e3067dfe	2026-09-15T16:50:02Z	2026-09-15T17:04:16Z	2
34995097432	pull_request	completed	success	flywheel-FLY-2447	81f008995d465e260efb9699790e31857b51e58c	2026-09-15T16:44:09Z	2026-09-15T16:47:23Z	2
34994496360	push	completed	cancelled	main	156601a2e98985faa8b0d1bf1a9a093b7eb1845d	2026-09-15T16:21:40Z	2026-09-15T16:33:35Z	1
34960925262	pull_request	completed	success	flywheel-FLY-2391	f94bab1f54e4d47911e17a9f18ea176b0da1d687	2026-09-15T11:00:17Z	2026-09-15T11:15:58Z	1
34959740612	pull_request	completed	success	flywheel-FLY-2570	f8398cfc18ee512d64acfe24d4ddde647d58926e	2026-09-15T10:46:30Z	2026-09-15T11:03:35Z	1
34959360441	pull_request	completed	cancelled	flywheel-FLY-2570	4204ff847c177a62d174997405f4dac3d6e29096	2026-09-15T10:42:15Z	2026-09-15T10:47:01Z	1
34957332756	pull_request	completed	success	flywheel-FLY-2391	a3001ccbf3b10ae3e0fcb61cd93922e0bd2256f6	2026-09-15T10:19:31Z	2026-09-15T10:35:11Z	1
34956360318	pull_request	completed	cancelled	flywheel-FLY-2391	0e14a6c9ec60e0888ee896be05bed8fa4521cd9b	2026-09-15T10:08:38Z	2026-09-15T10:19:50Z	1
34954719199	pull_request	completed	failure	flywheel-FLY-2391	dd1a26e7d05a164588f7a4a68c41628f62dcff24	2026-09-15T09:50:23Z	2026-09-15T10:06:46Z	1
34951978101	pull_request	completed	success	flywheel-FLY-2567	d6df319fd8c683488b1287535afc7e73c8a146ea	2026-09-15T09:20:05Z	2026-09-15T09:35:58Z	1
34951235743	pull_request	completed	success	flywheel-FLY-2563	c3400f5d0921ad5eaa8e8866b1fd6ab6e7e4e82b	2026-09-15T09:12:19Z	2026-09-15T09:28:40Z	1
34949595754	pull_request	completed	success	flywheel-FLY-2563	a03ec3b8f9318509af1a7f9b8ee4cc7ffa779802	2026-09-15T08:55:04Z	2026-09-15T09:10:24Z	1
34949461987	pull_request	completed	success	flywheel-FLY-2567	62acd43bd193c83a34da1675ae1355b76148f133	2026-09-15T08:53:36Z	2026-09-15T09:09:43Z	1
34948207077	pull_request	completed	cancelled	flywheel-FLY-2567	78eaacb0108eaad4dfe50695ec20e9fc2dcb5c48	2026-09-15T08:39:58Z	2026-09-15T08:53:58Z	1
34947940526	pull_request	completed	success	flywheel-FLY-2519	215556c8b7e78aeef78755ed4b135f34faccc0e5	2026-09-15T08:37:02Z	2026-09-15T08:52:43Z	1
34947424842	pull_request	completed	success	flywheel-FLY-2447	2c75a370204f335741df16ab74da2cb0f1cc65ca	2026-09-15T08:31:26Z	2026-09-15T08:48:15Z	1
34947103008	pull_request	completed	success	flywheel-FLY-2552	e08bcfd3227ad15ee5360723755417ed38f0f6c9	2026-09-15T08:28:01Z	2026-09-15T08:43:55Z	1
34946528134	pull_request	completed	cancelled	flywheel-FLY-2447	e1f164110ce7c7d31671cebbe65cd72eef9d3794	2026-09-15T08:21:42Z	2026-09-15T08:31:45Z	1
34946059550	pull_request	completed	success	flywheel-FLY-2563	f7e4b92a13f49d2cd656afeb6831b24983cbbdb5	2026-09-15T08:16:30Z	2026-09-15T08:32:41Z	1
34946008708	pull_request	completed	failure	flywheel-FLY-2519	267f9f434a41be34c84170c379a18c6ddd436026	2026-09-15T08:15:55Z	2026-09-15T08:32:31Z	1
34945536322	pull_request	completed	failure	flywheel-FLY-2552	714b4abcd493f0d4177567ab52ea540b9d4d2bff	2026-09-15T08:10:40Z	2026-09-15T08:26:02Z	1
34943318979	pull_request	completed	failure	flywheel-FLY-2563	41965da9b6414d9a45bb45e47c0b9808aced31c6	2026-09-15T07:45:18Z	2026-09-15T08:01:25Z	1
34943293370	pull_request	completed	cancelled	flywheel-FLY-2563	350ee970f1b11a846f26ca461d2d23cf7d94fa6c	2026-09-15T07:45:01Z	2026-09-15T07:45:22Z	1
34943005627	push	completed	success	main	e43c4b567ed8f67e8ec82d21f07f0bdf1bbd0956	2026-09-15T07:41:40Z	2026-09-15T07:57:38Z	1
34942903013	pull_request	completed	success	flywheel-FLY-2447	b9ce5c570d27e4fa04bc6b353aa1ea0687e5b3ed	2026-09-15T07:40:28Z	2026-09-15T07:56:28Z	1
34942215588	pull_request	completed	success	flywheel-FLY-2519	e9eb59e422d2440fbe48c625568984fad4e0cc1a	2026-09-15T07:32:24Z	2026-09-15T07:48:58Z	1
34941830023	push	completed	cancelled	main	ca3378ef9273a618fd5e6630467f3f358b7ad471	2026-09-15T07:27:54Z	2026-09-15T07:41:59Z	1
34941243956	pull_request	completed	success	flywheel-FLY-2447	5afe4d2d800e468df57796483fc59ea739e7309e	2026-09-15T07:20:54Z	2026-09-15T07:36:12Z	1
34940885279	pull_request	completed	cancelled	flywheel-FLY-2519	19a7e672518680c34953d4cdfb38f3dcf413c5ee	2026-09-15T07:16:35Z	2026-09-15T07:32:28Z	1
34939052499	pull_request	completed	success	flywheel-FLY-2519	b485257bf13761d56c7195ca27eacb186ea52789	2026-09-15T06:54:10Z	2026-09-15T07:10:16Z	1
34935042184	pull_request	completed	success	flywheel-FLY-2519	0f5afbddd8cfd5d856e6439716b4814b0ebbd619	2026-09-15T06:00:24Z	2026-09-15T06:15:36Z	1
34933800275	push	completed	success	main	af74f03f94a3e58398cf0a309a2909853713fc84	2026-09-15T05:42:01Z	2026-09-15T05:57:51Z	1
34933536831	push	completed	cancelled	main	93df3d926d98e142d1b2a6e0055969a7ca7021d7	2026-09-15T05:38:05Z	2026-09-15T05:42:21Z	1
34932875241	pull_request	completed	success	flywheel-FLY-2519	aaf54f5911a1f2b1be63425a5089735d6f98c0b2	2026-09-15T05:28:27Z	2026-09-15T05:45:31Z	1
34932504202	pull_request	completed	cancelled	flywheel-FLY-2519	f4b4e193ba26c2f702c115c4fcb992f28164943d	2026-09-15T05:22:56Z	2026-09-15T05:28:46Z	1
34932296591	pull_request	completed	success	flywheel-FLY-2567	7c33f205abd25ff19c3ec203cc20a697b3dc0810	2026-09-15T05:19:52Z	2026-09-15T05:35:38Z	1
34931517532	pull_request	completed	cancelled	flywheel-FLY-2519	9f9c03667219e1b9193578abc9c0d90b6e56d6ca	2026-09-15T05:08:07Z	2026-09-15T05:23:23Z	1
34931493353	pull_request	completed	success	flywheel-FLY-2573	6aed141b48b0a941c8e90e43c8fbb5b72d35d3c4	2026-09-15T05:07:47Z	2026-09-15T05:23:28Z	1
34931469236	pull_request	completed	success	flywheel-FLY-2560	d800348e5535b02543c045967a43b3f634eabc84	2026-09-15T05:07:23Z	2026-09-15T05:24:14Z	1
34930610922	pull_request	completed	cancelled	flywheel-FLY-2573	c44a26a13373504d7245df5c5b7ba86c736d7757	2026-09-15T04:54:11Z	2026-09-15T05:08:04Z	1
34930383686	pull_request	completed	success	flywheel-FLY-2567	042c89ad7afcfc67abf117414f488106d5339ff5	2026-09-15T04:50:37Z	2026-09-15T05:06:18Z	1
34930318367	pull_request	completed	success	flywheel-FLY-2519	7a97dc86cf684257a6dee6e78d009dc4236f0c9e	2026-09-15T04:49:37Z	2026-09-15T05:06:37Z	1
34930052094	pull_request	completed	success	flywheel-FLY-2560	7d5b7ac7e87b033c52c293a3b865129a7530558f	2026-09-15T04:45:27Z	2026-09-15T05:00:52Z	1
34929586949	pull_request	completed	cancelled	flywheel-FLY-2567	7efe6326e1eb48cb02ab5315e55a211e71cd385a	2026-09-15T04:38:10Z	2026-09-15T04:50:57Z	1
34928911415	pull_request	completed	cancelled	flywheel-FLY-2567	d9229e631bd3c992c7abb3e7846b2f51572647bf	2026-09-15T04:27:40Z	2026-09-15T04:38:30Z	1
34928340228	pull_request	completed	failure	flywheel-FLY-2519	b9669e46801f482abfc0a123f63357d7d0d66264	2026-09-15T04:18:47Z	2026-09-15T04:35:25Z	1
34925868602	push	completed	success	main	f022a0a7ee5a4cf42f590cbd0c90b12b84e2c854	2026-09-15T03:40:14Z	2026-09-15T03:58:20Z	1
34925667168	push	completed	cancelled	main	d75d3da0fcdfe734a9439bd8daa3f5b473534d06	2026-09-15T03:36:59Z	2026-09-15T03:40:44Z	1
34924790034	pull_request	completed	success	flywheel-FLY-2519	5a76d42bd1392b3d5886fc1bcb78d4a09ded535f	2026-09-15T03:23:28Z	2026-09-15T03:40:21Z	1
34923914310	pull_request	completed	cancelled	flywheel-FLY-2519	5fc5f4c7ac6e1929fe0577d5a8403dcfd3d4e3ba	2026-09-15T03:09:33Z	2026-09-15T03:23:45Z	1
34922793584	pull_request	completed	success	flywheel-FLY-2562	2d076d2d83372ab552c1099e8b1bc67b89458b26	2026-09-15T02:51:49Z	2026-09-15T03:06:27Z	1
34922379873	pull_request	completed	success	flywheel-FLY-2550	03e4d0f9ae6c0adac56eed6ce98f349afeac3e65	2026-09-15T02:45:14Z	2026-09-15T02:59:52Z	1
34922311073	pull_request	completed	success	flywheel-FLY-2560	02bce6216038c704ab29838a952117bc9d4018c8	2026-09-15T02:44:10Z	2026-09-15T02:58:59Z	1
34921411291	pull_request	completed	success	flywheel-FLY-2519	e585338878de2e4e7a34b1615a86afb557dc913d	2026-09-15T02:30:04Z	2026-09-15T02:46:57Z	1
34921055559	pull_request	completed	success	flywheel-FLY-2550	cd769c4f70be97ac1006fd3076abd0fa274b55ed	2026-09-15T02:24:30Z	2026-09-15T02:41:31Z	1
34920629071	pull_request	completed	success	flywheel-FLY-2557	35036f1c72220a968010f211c36eb79541f21847	2026-09-15T02:17:49Z	2026-09-15T02:33:20Z	1
34920601350	pull_request	completed	success	flywheel-FLY-2553	2bf40c42a544f69c3779c06bc5903a3228d743b1	2026-09-15T02:17:23Z	2026-09-15T02:32:10Z	1
34919202056	pull_request	completed	success	flywheel-FLY-1945	943c28ce74815abaee43e84884675951a4dbcf69	2026-09-15T01:56:00Z	2026-09-15T02:12:43Z	1
34919202104	pull_request	completed	success	flywheel-FLY-1948	59c8900ab6bfdfcbe9c7b44b48712f6703ded82e	2026-09-15T02:16:04Z	2026-09-15T02:30:35Z	2
34919197197	pull_request	completed	success	flywheel-FLY-2557	8fa0e01ddc67528b2a9f05ca8061e38061f931a2	2026-09-15T01:55:56Z	2026-09-15T02:12:45Z	1
34919031532	pull_request	completed	failure	flywheel-FLY-2550	c6c376f021a24a4d50a2b8adbcd85ac23d69b957	2026-09-15T01:53:25Z	2026-09-15T02:10:10Z	1
34918469518	pull_request	completed	success	flywheel-FLY-2560	53426fc313ac7cfa645b71b7807966635b7de95d	2026-09-15T01:44:32Z	2026-09-15T02:02:09Z	1
34917695346	pull_request	completed	cancelled	flywheel-FLY-2560	2fcb11aaf3ad51fdd888d1ddb7eb1c71e38c956c	2026-09-15T01:32:49Z	2026-09-15T01:44:51Z	1
34917491131	pull_request	completed	success	flywheel-FLY-2519	c695ab53df436ea5bec7145a2df9a321f3303945	2026-09-15T01:29:51Z	2026-09-15T01:46:45Z	1
34917213215	pull_request	completed	success	flywheel-FLY-2557	4578952d0ee6f0e2c0b9b2ab3094a15a4f1a23c4	2026-09-15T01:25:42Z	2026-09-15T01:42:32Z	1
34916835167	pull_request	completed	success	flywheel-FLY-2562	b625e941fd9c7b5cb8f06549ac2eabc763351bfa	2026-09-15T01:20:02Z	2026-09-15T01:34:49Z	1
34916422679	push	completed	success	main	6af2b8990e4dc48a587ff4b01ef0f614feef7441	2026-09-15T01:13:42Z	2026-09-15T01:30:39Z	1
34914462447	pull_request	completed	failure	flywheel-FLY-2519	c2de88abb81e7672f84ca3dd16cf947aa8e0985b	2026-09-15T00:45:02Z	2026-09-15T01:02:32Z	1
34913759864	pull_request	completed	success	flywheel-FLY-1948	a996d94d3fadf46dd72a855782c5eb15edee991a	2026-09-15T00:34:45Z	2026-09-15T00:52:02Z	1
34912661606	pull_request	completed	success	flywheel-FLY-2553	5f1a1a72dfd7ce09bb93a52a29ec857092c8c1fc	2026-09-15T00:18:52Z	2026-09-15T00:33:54Z	1
34912276872	pull_request	completed	success	flywheel-FLY-2562	b976ecb4bbc22d7d0877f9fa991dbc94748ad772	2026-09-15T00:13:23Z	2026-09-15T00:28:42Z	1
34912105138	pull_request	completed	cancelled	flywheel-FLY-2562	a5de0b5006ad5b384c72d8686a1b23d86ac42caa	2026-09-15T00:10:59Z	2026-09-15T00:13:57Z	1
34911438317	pull_request	completed	failure	flywheel-FLY-2553	a80bc13b0eb5c62781cd94dc536d6f8ad3b26acf	2026-09-15T00:01:46Z	2026-09-15T00:17:18Z	1
34911091268	pull_request	completed	failure	flywheel-FLY-1948	d93ede70b54c91a9b6556cf54c956621bb338ccc	2026-09-14T23:56:52Z	2026-09-15T00:14:56Z	1
34911089003	pull_request	completed	cancelled	flywheel-FLY-2553	810bbbb7dc3f5db94436226727fdc5ca83d8cfe4	2026-09-14T23:56:49Z	2026-09-15T00:02:30Z	1
34910761777	pull_request	completed	cancelled	flywheel-FLY-1948	e60dea243a71e1be9264f78da23ee1741ac36a94	2026-09-14T23:52:15Z	2026-09-14T23:57:54Z	1
34910340289	pull_request	completed	success	flywheel-FLY-2557	da499769b2f33887e0fadbdd5bb268d17c95ad2e	2026-09-14T23:46:18Z	2026-09-15T00:04:44Z	1
34910206269	pull_request	completed	cancelled	flywheel-FLY-2557	3e185e6c028179c6b175389ac7fc04f262de9372	2026-09-14T23:44:31Z	2026-09-14T23:47:45Z	1
34910095446	pull_request	completed	success	flywheel-FLY-2519	988e7b1549b31721b6803b1820cd36e27535197d	2026-09-14T23:42:58Z	2026-09-14T23:59:14Z	1
34910049178	pull_request	completed	success	flywheel-FLY-1945	2fccdc6cd5d2440de374f17647c7a9b24f58157e	2026-09-14T23:42:17Z	2026-09-14T23:58:25Z	1
34909598096	pull_request	completed	success	flywheel-FLY-2561	1d647d2c842e59550be73d5e1f821146744a2fa2	2026-09-14T23:36:06Z	2026-09-14T23:53:02Z	1
34908956057	pull_request	completed	cancelled	flywheel-FLY-1945	cef1b624f698da2d5d4c4f0955b05efc61869ad4	2026-09-14T23:27:28Z	2026-09-14T23:42:46Z	1
34908884564	pull_request	completed	success	flywheel-FLY-2519	75259a230200cdc602bb3af2b17df49aa0cd85ef	2026-09-14T23:26:33Z	2026-09-14T23:42:01Z	1
34907860983	pull_request	completed	cancelled	flywheel-FLY-1945	9dfc0c6cdd1e3d19e2f0a5dcbb5696ae4cb47187	2026-09-14T23:13:40Z	2026-09-14T23:27:49Z	1
34907636431	pull_request	completed	cancelled	flywheel-FLY-1945	5ded28ea26ca75b5347f704e83695ed72f414788	2026-09-14T23:10:48Z	2026-09-14T23:14:02Z	1
34906441662	pull_request	completed	failure	flywheel-FLY-2561	0f0395ff896f1f75e7c2f4acf9a467ec88a34598	2026-09-14T22:55:28Z	2026-09-14T23:14:06Z	1
34906373380	pull_request	completed	cancelled	flywheel-FLY-2561	6efff2e2596d7f3f4d077bf4b3bee931db9f36c4	2026-09-14T22:54:36Z	2026-09-14T22:56:32Z	1
34905979874	pull_request	completed	success	flywheel-FLY-2413	71a10b1b1c805851c57355a02fdffdb6cce18458	2026-09-14T22:49:30Z	2026-09-14T23:05:29Z	1
34896923189	pull_request	completed	success	flywheel-FLY-2413	8cf78db41f7081c1297ee36b01c2027c4343696f	2026-09-14T21:06:54Z	2026-09-14T21:24:16Z	1
34896707275	pull_request	completed	cancelled	flywheel-FLY-2413	d3d4789970c304b44b50167659c42d8c32993505	2026-09-14T21:04:44Z	2026-09-14T21:08:28Z	1
34896441907	pull_request	completed	cancelled	flywheel-FLY-2413	f4cf8c29cb0b524268baaa4d2a59267ad952cf46	2026-09-14T21:02:02Z	2026-09-14T21:05:16Z	1
34896316051	pull_request	completed	success	flywheel-FLY-2559	6c0759325e1acb8662605a1ab40ed06557f44d5b	2026-09-14T21:00:46Z	2026-09-14T21:16:29Z	1
34895325953	push	completed	success	main	1e6a419cb1d20202696d9eda08781426e0ab5eee	2026-09-14T20:50:33Z	2026-09-14T21:07:01Z	1
34895216216	push	completed	cancelled	main	ff33a3e22e5e75527e5fbf3c5298d68a48fa95d4	2026-09-14T20:49:25Z	2026-09-14T20:51:57Z	1
34895079777	pull_request	completed	success	flywheel-FLY-2519	6ddab1ae86ad88611be4413be2579d92e3d24617	2026-09-14T20:47:59Z	2026-09-14T21:03:22Z	1
34893391375	pull_request	completed	failure	flywheel-FLY-2519	8e182b224316c2ae1ba3ac19f370db474677d08f	2026-09-14T20:31:01Z	2026-09-14T20:46:24Z	1
34890168013	pull_request	completed	success	flywheel-FLY-2554	64c661bdef3b3fee37d4febc0c9b02d30909207e	2026-09-14T19:59:14Z	2026-09-14T20:16:56Z	1
34889960223	pull_request	completed	cancelled	flywheel-FLY-2554	46eb24d1da0fe7ca48e631c313b90464a309882f	2026-09-14T19:57:02Z	2026-09-14T20:00:15Z	1
34889670745	pull_request	completed	success	flywheel-FLY-2555	c4f2bb83dbff4b772c7a832c31002e707eb70775	2026-09-14T19:54:00Z	2026-09-14T20:11:01Z	1
34889528445	pull_request	completed	failure	flywheel-FLY-2519	f42868cd7fcc83258b9ae7e732571dd233c9a7fe	2026-09-14T19:52:34Z	2026-09-14T20:10:16Z	1
34889016136	pull_request	completed	success	flywheel-FLY-2553	5ce2ca41b79b95980ef667c498d9bc9e9ca1e85a	2026-09-14T19:47:23Z	2026-09-14T20:05:14Z	1
34888811511	push	completed	success	main	579c79ed662e49e7799b5d61ccd6d11a00fce3f2	2026-09-14T19:45:24Z	2026-09-14T20:00:13Z	1
34887805474	pull_request	completed	cancelled	flywheel-FLY-2553	5f2308e732f66328b4700c7047a88fb7fd6ab740	2026-09-14T19:35:18Z	2026-09-14T19:48:31Z	1
34886128479	pull_request	completed	cancelled	flywheel-FLY-2555	1bd596f5a6ce94a307d86d7be6fe1b2ec04baa30	2026-09-14T19:50:35Z	2026-09-14T19:54:45Z	2
34884383329	pull_request	completed	failure	flywheel-FLY-2519	fe8a8d99704806418efddf012584b0622b998ff5	2026-09-14T19:01:43Z	2026-09-14T19:18:36Z	1
34883122536	pull_request	completed	cancelled	flywheel-FLY-2519	d9682db795aa9de3e88076ffa5efb79e20027a37	2026-09-14T18:49:09Z	2026-09-14T19:03:05Z	1
34882994435	pull_request	completed	failure	flywheel-FLY-2554	7f2bc902ef08616fef3c24eb7f34b5400a1e773c	2026-09-14T19:09:45Z	2026-09-14T19:20:07Z	2
34882614187	pull_request	completed	cancelled	flywheel-FLY-2519	b9fea9be4767dfbb5b1a1d4a2d4a42f87ac9bdca	2026-09-14T18:44:12Z	2026-09-14T18:49:53Z	1
34880958284	pull_request	completed	success	flywheel-FLY-2556	f160cea0ff003451627db4f23016d4c39a884425	2026-09-14T18:27:54Z	2026-09-14T18:44:46Z	1
34876679969	push	completed	failure	main	f31b75af9c0fa96473ceff0e1bb7036102afca8c	2026-09-14T18:03:45Z	2026-09-14T18:14:15Z	2
34876555767	push	completed	cancelled	main	166e919e0286c805663088b86590df6a756e0159	2026-09-14T17:44:19Z	2026-09-14T17:45:34Z	1
34876435880	push	completed	cancelled	main	66d804a272359e028f58b37f4394ad76264fb014	2026-09-14T17:43:07Z	2026-09-14T17:45:41Z	1
34876330682	push	completed	cancelled	main	035c58bffde0073a8bfcaa0566b84d2c0c435760	2026-09-14T17:42:02Z	2026-09-14T17:44:05Z	1
34876203512	push	completed	cancelled	main	60e431684980221a6c6e0baf4a66c4b7e852d311	2026-09-14T17:40:44Z	2026-09-14T17:42:04Z	1
34876073011	push	completed	cancelled	main	5ef65683acccacfac0d02de96d7409c3c87a048a	2026-09-14T17:39:25Z	2026-09-14T17:42:07Z	1
34875953460	push	completed	cancelled	main	7aa3b7163e50c0542cd3abd5dde7695401295ba9	2026-09-14T17:38:12Z	2026-09-14T17:40:10Z	1
34873669946	push	completed	failure	main	01463e252ac67f449c07f99f635b5e2659539e7b	2026-09-14T17:15:45Z	2026-09-14T17:34:04Z	1
34873482323	push	completed	cancelled	main	ac8982ad5ecefc9666dfcc9a4a720640545315e5	2026-09-14T17:13:58Z	2026-09-14T17:17:18Z	1
34873365300	push	completed	cancelled	main	26246592733119e279707af7f3f318fe18a7b2a3	2026-09-14T17:12:51Z	2026-09-14T17:15:19Z	1
34872181543	push	completed	cancelled	main	7abc86292d92bb418c9623e96f5a9e0eb2f928a9	2026-09-14T17:01:20Z	2026-09-14T17:13:21Z	1
34829042519	pull_request	completed	success	flywheel-FLY-2546	8776f3273fdd1016e19944d7bff9f0a3600b3ca0	2026-09-14T09:55:35Z	2026-09-14T10:12:55Z	2
34829007394	pull_request	completed	cancelled	flywheel-FLY-2546	f08060d3521fa480cb27f9f073abf6d686211d8f	2026-09-14T09:38:00Z	2026-09-14T09:38:28Z	1
34828891350	pull_request	completed	success	flywheel-FLY-2548	86b3c5fd76b38c27d8074df4cb1c60aec71cbca1	2026-09-14T10:05:12Z	2026-09-14T10:15:42Z	3
34828516038	pull_request	completed	cancelled	flywheel-FLY-2548	9519680d4b67829908df24fad7cdea36ec5466a4	2026-09-14T09:32:22Z	2026-09-14T09:36:56Z	1
34827996888	pull_request	completed	cancelled	flywheel-FLY-2546	ec98ce7fcacb33a942ab6858efc4c43c8e7d6da4	2026-09-14T09:26:50Z	2026-09-14T09:38:19Z	1
34827257930	pull_request	completed	success	flywheel-FLY-2360	504a341a326a6b914ddb1091e9759d806c2b145f	2026-09-14T09:18:54Z	2026-09-14T09:23:21Z	1
34827197064	pull_request	completed	success	flywheel-FLY-2544	e67c480d9a70472ce6a45dff4105f73b54a59552	2026-09-14T09:36:02Z	2026-09-14T09:46:42Z	2
34823037732	pull_request	completed	success	flywheel-FLY-2496	a20caf400e3c6c2f1cef197437dcea5f9641d242	2026-09-14T08:30:06Z	2026-09-14T08:47:21Z	1
34822373664	pull_request	completed	cancelled	flywheel-FLY-2496	c03f420d7b8b762b7a3bb6a7d1703db2edbe9a17	2026-09-14T08:22:17Z	2026-09-14T08:30:25Z	1
34821874454	pull_request	completed	success	flywheel-FLY-2549	ab5eb193bee3b436510f0622428355dd2b4227fe	2026-09-14T08:16:18Z	2026-09-14T08:33:28Z	1
34821193968	pull_request	completed	success	flywheel-FLY-2542	e6321bcb3a11360e4785eb1a4a4233951490f029	2026-09-14T08:28:26Z	2026-09-14T08:37:43Z	2
34820844552	pull_request	completed	success	flywheel-FLY-2496	0603831301766cf9271ceb9d0c09b393a4019d74	2026-09-14T08:04:24Z	2026-09-14T08:21:00Z	1
34820780760	pull_request	completed	success	flywheel-FLY-2541	76250984fcdd7442bb420a9be37baf4dbd1e36f7	2026-09-14T08:03:39Z	2026-09-14T08:20:38Z	1
34820756544	pull_request	completed	success	flywheel-FLY-2543	4d23eb972082ce04a08913f40e98bea4b5c99150	2026-09-14T08:19:17Z	2026-09-14T08:33:03Z	2
34820407815	pull_request	completed	cancelled	flywheel-FLY-2541	05e8366a957a57b4b730f1cc4e68fa4bbf5fb1d3	2026-09-14T07:59:07Z	2026-09-14T08:04:02Z	1
34820190341	pull_request	completed	success	flywheel-FLY-2399	b1a5fb79341b579e48af052eb259c40523285cc5	2026-09-14T07:56:18Z	2026-09-14T08:14:34Z	1
34819476915	pull_request	completed	success	flywheel-FLY-2467	688c1e99c7d0ecddaf9b96c5d740d991bdd4da33	2026-09-14T08:42:50Z	2026-09-14T08:56:25Z	4
34818816783	push	completed	success	main	14866f7e5551e3aeafab18b58577df70492b7c73	2026-09-14T07:38:46Z	2026-09-14T07:54:15Z	1
34817815453	push	completed	cancelled	main	fd9e3064d37632e4d7cdab67ce612d3b65107e71	2026-09-14T07:25:46Z	2026-09-14T07:39:05Z	1
34816338950	pull_request	completed	failure	flywheel-FLY-2244	8c323fa17b9dbfc2f6f905f4078d027bce4de775	2026-09-14T07:06:54Z	2026-09-14T07:24:12Z	1
34816222620	pull_request	completed	cancelled	flywheel-FLY-2244	17290490d2245d2a8e9f76f0171cdae08757bf14	2026-09-14T07:05:23Z	2026-09-14T07:07:13Z	1
34811606684	pull_request	completed	failure	flywheel-FLY-2467	3cb6a0a6e41d1f9d2639ad1e75d3ff21652338d3	2026-09-14T05:59:20Z	2026-09-14T06:16:17Z	1
34809960905	pull_request	completed	failure	flywheel-FLY-2467	93205dec7e751da098d21b7e87e9e15df2ae64bb	2026-09-14T05:31:43Z	2026-09-14T05:48:36Z	1
34809758763	pull_request	completed	success	flywheel-FLY-2496	4d1160a5e9693064fe4ed83f8ac534229ce93fd7	2026-09-14T05:58:05Z	2026-09-14T06:09:17Z	3
34809207824	pull_request	completed	cancelled	flywheel-FLY-2496	01c2b2860b72e107f6fcf061a71d61553bcfe866	2026-09-14T05:19:18Z	2026-09-14T05:28:42Z	1
34809111107	pull_request	completed	cancelled	flywheel-FLY-2467	c8c890cc1220eebca00daa23c6b8aa60ee46f62e	2026-09-14T05:17:49Z	2026-09-14T05:32:01Z	1
34808122300	pull_request	completed	cancelled	flywheel-FLY-2467	4106dd81738da1a226b177707bbf2d843a209cfd	2026-09-14T05:01:34Z	2026-09-14T05:18:03Z	1
34807851299	pull_request	completed	success	flywheel-FLY-2390	cf4b68837308d319bf5146270350171f49dbc655	2026-09-14T05:14:57Z	2026-09-14T05:29:14Z	2
34807617806	pull_request	completed	success	flywheel-FLY-2496	da185f8dc408159b7cf66a4804b5a48dd66bd144	2026-09-14T04:52:41Z	2026-09-14T05:08:59Z	1
34806769957	push	completed	success	main	e551e320ba71093276199afa21e2445a7b9974ea	2026-09-14T04:37:57Z	2026-09-14T04:54:42Z	1
34806683868	push	completed	cancelled	main	31979aa94e6bfac87bf596d90360a65fe7b1adf8	2026-09-14T04:36:32Z	2026-09-14T04:38:17Z	1
34806606638	push	completed	cancelled	main	38b8f9cfce488db3f6dc6b3e836520949e307824	2026-09-14T04:35:15Z	2026-09-14T04:36:52Z	1
34802927701	pull_request	completed	success	flywheel-FLY-2399	4a869fcbaf21120d698cd7cebff396af0554ba6a	2026-09-14T03:59:00Z	2026-09-14T04:10:33Z	3
34802401554	pull_request	completed	success	flywheel-FLY-2390	e6ebca81cf253fb1e84ca93e00adb29ec6a235c6	2026-09-14T03:39:56Z	2026-09-14T03:53:58Z	2
34801838159	pull_request	completed	success	flywheel-FLY-1956	8283b9a43bd7e75632b882b8504a0de5951c96e0	2026-09-14T03:43:36Z	2026-09-14T03:54:10Z	3
34801819355	pull_request	completed	success	flywheel-FLY-2490	6779c8b3cc1ac8b80b2dbb00cc642e5323b4075c	2026-09-14T03:12:53Z	2026-09-14T03:30:07Z	1
34801435161	push	completed	failure	main	573159a159192f9eb1c32911880954fb58857f83	2026-09-14T03:06:34Z	2026-09-14T03:23:23Z	1
34801354253	push	completed	cancelled	main	7f2c7a51dcbd9c08f805eb138490c55ecf664a38	2026-09-14T03:05:10Z	2026-09-14T03:06:55Z	1
34801286443	push	completed	cancelled	main	c2820ba3c0b5f79185172463e046ef384cbeb728	2026-09-14T03:03:59Z	2026-09-14T03:05:30Z	1
34801225753	pull_request	completed	cancelled	flywheel-FLY-1956	8a12ca729884f189e2fb5d054b348caa1d3ee4e9	2026-09-14T03:02:53Z	2026-09-14T03:13:31Z	1
34801135799	pull_request	completed	cancelled	flywheel-FLY-1956	c422d8c1d48b9a3624943ca8714337b9131ea1a8	2026-09-14T03:01:13Z	2026-09-14T03:03:15Z	1
34800774965	pull_request	completed	failure	flywheel-FLY-2390	5e4cb6619d2481ad9321b2527c351c8fab912923	2026-09-14T03:09:03Z	2026-09-14T03:18:23Z	2
34800533857	pull_request	completed	success	flywheel-FLY-2399	da01f4d782e8f86703c45ad87aebc81064f3e490	2026-09-14T02:50:13Z	2026-09-14T03:06:55Z	1
34799908750	pull_request	completed	success	flywheel-FLY-2496	51931efec2884183175861bcd30c3c6936297976	2026-09-14T02:38:48Z	2026-09-14T02:55:32Z	1
34799608312	pull_request	completed	cancelled	flywheel-FLY-2496	fd9d5ab76d39a00a2d254928b673d5de7a5ddc1a	2026-09-14T02:33:29Z	2026-09-14T02:39:07Z	1
34799219632	push	completed	success	main	7ed515939d8470e41aa60da4cddfb25c052f82c4	2026-09-14T02:26:34Z	2026-09-14T02:40:54Z	1
34799185158	pull_request	completed	success	flywheel-FLY-2399	2aca30140c6dee125f67d97745b45baf3e630cc5	2026-09-14T02:25:58Z	2026-09-14T02:41:44Z	1
34799034121	pull_request	completed	success	flywheel-FLY-2538	04fee9fb2acfd8aae36e6df34f4a59898fa6ea89	2026-09-14T02:23:13Z	2026-09-14T02:38:53Z	1
34798964590	pull_request	completed	success	flywheel-FLY-2361	c1d483521c957bdf9ca5ebfda4fb264cc7653850	2026-09-14T02:39:49Z	2026-09-14T02:50:06Z	2
34798580457	push	completed	cancelled	main	0c923c697c4de13d26c7eb309dcd0c3de3b9a384	2026-09-14T02:15:05Z	2026-09-14T02:26:52Z	1
34798494059	push	completed	cancelled	main	7b86833104c89d725b3a8e12f55c1c8334d2017e	2026-09-14T02:13:34Z	2026-09-14T02:15:24Z	1
34798410971	push	completed	cancelled	main	20b5f7ff3007591049d96bed3ac3956840a4c0bf	2026-09-14T02:12:08Z	2026-09-14T02:13:56Z	1
34798384945	pull_request	completed	failure	flywheel-FLY-2496	ee351fc76100b9507211da7aee2e98653a8d297c	2026-09-14T02:11:41Z	2026-09-14T02:26:52Z	1
34798334593	push	completed	cancelled	main	8cafea6248334ba8efbfc0a4c69c045655f83850	2026-09-14T02:10:49Z	2026-09-14T02:12:30Z	1
34798261037	push	completed	cancelled	main	f9d3c949988fab32c01059a0ba44925a164886e0	2026-09-14T02:09:37Z	2026-09-14T02:11:11Z	1
34797966606	pull_request	completed	success	flywheel-FLY-2392	74038bbbfc1764cda9b7716fc96fc50ac6b56751	2026-09-14T02:04:24Z	2026-09-14T02:21:06Z	1
34797896224	pull_request	completed	cancelled	flywheel-FLY-2496	9989c6899bef58aa08de9db3a86eb9194a9a204b	2026-09-14T02:03:07Z	2026-09-14T02:12:00Z	1
34797264022	pull_request	completed	cancelled	flywheel-FLY-2392	504c6c090dd448ae7e818b60e9eaf16f9b3cff10	2026-09-14T01:51:33Z	2026-09-14T02:04:42Z	1
34797174919	pull_request	completed	failure	flywheel-FLY-2538	e307d04802e61595a1fa16d284208061f90b4c69	2026-09-14T01:49:52Z	2026-09-14T02:06:37Z	1
34796539262	pull_request	completed	failure	flywheel-FLY-2392	613fd96a15e3bf2517e9ea9c59bf5d922b1853d6	2026-09-14T01:37:49Z	2026-09-14T01:50:59Z	1
34791431933	pull_request	completed	success	flywheel-FLY-2533	fe0f4a6549ce60b541d1b964e8a383088e2f9740	2026-09-14T00:02:59Z	2026-09-14T00:18:08Z	1
34791112638	pull_request	completed	success	flywheel-FLY-2508	83f871330c67c7df90665b6bfe41f13efa044e79	2026-09-13T23:56:17Z	2026-09-14T00:11:56Z	1
34790408140	pull_request	completed	failure	flywheel-FLY-2533	03b82adb8edb9f8cb2d809968929c0fff424e01b	2026-09-13T23:41:01Z	2026-09-13T23:56:45Z	1
34790012293	pull_request	completed	cancelled	flywheel-FLY-2533	ffc000392b933938f4538da2f7b7afa1257d8281	2026-09-13T23:32:51Z	2026-09-13T23:41:20Z	1
34789822167	pull_request	completed	cancelled	flywheel-FLY-2533	c62c77846173de45e85a9f8d863a952086a68d54	2026-09-13T23:28:59Z	2026-09-13T23:33:10Z	1
34788846119	pull_request	completed	success	flywheel-FLY-2362	6baf6461f779d47ab5e50831162afef0054a8446	2026-09-13T23:08:47Z	2026-09-13T23:12:21Z	1
34788560665	pull_request	completed	success	flywheel-FLY-2361	d1b585e4905a05c2ac355f09f870a468e2745b13	2026-09-13T23:03:13Z	2026-09-13T23:20:41Z	1
34788544731	pull_request	completed	success	flywheel-FLY-2530	12eaaebc22f0d8e956617efc2194963bc6daaa06	2026-09-13T23:02:55Z	2026-09-13T23:23:07Z	1
34788532010	pull_request	completed	success	flywheel-FLY-2363	d17813354029c2e420400189115907ae8d65f0ee	2026-09-13T23:19:37Z	2026-09-13T23:30:23Z	2
34788457204	pull_request	completed	success	flywheel-FLY-2490	c57b9387c742544f855e8848f6ae46fc1bc14d55	2026-09-13T23:34:30Z	2026-09-13T23:44:42Z	3
34788157403	pull_request	completed	cancelled	flywheel-FLY-2530	e11d6415bb49db91c7eaf5b4b04ccdb18278b219	2026-09-13T22:54:40Z	2026-09-13T23:03:15Z	1
34788131490	pull_request	completed	cancelled	flywheel-FLY-2362	6ac8202857346591d3d31d4c1fe5de4bc7a40d33	2026-09-13T22:54:03Z	2026-09-13T23:09:03Z	1
34787991985	pull_request	completed	success	flywheel-FLY-2534	d5ee2597c3b44e36362c0ea9ce5b42d456741e4a	2026-09-13T22:51:00Z	2026-09-13T23:07:33Z	1
34787808890	pull_request	completed	cancelled	flywheel-FLY-2534	0fb685da6c2f18b01284963d2748f16f1895322b	2026-09-13T22:47:10Z	2026-09-13T22:51:19Z	1
34787798235	pull_request	completed	success	flywheel-FLY-2448	6112b1478e37af1ce75a065c985d76e0fa98e85e	2026-09-13T22:46:58Z	2026-09-13T22:51:27Z	1
34786751399	pull_request	completed	success	flywheel-FLY-2390	6aab03408d6bc83993fd04004d1840e5c4e4bf90	2026-09-13T23:06:19Z	2026-09-13T23:18:20Z	3
34786672589	pull_request	completed	success	flywheel-FLY-2505	8bf2ab1d37014a89f2f3ddff3ba865b437d60d97	2026-09-13T22:23:57Z	2026-09-13T22:38:32Z	1
34786299982	push	completed	success	main	26ebc4931ba41e0a626ee14075f6de5359815ab5	2026-09-13T22:16:30Z	2026-09-13T22:33:13Z	1
34786183752	push	completed	cancelled	main	8eb581d5b4b353936e3716797b3184ed386dc7f7	2026-09-13T22:14:19Z	2026-09-13T22:16:49Z	1
34786116729	push	completed	cancelled	main	9713de9e541df18877eff97462717aec97d1bf25	2026-09-13T22:13:01Z	2026-09-13T22:14:39Z	1
34717954929	pull_request	completed	success	flywheel-FLY-2517	10bd6554909c6e190be2e0650dda94a4cf96164c	2026-09-12T21:02:57Z	2026-09-12T21:17:01Z	2
34716014193	push	completed	failure	main	4bad8ae269cf96a1858f788ff0977b578f08d176	2026-09-12T20:04:35Z	2026-09-12T20:19:03Z	1
34715471247	push	completed	cancelled	main	d953f15f3617ca3e9c759c16319c882f4757fbce	2026-09-12T19:53:24Z	2026-09-12T20:04:55Z	1
34715417996	push	completed	cancelled	main	6936439919b228a105604f97da625f2741fd5c15	2026-09-12T19:52:15Z	2026-09-12T19:54:13Z	1
34710684398	pull_request	completed	success	flywheel-FLY-2520	03e31662028e7b9a8c09bbb4261e43c0991229bf	2026-09-12T18:16:23Z	2026-09-12T18:32:19Z	1
34709748871	pull_request	completed	failure	flywheel-FLY-2520	45dcaef35f23e0f235f8cfe57c7f10b5fa82a314	2026-09-12T17:57:32Z	2026-09-12T18:13:22Z	1
34659937953	pull_request	completed	success	flywheel-FLY-2490	8722a5be2b6712e11c1f80fa0068342577b50c04	2026-09-11T23:57:15Z	2026-09-12T00:12:26Z	1
34652446747	pull_request	completed	success	flywheel-FLY-2517	79ba4d587f88bb4e16152ee14ba452f125c25fe2	2026-09-11T22:05:45Z	2026-09-11T22:21:22Z	1
34651344968	pull_request	completed	cancelled	flywheel-FLY-2517	4321dc5d7bfd9e2b807bfcafefa912adce835da8	2026-09-11T21:51:11Z	2026-09-11T22:06:03Z	1
34647117246	pull_request	completed	success	flywheel-FLY-2459	d22978baa799a2c3ec43cdd63af655d06912ae95	2026-09-11T21:16:18Z	2026-09-11T21:25:15Z	2
34646596293	pull_request	completed	success	flywheel-FLY-2490	528950ec4ab07c0e67b81ffe65112c35034394f5	2026-09-11T20:53:41Z	2026-09-11T21:09:56Z	1
34646271434	pull_request	completed	success	flywheel-FLY-2478	668f7c9322942786cbd3989eb94ea8e3a77a28c1	2026-09-11T21:06:29Z	2026-09-11T21:17:06Z	2
34645477308	pull_request	completed	success	flywheel-FLY-2459	a34478e97289e66138294c47bd3aefe5c7feb214	2026-09-11T20:40:42Z	2026-09-11T20:57:06Z	1
34645196609	pull_request	completed	success	flywheel-FLY-2393	e3e2c7da3d4dcc9cab380eb52698a07927c4d452	2026-09-11T20:37:26Z	2026-09-11T20:53:40Z	1
34645126939	pull_request	completed	failure	flywheel-FLY-2490	0c0c5d7afb3a26d9dfcb2287d4523e59aa4adf8d	2026-09-11T20:36:38Z	2026-09-11T20:52:48Z	1
34644966109	pull_request	completed	success	flywheel-FLY-2244	d1466d9d9c2e52d2c3096659ddcf317cf81d6306	2026-09-11T20:34:48Z	2026-09-11T20:52:10Z	1
34644600232	pull_request	completed	cancelled	flywheel-FLY-2244	b059ec30d85b9168bd8c3dc4532a0d6dbdbbca1e	2026-09-11T20:30:41Z	2026-09-11T20:35:54Z	1
34644442223	pull_request	completed	cancelled	flywheel-FLY-2244	e33d72941f0170c56b99e54ddd08d5e706c3053e	2026-09-11T20:28:58Z	2026-09-11T20:32:08Z	1
34642170934	pull_request	completed	success	flywheel-FLY-2478	57014945f25fdbc4db8b961576ddf4410a9ed08a	2026-09-11T20:03:40Z	2026-09-11T20:20:40Z	1
34641753509	pull_request	completed	success	flywheel-FLY-2520	8ff9e3302c56afe783de59ebf84030b41defada2	2026-09-11T19:59:07Z	2026-09-11T20:15:33Z	1
34641118413	pull_request	completed	cancelled	flywheel-FLY-2478	d650231fa1720d18d014eedfd1905b2171a78031	2026-09-11T19:51:48Z	2026-09-11T20:04:32Z	1
34641021531	pull_request	completed	success	flywheel-FLY-2498	5cdd80145d5daf9384d572bee2e1a8be797d482e	2026-09-11T19:50:42Z	2026-09-11T20:07:43Z	1
34640893505	pull_request	completed	success	flywheel-FLY-2390	10be80c8813e03e1542bb912839e6e141ce7978c	2026-09-11T19:49:18Z	2026-09-11T20:05:36Z	1
34639896269	pull_request	completed	cancelled	flywheel-FLY-2498	c58b1107ea63f6160cbc79b5197e21f1173bc98d	2026-09-11T19:38:11Z	2026-09-11T19:51:25Z	1
34639792611	pull_request	completed	cancelled	flywheel-FLY-2478	e4a2e691edbcd3e3e78d67059ae2e9e396caf087	2026-09-11T19:37:00Z	2026-09-11T19:52:48Z	1
34639078337	pull_request	completed	failure	flywheel-FLY-2390	502ed674178178d8dbaf6c4a80ab81eb06c3c47b	2026-09-11T19:29:04Z	2026-09-11T19:45:14Z	1
34630751249	pull_request	completed	success	flywheel-FLY-2390	3de861cd69f116bad262f7b2771da86f8decf793	2026-09-11T17:59:23Z	2026-09-11T18:15:29Z	1
34630186233	pull_request	completed	success	flywheel-FLY-2505	20ede061cba9d5972598d2e06b2eb963cc433114	2026-09-11T17:53:09Z	2026-09-11T18:07:54Z	1
34629676092	push	completed	success	main	ca869ad6d638cf9aec34f0ed321a20bd1e6c4c09	2026-09-11T17:47:34Z	2026-09-11T18:02:49Z	1
34629555889	push	completed	cancelled	main	0c0d9252af4eb15a068e3b4f8e36e7040b827028	2026-09-11T17:46:15Z	2026-09-11T17:47:47Z	1
34629368462	push	completed	cancelled	main	fda17444f312ebeea6ae607be94f70188268ee22	2026-09-11T17:44:18Z	2026-09-11T17:47:29Z	1
34614686419	pull_request	completed	success	flywheel-FLY-2399	89ba5dfb9bbb31f38450b2ab975adcdf088cd6c9	2026-09-11T15:11:55Z	2026-09-11T15:26:31Z	1
34608738421	pull_request	completed	success	flywheel-FLY-2399	44b17c33bc92ee65be56fe7dc785ba936e605242	2026-09-11T14:12:19Z	2026-09-11T14:29:01Z	1
34606157483	pull_request	completed	cancelled	flywheel-FLY-2399	dfb394214048202b179963a81aa9224cdb9c3b14	2026-09-11T14:02:42Z	2026-09-11T14:13:02Z	2
34598345963	pull_request	completed	success	flywheel-FLY-2399	a4d8c0b051e019ec27660bb69712ec4a0959d2df	2026-09-11T12:19:41Z	2026-09-11T12:35:32Z	1
34596676522	pull_request	completed	failure	flywheel-FLY-2399	87aab52be0f6d526b7f02585292561f56aafbd64	2026-09-11T11:59:37Z	2026-09-11T12:14:16Z	1
34596290305	pull_request	completed	cancelled	flywheel-FLY-2399	66e5d4c87a2921a418d0064bc84b597cf3ad0f84	2026-09-11T11:54:39Z	2026-09-11T11:59:57Z	1
34594328858	pull_request	completed	success	flywheel-FLY-2459	ec6921379110965f3aac99918e72f04d23d08ddc	2026-09-11T11:30:07Z	2026-09-11T11:46:10Z	1
34592040517	pull_request	completed	failure	flywheel-FLY-2459	ebf8fc50dea5b645424a21d642836c13c9b89f3d	2026-09-11T11:01:41Z	2026-09-11T11:15:31Z	1
34590690444	pull_request	completed	failure	flywheel-FLY-2459	53fefb6fd50cac8192e0a3fad935add09ba12404	2026-09-11T10:44:39Z	2026-09-11T11:00:38Z	1
34587311019	pull_request	completed	success	flywheel-FLY-1942	2e79eb0d6ff2133b837e455e2808e6b97501b7be	2026-09-11T10:03:31Z	2026-09-11T10:20:09Z	1
34586197463	pull_request	completed	cancelled	flywheel-FLY-1942	75cfaf5056457189936208e6f00c6b15cf79b0c0	2026-09-11T09:50:07Z	2026-09-11T10:03:49Z	1
34584879340	pull_request	completed	cancelled	flywheel-FLY-1942	6e08792f47ad36404c702e6438b8b39416fe449f	2026-09-11T09:34:17Z	2026-09-11T09:50:13Z	1
34582178324	pull_request	completed	success	flywheel-FLY-1942	034aedfa52032b76f40e557dd7877fc384f21f5f	2026-09-11T09:02:39Z	2026-09-11T09:20:01Z	1
34580766865	pull_request	completed	failure	flywheel-FLY-1942	0f0cbb84fbfdb7f6e8081e408df3334ed7661108	2026-09-11T08:45:38Z	2026-09-11T08:59:43Z	1
34579804021	pull_request	completed	success	flywheel-FLY-2505	9fcfd8f17929d0596fb8444df9df8b088f0ffd21	2026-09-11T08:33:51Z	2026-09-11T08:48:21Z	1
34577659925	pull_request	completed	success	flywheel-FLY-2244	17f59e7cc9d98d2a2e6d7013653d0518ee9c3c99	2026-09-11T08:07:45Z	2026-09-11T08:22:48Z	1
34577316344	pull_request	completed	cancelled	flywheel-FLY-2244	703c8b1ceb82b461c7c50d8bc400ef32946bf139	2026-09-11T08:03:40Z	2026-09-11T08:08:06Z	1
34576601341	pull_request	completed	success	flywheel-FLY-2505	ed5c431f29ca76a63cf67f94d80909aab4651d40	2026-09-11T07:54:36Z	2026-09-11T08:10:28Z	1
34575980111	pull_request	completed	success	flywheel-FLY-2393	41c1faf448eecc423bf0f14835aa974cd98d83f2	2026-09-11T07:46:40Z	2026-09-11T08:02:40Z	1
34569822999	pull_request	completed	success	flywheel-FLY-1949	8596887282e5c902acba2860f478677a219823d4	2026-09-11T06:25:01Z	2026-09-11T06:39:54Z	1
34569645030	pull_request	completed	success	flywheel-FLY-2509	05ab219101ad1449ab1ca2b2e3ae732e3da81e55	2026-09-11T06:22:27Z	2026-09-11T06:36:32Z	1
34569271515	pull_request	completed	cancelled	flywheel-FLY-2509	9e3371bd9ac022b45d8f4dc078acdf6c73a8943a	2026-09-11T06:16:58Z	2026-09-11T06:22:47Z	1
34568815199	pull_request	completed	success	flywheel-FLY-2390	d1e909df3d91152495280816343f05b111f7022f	2026-09-11T06:10:18Z	2026-09-11T06:25:48Z	1
34567571689	push	completed	success	main	bece7de15102c45b376eb2df4cc85eeb55b85e62	2026-09-11T05:51:25Z	2026-09-11T06:05:43Z	1
34567497598	push	completed	cancelled	main	980e987c5471809af40c2657732d55f88dafbd45	2026-09-11T05:50:16Z	2026-09-11T05:51:45Z	1
34567422602	push	completed	cancelled	main	a3fe74a8589d531820d35828c585214ca4ed6d02	2026-09-11T05:49:08Z	2026-09-11T05:50:35Z	1
34567369055	pull_request	completed	failure	flywheel-FLY-2390	db4c164ecfb5eb458cf5d06783fd12a1393fd56d	2026-09-11T05:48:16Z	2026-09-11T06:03:59Z	1
34567348478	push	completed	cancelled	main	bca7410da2527d4374226a74160b1a6385ef7e00	2026-09-11T05:47:57Z	2026-09-11T05:49:27Z	1
34567341147	pull_request	completed	cancelled	flywheel-FLY-2390	6588b8a57317e61d6bca818fd07d4c2da5b0a83e	2026-09-11T05:47:50Z	2026-09-11T05:48:20Z	1
34567152429	pull_request	completed	cancelled	flywheel-FLY-2390	1cda76b27037709e6ec534fecd20e53d62592864	2026-09-11T05:44:55Z	2026-09-11T05:48:11Z	1
34565836468	pull_request	completed	failure	flywheel-FLY-2390	820fc9af29700da1d9a235f8047b80b2c31a737f	2026-09-11T05:24:26Z	2026-09-11T05:40:49Z	1
34564164988	pull_request	completed	failure	flywheel-FLY-2390	bd8426c59796c448d545fd91710f613c1d144dfc	2026-09-11T04:58:11Z	2026-09-11T05:11:46Z	1
34562019841	pull_request	completed	success	flywheel-FLY-2504	2f67c983fd9640dbdfd3d4267f17457d5a024a44	2026-09-11T04:23:30Z	2026-09-11T04:40:14Z	1
34561240560	pull_request	completed	cancelled	flywheel-FLY-2504	5dd5239c8c30c5d9bec15ce839c647bfdb50613c	2026-09-11T04:11:10Z	2026-09-11T04:23:49Z	1
34560276250	pull_request	completed	success	flywheel-FLY-2504	f75b9e09f935914a324533f7fb6b231f838f8e86	2026-09-11T03:55:37Z	2026-09-11T04:09:27Z	1
34556905533	pull_request	completed	success	flywheel-FLY-2507	ad88d4d933cc19d8e36cb24ed1014bf499464763	2026-09-11T03:02:19Z	2026-09-11T03:18:01Z	1
34555742382	pull_request	completed	success	flywheel-FLY-2507	91bbfb31f31f73fb5af507d69af269bf8e551637	2026-09-11T02:43:58Z	2026-09-11T03:00:00Z	1
34555167142	pull_request	completed	success	flywheel-FLY-2471	188d41ded0e413d9fc05b65e7c16ce2e1433eaac	2026-09-11T02:50:45Z	2026-09-11T03:04:48Z	2
34553536738	pull_request	completed	success	flywheel-FLY-2506	19bff51818aec65af7b6e1e35e88c2b17889c81a	2026-09-11T02:09:44Z	2026-09-11T02:25:45Z	1
34547603827	push	completed	failure	main	d964e9fcada02a0006b54337b28382ce474dab3e	2026-09-11T00:42:05Z	2026-09-11T00:57:32Z	1
34544771379	pull_request	completed	success	flywheel-FLY-2483	0d88c9b46c97116967e46cbcedb82446b5f7cd9a	2026-09-11T00:02:33Z	2026-09-11T00:18:10Z	1
34543229725	pull_request	completed	success	flywheel-FLY-2483	8dd6bbbe251f2e2ce26e8af9cfbae4c0c3aa3db0	2026-09-10T23:40:57Z	2026-09-10T23:54:52Z	1
34542674909	push	completed	success	main	92532e22a85e5da7a89dd1162a7647f1330356ad	2026-09-10T23:33:24Z	2026-09-10T23:50:39Z	1
34542399293	push	completed	cancelled	main	9650d3361032ec1320dcf20fb7add0950dc4c5d5	2026-09-10T23:29:48Z	2026-09-10T23:34:57Z	1
34542322009	push	completed	cancelled	main	85b33d835a6fbfe71cd634c873e3d5e085b7d0af	2026-09-10T23:28:40Z	2026-09-10T23:30:33Z	1
34537610642	pull_request	completed	success	flywheel-FLY-2485	fd0f20d78887517a923ef9ff35dada77dcea0d5c	2026-09-10T22:28:23Z	2026-09-10T22:43:52Z	1
34537324820	pull_request	completed	success	flywheel-FLY-2483	7ec14bbe8131b5c64f1a48ed47dd45529837446d	2026-09-10T22:24:58Z	2026-09-10T22:40:49Z	1
34535567532	push	completed	success	main	977660ab3144374eb9dcd6de8100caae518cfdb3	2026-09-10T22:04:32Z	2026-09-10T22:20:14Z	1
34532292552	push	completed	success	main	882863a295f9b355a4b20b822f6f99761a3bd684	2026-09-10T21:27:32Z	2026-09-10T21:42:54Z	1
34522375481	pull_request	completed	success	flywheel-FLY-2456	517b58a74b835e7e098884fc8f4e9fcbe298cdc7	2026-09-10T19:46:23Z	2026-09-10T20:02:40Z	1
34515641779	pull_request	completed	success	flywheel-FLY-2456	8bb5835c6b06ee2064ede17a639e919cb51f8d1b	2026-09-10T18:39:09Z	2026-09-10T18:55:16Z	1
34513943250	pull_request	completed	success	flywheel-FLY-2456	3827fb8b851c767b675df15fb49bfed0b2d8157c	2026-09-10T18:22:39Z	2026-09-10T18:38:29Z	1
34485972466	pull_request	completed	success	flywheel-FLY-2456	7b20ab2163bd2e5a2b6bcc79381e92f55d04aa49	2026-09-10T13:58:04Z	2026-09-10T14:15:03Z	1
34484458495	pull_request	completed	cancelled	flywheel-FLY-2456	67af0340d90ec836b74e30076db936267a641c07	2026-09-10T13:43:45Z	2026-09-10T13:59:00Z	1
34484213168	pull_request	completed	cancelled	flywheel-FLY-2456	f77be7e76ff56f134bf1582515c2ca30f5fc49f0	2026-09-10T13:41:25Z	2026-09-10T13:44:35Z	1
34481068035	pull_request	completed	success	flywheel-FLY-2456	1c5932b33e51fd159989a98d6bcce42c3f69b88d	2026-09-10T13:27:56Z	2026-09-10T13:36:41Z	2
34475491020	pull_request	completed	success	flywheel-FLY-2456	5f38f953a0196f850fbd93bc461c946191fbf4d7	2026-09-10T12:30:50Z	2026-09-10T12:40:22Z	2
34475342154	pull_request	completed	success	flywheel-FLY-2484	4a58846a97d7f1ac53acb211782fae7f364a9411	2026-09-10T12:11:38Z	2026-09-10T12:27:34Z	1
34469003128	pull_request	completed	success	flywheel-FLY-2484	cef15b9cef5de2a04d1b62453f8a66b5b063c40a	2026-09-10T11:00:26Z	2026-09-10T11:17:31Z	1
34468907713	pull_request	completed	success	flywheel-FLY-2456	f51aa8710715eb18632468adadd08359c4dc0738	2026-09-10T10:59:21Z	2026-09-10T11:15:33Z	1
34467921760	pull_request	completed	cancelled	flywheel-FLY-2456	1f4334750aa0f12cd96c3f8eea27a224e64736d8	2026-09-10T10:47:47Z	2026-09-10T10:59:39Z	1
34467724619	pull_request	completed	cancelled	flywheel-FLY-2484	035c06f06811f70645ba79bfa9508568b2513cd5	2026-09-10T10:45:31Z	2026-09-10T11:01:12Z	1
34464730435	pull_request	completed	success	flywheel-FLY-2456	2a709cd52bdccb77e574bea7914c49f655070c5f	2026-09-10T10:11:20Z	2026-09-10T10:26:34Z	1
34463716638	pull_request	completed	cancelled	flywheel-FLY-2456	3b0104e1e1367384b091eac1b803a9c203cdf3bb	2026-09-10T10:00:12Z	2026-09-10T10:12:07Z	1
34461715247	pull_request	completed	failure	flywheel-FLY-2456	2fe2c3e0024c031af9a432a24e2dc541c8bcb935	2026-09-10T09:38:07Z	2026-09-10T09:52:11Z	1
34458508601	pull_request	completed	failure	flywheel-FLY-2456	1c2aa9f83f96f64b80691bc96b98113fca43bce3	2026-09-10T09:03:16Z	2026-09-10T09:17:48Z	1
34454504261	pull_request	completed	success	flywheel-FLY-2485	0e4d4ddd54016035bd7eef6b2beffe9c54b3f652	2026-09-10T08:19:06Z	2026-09-10T08:35:01Z	1
34453562457	push	completed	success	main	d6cda1fc13080f9c188cbfc5f354eea5a2c28f65	2026-09-10T08:08:24Z	2026-09-10T08:24:28Z	1
34453443026	push	completed	cancelled	main	a85b1f5800701a109161116e7f7465e8760eb29c	2026-09-10T08:07:04Z	2026-09-10T08:08:29Z	1
34453322515	push	completed	cancelled	main	ce9238a284695c996ce19e76d53897cbaa76b231	2026-09-10T08:05:45Z	2026-09-10T08:08:11Z	1
34453096424	push	completed	cancelled	main	d77c2d074b581168cce81e34349540c0c9e256e3	2026-09-10T08:03:15Z	2026-09-10T08:06:32Z	1
34448358170	pull_request	completed	success	flywheel-FLY-2389	9512cbc779080aa01c7ac1a5dea1da47fd4ee710	2026-09-10T07:06:55Z	2026-09-10T07:22:12Z	1
34447214063	pull_request	completed	success	flywheel-FLY-2483	c0fdf347335731a1e335980b3a1f82ce67b2b688	2026-09-10T06:52:38Z	2026-09-10T07:06:39Z	1
34446300952	pull_request	completed	success	flywheel-FLY-2485	6bcfbc79a6f9ac0a5a4630652075f7ce76be9a3e	2026-09-10T06:40:56Z	2026-09-10T06:56:14Z	1
34445667781	pull_request	completed	success	flywheel-FLY-2107	7358e9c01557e83cbdbef8562e139e6106ab2d17	2026-09-10T06:32:36Z	2026-09-10T06:47:54Z	1
34445400008	pull_request	completed	failure	flywheel-FLY-2483	a57d8c7148f73aef640266aee8054725a264f058	2026-09-10T06:29:09Z	2026-09-10T06:43:39Z	1
34444728527	pull_request	completed	success	flywheel-FLY-2482	9440a091dd9c826a9133496dd907938b39f2aa1b	2026-09-10T06:19:56Z	2026-09-10T06:35:50Z	1
34444094999	pull_request	completed	failure	flywheel-FLY-2107	f4d5860ff7799567e6b91d3b2bbe4d65df99015d	2026-09-10T06:11:00Z	2026-09-10T06:26:25Z	1
34441785145	pull_request	completed	success	flywheel-FLY-2465	ac4c5be4386d2cb2f8ea0c1a8b296a966b398a11	2026-09-10T05:37:00Z	2026-09-10T05:52:04Z	1
34440939840	pull_request	completed	success	flywheel-FLY-2107	a20d47a54babce5e64f95fc6e614b02ff5ba73de	2026-09-10T05:24:27Z	2026-09-10T05:40:29Z	1
34439665539	pull_request	completed	success	flywheel-FLY-2465	cbf8e08e366c6bfaa39a7cc0d4dc8301172355ce	2026-09-10T05:05:13Z	2026-09-10T05:20:43Z	1
34439466162	pull_request	completed	success	flywheel-FLY-2461	d47bfbd810ab98d1e1f8ed568abbdd92ad28722c	2026-09-10T05:02:08Z	2026-09-10T05:17:52Z	1
34436549014	push	completed	success	main	42869f935e7c29cda56ba6b66a9455e3a2663202	2026-09-10T04:16:33Z	2026-09-10T04:31:32Z	1
34436429278	push	completed	cancelled	main	f4e7d2893fbb27d86e6b998879dbd5e1aa637bed	2026-09-10T04:14:50Z	2026-09-10T04:16:54Z	1
34430530100	pull_request	completed	success	flywheel-FLY-2455	6d0b16c08e3b519e9f21b71ac6c56a3b914ff510	2026-09-10T02:43:03Z	2026-09-10T02:59:04Z	1
34429201113	pull_request	completed	success	flywheel-FLY-2453	31ece31e5a0fe894c22f12ab4146e57bf4f32173	2026-09-10T02:22:39Z	2026-09-10T02:38:04Z	1
34428369861	pull_request	completed	success	flywheel-FLY-2457	003309dac51e8fb843b3dafa62ca0a7f636274f2	2026-09-10T02:10:13Z	2026-09-10T02:25:24Z	1
34425599133	pull_request	completed	success	flywheel-FLY-2465	98517150c740ed0bbb5c017ebf16f59034d4a19a	2026-09-10T01:28:13Z	2026-09-10T01:42:38Z	1
34424782331	pull_request	completed	cancelled	flywheel-FLY-2465	3cc7fcc09f0a60d8bf140c40dfd74e92e6ff96a9	2026-09-10T01:16:05Z	2026-09-10T01:28:32Z	1
34423840515	push	completed	success	main	5cbd540f1bfdee28dd474f89ecb1523a4507473b	2026-09-10T01:02:35Z	2026-09-10T01:18:57Z	1
34423747360	push	completed	cancelled	main	4eeaeda510828eb2a862247cedfb9fb00c368eea	2026-09-10T01:01:16Z	2026-09-10T01:02:58Z	1
34423655469	push	completed	cancelled	main	b6c96644a751620f775f3850e8c060a110f7516b	2026-09-10T01:00:04Z	2026-09-10T01:01:37Z	1
34422112556	pull_request	completed	success	flywheel-FLY-2107	ce09045d550b3c44b6cbdd4dace5a6eacf2267c5	2026-09-10T00:53:52Z	2026-09-10T01:01:43Z	2
34421511592	pull_request	completed	success	flywheel-FLY-2465	cc8820926f266c4a994d89333d28d5cf99f6e818	2026-09-10T00:29:30Z	2026-09-10T00:44:34Z	1
