35163763565	pull_request	completed	success	feat/v2-FLY-2642-raya-proactive-v2	b4ae37ef29592a49d54b71860047297bab0f0bae	2026-09-16T23:46:35Z	2026-09-16T23:51:32Z	1
35162507034	push	completed	success	main	a3686d9606de1db1d8304151ae08a87aec186fc0	2026-09-16T23:29:23Z	2026-09-16T23:46:18Z	1
35162478284	pull_request	completed	success	flywheel-FLY-2634	61655426742811c7cb856fe0119a2c6bd6ebe87b	2026-09-16T23:28:58Z	2026-09-16T23:45:39Z	1
35161910192	pull_request	completed	success	flywheel-FLY-2616	95105fccbd8144cd5f414ce75339cdd3cce937b1	2026-09-16T23:38:37Z	2026-09-16T23:50:25Z	2
35160812972	pull_request	completed	success	flywheel-FLY-2632	499a171531ccba61b5c195a48c3694579b97a9e3	2026-09-16T23:06:35Z	2026-09-16T23:23:56Z	1
35158317521	push	completed	success	main	2378a4dcc9ef9eb21a2f71ce78c384e4595cfd1f	2026-09-16T22:34:11Z	2026-09-16T22:50:51Z	1
35157723991	pull_request	completed	success	flywheel-FLY-2551	1bd4469ad3e2e0bfbca6a2ab049e0090b96f4402	2026-09-16T22:44:41Z	2026-09-16T22:48:07Z	2
35153237854	pull_request	completed	success	flywheel-FLY-2632	eb512d3e6e4828dcdf4af19b20303ffa8567b51e	2026-09-16T21:35:37Z	2026-09-16T21:52:16Z	1
35151422945	pull_request	completed	success	flywheel-FLY-2645	dd7fd9d90e02f31ba8b05e40898da6379edcd5d2	2026-09-16T22:59:13Z	2026-09-16T23:15:43Z	7
35151272829	pull_request	completed	failure	flywheel-FLY-2634	0e1424a703c70283dc86a31476957ebc2034ff78	2026-09-16T21:14:42Z	2026-09-16T21:32:25Z	1
35151188689	pull_request	completed	cancelled	flywheel-FLY-2634	74d77f0fc953c25d0a5c5e2f8c835588eee886bf	2026-09-16T21:13:49Z	2026-09-16T21:15:48Z	1
35151184213	pull_request	completed	failure	flywheel-FLY-2551	c03058ef0726173285bbd06f1e2eefd499541cc6	2026-09-16T21:13:46Z	2026-09-16T21:30:49Z	1
35148695706	pull_request	completed	failure	flywheel-FLY-2551	4fe07d9ae604531a14248c4981eecfc17ee2f768	2026-09-16T20:47:48Z	2026-09-16T21:06:26Z	1
35148448636	pull_request	completed	success	flywheel-FLY-2644	3b8385af6767b3bb8c8afabba4e3302e5117ce52	2026-09-16T20:45:19Z	2026-09-16T21:03:16Z	1
35148360641	pull_request	completed	cancelled	flywheel-FLY-2644	f3764280a2594a5952178e79e4820b608fd38392	2026-09-16T20:44:26Z	2026-09-16T20:46:43Z	1
35148076676	pull_request	completed	success	flywheel-FLY-2606	01a04b7f68259c80b0d56545b73276143d3f391e	2026-09-16T20:41:39Z	2026-09-16T20:59:22Z	1
35147388796	pull_request	completed	success	flywheel-FLY-2616	07d4c39c20b2155a655b7affa04135e8b3e0b243	2026-09-16T20:34:45Z	2026-09-16T20:55:07Z	1
35147247182	pull_request	completed	success	flywheel-FLY-2632	a05a633129ec6371dc4ba1908cc80ca008824369	2026-09-16T20:33:22Z	2026-09-16T20:51:09Z	1
35147117917	pull_request	completed	cancelled	flywheel-FLY-2551	c00b2ce61581f46d7d35b0e519cf3f1daef61121	2026-09-16T20:32:04Z	2026-09-16T20:48:31Z	1
35146535556	push	completed	success	main	d1af40c719dcd8c16d4afc24b509c6275c9fc866	2026-09-16T20:26:17Z	2026-09-16T20:44:15Z	1
35146373455	pull_request	completed	cancelled	flywheel-FLY-2616	0b9934c938d2a2ef574551547819fa281d91504e	2026-09-16T20:24:31Z	2026-09-16T20:35:54Z	1
35145517888	pull_request	completed	failure	flywheel-FLY-2606	a593e90e0d90709b85c2f340b045859897981c63	2026-09-16T20:22:53Z	2026-09-16T20:38:47Z	2
35145286111	pull_request	completed	failure	flywheel-FLY-2616	8a108c0cd949a8d0b9da751ba58275c29ae4a1ce	2026-09-16T20:13:48Z	2026-09-16T20:13:54Z	1
35144293026	pull_request	completed	cancelled	flywheel-FLY-2606	bdc3efa21a469020a8b34e81d8caf1186c968c4e	2026-09-16T20:04:00Z	2026-09-16T20:17:09Z	1
35142785012	pull_request	completed	failure	flywheel-FLY-2616	a23b699e9a1bd8e486b28afb404734c7d87cb970	2026-09-16T19:48:35Z	2026-09-16T20:04:35Z	1
35142642031	pull_request	completed	success	flywheel-FLY-2632	6ab8c129724c5c067133b05eec5e088bbfffdd46	2026-09-16T19:47:10Z	2026-09-16T20:03:08Z	1
35140999342	push	completed	failure	main	bdc665bd95cc5d76fe1e0f2d177de0027bacae5b	2026-09-16T19:30:48Z	2026-09-16T19:48:15Z	1
35140387972	pull_request	completed	success	flywheel-FLY-2591	8c76f6045a517c945ca3db84fffdfceee47c55c4	2026-09-16T19:24:39Z	2026-09-16T19:29:49Z	1
35140191455	push	completed	cancelled	main	009eeb51778a00c9514ef965e6119d5ae348735c	2026-09-16T19:22:43Z	2026-09-16T19:32:13Z	1
35140038566	pull_request	completed	failure	flywheel-FLY-2606	b765d273560b9fcc5ee7f47932d53151a5e9e2a4	2026-09-16T19:38:15Z	2026-09-16T19:41:09Z	2
35140007235	pull_request	completed	success	flywheel-FLY-2616	f678d24191c97469da219ff4b8399f23b1e90e16	2026-09-16T19:20:53Z	2026-09-16T19:36:54Z	1
35139592910	pull_request	completed	success	flywheel-FLY-2591	50bed92187e05a5a23573830482cfa10114b20fa	2026-09-16T19:16:45Z	2026-09-16T19:22:32Z	1
35139494400	pull_request	completed	cancelled	flywheel-FLY-2591	11ba7771437a9b63ee0da5385f7f37498b3e3dc0	2026-09-16T19:15:47Z	2026-09-16T19:17:23Z	1
35138995723	pull_request	completed	success	flywheel-FLY-2609	e27692e128d74a788e6eb41d91c6936379affdf7	2026-09-16T19:11:00Z	2026-09-16T19:15:30Z	1
35134814067	pull_request	completed	success	flywheel-FLY-2519	eead9e67d82635ed3448a0ff9ae342e4f77c6992	2026-09-16T18:48:51Z	2026-09-16T19:01:29Z	2
35128039249	pull_request	completed	success	flywheel-FLY-2609	8b623455b3ad97064e88e44bb5d33a94a720b89b	2026-09-16T17:25:00Z	2026-09-16T17:30:19Z	1
35125461411	pull_request	completed	success	flywheel-FLY-2519	1de1481046377de1a12d3dd9f6ebc37b10bc5a4e	2026-09-16T17:00:24Z	2026-09-16T17:16:48Z	1
35122819904	push	completed	failure	main	b2f0c3e6119d87b43509673aa5f9633eb4c4ea78	2026-09-17T01:04:59Z	2026-09-17T01:08:21Z	5
35122462307	push	completed	cancelled	main	aa8a9ce0ca3a55bfa1aa091abb581f1fc96f1d8d	2026-09-16T16:31:38Z	2026-09-16T16:35:56Z	1
35120905715	push	completed	cancelled	main	bd8a1f7b902fffddeb2285be515e11925079f96b	2026-09-17T01:08:28Z	2026-09-17T01:11:17Z	8
35120516189	push	completed	cancelled	main	2768d5dc7d247ecd559d24f74923f2351e5fe491	2026-09-16T16:13:34Z	2026-09-16T16:18:24Z	1
35102091253	pull_request	completed	success	flywheel-FLY-2616	d3642ee913e2e519c21557ca09c0d070d1c32cb8	2026-09-16T13:28:01Z	2026-09-16T13:44:38Z	1
35092259946	pull_request	completed	success	flywheel-FLY-2619	d06e6416d75c2883cb4f70363555b83f26418dce	2026-09-16T11:47:57Z	2026-09-16T12:04:34Z	1
35091589125	pull_request	completed	cancelled	flywheel-FLY-2619	3ed57669b53b27b1d06df952783747ff8a265f28	2026-09-16T11:40:34Z	2026-09-16T11:48:21Z	1
35091284431	pull_request	completed	success	flywheel-FLY-2616	835c3b714391d2c947ec82bed556d964531490a6	2026-09-16T11:54:39Z	2026-09-16T11:57:31Z	2
35090502825	pull_request	completed	success	flywheel-FLY-2606	084a0647c45ac1443a4a8e47dd6ef1b8915c11f8	2026-09-16T11:28:30Z	2026-09-16T11:44:57Z	1
35089587937	pull_request	completed	cancelled	flywheel-FLY-2606	a920de996c58815c49a2c9354e07263c1ad7aeb6	2026-09-16T11:18:19Z	2026-09-16T11:29:01Z	1
35086012563	pull_request	completed	success	flywheel-FLY-2606	ea790d24cd8780dc90a59876ee0c80c7ce5211e9	2026-09-16T10:37:51Z	2026-09-16T10:54:05Z	1
35084219498	pull_request	completed	failure	flywheel-FLY-2606	b18d3472eebec8e73e45be3d6d8035427883cc7f	2026-09-16T10:17:58Z	2026-09-16T10:34:06Z	1
35077974591	pull_request	completed	success	flywheel-FLY-2608	1d592c0ed8f3ae18de2ab87c440ee0ec878442c1	2026-09-16T09:11:12Z	2026-09-16T09:27:56Z	1
35070238970	pull_request	completed	success	flywheel-FLY-2519	d41b37146811af3aa27a34d978d58a1923fbd7e2	2026-09-16T07:46:20Z	2026-09-16T08:02:46Z	1
35069974103	pull_request	completed	success	flywheel-FLY-2608	f753e4a3d82f2006ffc6d669231d134b2ea6b587	2026-09-16T07:43:16Z	2026-09-16T07:59:43Z	1
35069092623	pull_request	completed	cancelled	flywheel-FLY-2608	9c20a6620ef7fd00048c036be7a71c155462755c	2026-09-16T07:32:59Z	2026-09-16T07:43:38Z	1
35065285328	pull_request	completed	success	flywheel-FLY-2612	c0fe80132f4a74b6903a2768427aad069eca52e1	2026-09-16T06:46:47Z	2026-09-16T07:03:27Z	1
35064449671	push	completed	success	main	5bad6f6df08678b0463a9cac5e9b0924f486c290	2026-09-16T06:35:57Z	2026-09-16T06:51:47Z	1
35060528689	pull_request	completed	success	flywheel-FLY-2597	7ce0e96e256e16b49426398e884dc0eb3504153d	2026-09-16T05:41:34Z	2026-09-16T05:57:25Z	1
35058953080	pull_request	completed	success	flywheel-FLY-2597	25506459c5e3a9e3e302af070a3c2f2be0ec6bd2	2026-09-16T05:17:54Z	2026-09-16T05:33:58Z	1
35056292123	pull_request	completed	success	flywheel-FLY-2598	055dde558ef1513f691e0a4e1ed609caf84e21fa	2026-09-16T04:37:05Z	2026-09-16T04:52:58Z	1
35053642012	pull_request	completed	success	flywheel-FLY-2519	1c66b0f9a5f6ae67b54b797c54dbbdee3b73c564	2026-09-16T03:55:39Z	2026-09-16T04:12:16Z	1
35053507674	push	completed	success	main	b51fec42277425c0fb2c76edf8233beb85c8f4b8	2026-09-16T03:53:31Z	2026-09-16T04:09:50Z	1
35053435246	push	completed	cancelled	main	66f84d74ebfa9db7834bf947e031a01645c7f589	2026-09-16T03:52:24Z	2026-09-16T03:53:52Z	1
35053179084	pull_request	completed	failure	flywheel-FLY-2598	a5524d4df8e9ef1d8875f2e476d619164cfea3bc	2026-09-16T04:08:26Z	2026-09-16T04:28:19Z	2
35051048246	pull_request	completed	failure	flywheel-FLY-2598	865fe0a539b8c7031d6373a2aca4dfdfc3ae69f1	2026-09-16T03:14:36Z	2026-09-16T03:34:14Z	1
35050834059	pull_request	completed	cancelled	flywheel-FLY-2598	7c521fd6d5a631407f5e17775d78ab010ac372ae	2026-09-16T03:11:09Z	2026-09-16T03:14:55Z	1
35049264555	push	completed	success	main	557d2b00e6ebf102c61c88368a4338b9777099f9	2026-09-16T02:46:21Z	2026-09-16T03:02:42Z	1
35049015888	pull_request	completed	failure	flywheel-FLY-2597	4f1cd6eb7384fd4d78b0045b6e260a8e5e0205a9	2026-09-16T02:42:29Z	2026-09-16T02:56:33Z	1
35048822847	pull_request	completed	success	flywheel-FLY-2244	8544e686da14fded4b5d3d1617ed04dc7707337a	2026-09-16T02:39:28Z	2026-09-16T02:55:01Z	1
35048613515	push	completed	cancelled	main	dc7b437aff1e6746f03383b65b07248645f4019a	2026-09-16T02:36:06Z	2026-09-16T02:46:42Z	1
35047674900	pull_request	completed	success	flywheel-FLY-2603	801d2f071a0d16e146ccae3f0f95371b82e273d8	2026-09-16T02:21:39Z	2026-09-16T02:37:36Z	1
35047663435	pull_request	completed	success	flywheel-FLY-2244	fc0db96ebbd4aaadce1a6abb48f0a86804fd5f35	2026-09-16T02:21:28Z	2026-09-16T02:37:27Z	1
35047597544	pull_request	completed	cancelled	flywheel-FLY-2244	31abd004951d76c80827cfa8f6859ed248f69038	2026-09-16T02:20:26Z	2026-09-16T02:21:38Z	1
35046992511	pull_request	completed	cancelled	flywheel-FLY-2244	9be837e49a1c2e057a6255f8602442f00c9f932e	2026-09-16T02:11:00Z	2026-09-16T02:20:47Z	1
35046868165	pull_request	completed	cancelled	flywheel-FLY-2244	f71e40ea22c1acd1a90315b0cd029062347886b7	2026-09-16T02:09:07Z	2026-09-16T02:11:21Z	1
35046635597	pull_request	completed	cancelled	flywheel-FLY-2244	89ec885c208a023b1b98b52cf9854980b7f91920	2026-09-16T02:05:35Z	2026-09-16T02:09:26Z	1
35046020846	pull_request	completed	cancelled	flywheel-FLY-2244	1064345cbd712ad8fcadb4d74569388d0e0282ac	2026-09-16T01:56:11Z	2026-09-16T02:05:53Z	1
35045877219	pull_request	completed	cancelled	flywheel-FLY-2244	422f2ded5627e4b028b50a4b2c4bd4fa9b7b7e1b	2026-09-16T01:53:59Z	2026-09-16T01:56:34Z	1
35045802474	pull_request	completed	success	feat/FLY-2601-founder-page-copy-block	406c3026a78d572a57a8e1c11a920954c4814c44	2026-09-16T02:17:42Z	2026-09-16T02:27:55Z	2
35045617038	pull_request	completed	cancelled	flywheel-FLY-2244	b549e331b2ecd409acfde113b749d4c2976a86c9	2026-09-16T01:50:00Z	2026-09-16T01:54:18Z	1
35045547978	pull_request	completed	cancelled	flywheel-FLY-2244	2afee75ad8aaa2e84d4908cea1dbc75130e1dc25	2026-09-16T01:48:55Z	2026-09-16T01:50:18Z	1
35045408416	pull_request	completed	cancelled	flywheel-FLY-2244	9919a6b6f368541a1d4e5a5343b0e12afd8d0dcf	2026-09-16T01:46:40Z	2026-09-16T01:49:14Z	1
35045342328	pull_request	completed	failure	flywheel-FLY-2603	87760ecb8502bc5278deba6b82605b64059edf51	2026-09-16T02:00:41Z	2026-09-16T02:09:23Z	2
35044805593	pull_request	completed	success	flywheel-FLY-2602	4f376f290fc87d173cab2c5a6ba20ecb1cf485e0	2026-09-16T01:54:37Z	2026-09-16T02:05:14Z	2
35044710070	pull_request	completed	cancelled	flywheel-FLY-2603	d130140197a2494918e9d21195d6be43b09d73b7	2026-09-16T01:35:49Z	2026-09-16T01:45:56Z	1
35044682263	pull_request	completed	success	flywheel-FLY-2391	3f47c91d3c867e6eee26e50be0c674819c28a281	2026-09-16T01:55:31Z	2026-09-16T02:09:37Z	2
35043507521	pull_request	completed	failure	flywheel-FLY-2602	cf618eb6d6b45e8ece723a3b06d33a5f82a90d1a	2026-09-16T01:17:45Z	2026-09-16T01:33:39Z	1
35042869213	pull_request	completed	failure	flywheel-FLY-2391	d6b7e64a372187085230df280eb1296c41d32c18	2026-09-16T01:26:21Z	2026-09-16T01:34:39Z	2
35042755006	pull_request	completed	failure	flywheel-FLY-2603	8a720372cd06a88b6d322e9a73be9a9f68f8c89a	2026-09-16T01:06:25Z	2026-09-16T01:20:42Z	1
35041392409	pull_request	completed	success	flywheel-FLY-2519	e2ff062b82337368ca1101537834212212c29a1c	2026-09-16T01:03:35Z	2026-09-16T01:06:33Z	2
35040255814	pull_request	completed	failure	feat/FLY-2601-founder-page-copy-block	f9d43e44093e2816b45cdc447c05c8cb6e0e6d06	2026-09-16T00:30:04Z	2026-09-16T00:46:18Z	1
35038429709	pull_request	completed	success	flywheel-FLY-2519	0f4a89a1f9d914e4d77fc699ba13a86e7f164e22	2026-09-16T00:04:36Z	2026-09-16T00:21:19Z	1
