run_id,node_id,attempt,execution_id,route,completed_at
c79a7386-bd54-4464-a031-3cb77583fc43,eng_design,1,b31664ca-d8bf-4fcc-9d9c-49c33ce4e6d5,phase_design_complete,2026-09-08T09:52:49.291Z
c79a7386-bd54-4464-a031-3cb77583fc43,implement,1,bdda9bbc-1fe8-486c-a37e-34e9a97ac386,needs_review,2026-09-08T14:47:27.917Z
e72f53b5-8195-48af-b4bb-a0d5c10b52e2,eng_design,1,2faaa88c-1476-4c84-8e93-bc1e5512cae5,phase_design_complete,2026-09-08T19:56:25.574Z
0046d93b-146c-4b78-8b3a-f9ed9eaaa205,eng_design,1,1492b1f6-6642-4588-9ce5-bedd4fdec106,phase_design_complete,2026-09-08T20:04:06.429Z
4e86edef-4b6c-4781-b9d6-70aaea3e0e1c,eng_design,1,3e276d6b-ccec-4e94-b56d-e45f4c9f163c,phase_design_complete,2026-09-08T20:05:18.510Z
a8b54a51-cb16-424e-95f8-3e44223acc15,eng_design,1,f6bb8003-3466-4aa0-b908-0ccbe88cdae1,phase_design_complete,2026-09-08T20:06:45.151Z
8b503475-e5a5-472f-baea-bda9e366b5c2,eng_design,1,b2e7da96-c8b0-4262-9290-a3c8ef218efd,phase_design_complete,2026-09-08T20:16:27.456Z
c79a7386-bd54-4464-a031-3cb77583fc43,implement,2,9ba2e5e6-58f0-4dc8-9793-2ec1685358f6,needs_review,2026-09-08T20:45:06.088Z
70ccd0dd-494d-4e95-bf93-4aa4820e7fc2,eng_design,1,3214350b-7469-47eb-a126-dc38e9b752c7,phase_design_complete,2026-09-08T20:47:21.192Z
1a6c34d0-bc99-4ec5-86bd-af1eb8b45d10,eng_design,1,b7fc66a5-1c23-4a9b-aab8-25b95dc36276,phase_design_complete,2026-09-08T21:12:23.539Z
bd256677-fab4-4d96-9fe6-7ef6c053c46f,implement,1,fd0ef836-a1f2-4243-8f9a-3c25823369c5,needs_review,2026-09-08T21:50:15.548Z
a8b54a51-cb16-424e-95f8-3e44223acc15,implement,1,11901374-e9b0-4583-aee0-3dd93ba5a5c7,needs_review,2026-09-08T21:53:27.449Z
0046d93b-146c-4b78-8b3a-f9ed9eaaa205,implement,1,a76614e7-fbc9-4a93-8553-e9653be79384,needs_review,2026-09-09T01:52:55.389Z
1a6c34d0-bc99-4ec5-86bd-af1eb8b45d10,implement,1,77e4a46a-b1e1-4587-acb3-130b230d6754,needs_review,2026-09-09T01:54:05.297Z
70ccd0dd-494d-4e95-bf93-4aa4820e7fc2,implement,1,81f20993-2fd1-429f-98b7-a126ae5a00f5,needs_review,2026-09-09T02:56:31.024Z
e72f53b5-8195-48af-b4bb-a0d5c10b52e2,implement,1,401ada63-2186-4436-a643-f58f2c6170bb,needs_review,2026-09-09T03:14:59.425Z
4e86edef-4b6c-4781-b9d6-70aaea3e0e1c,implement,1,db6e2cf5-d7df-4b87-9feb-2def287d71e0,needs_review,2026-09-09T03:20:18.712Z
c79a7386-bd54-4464-a031-3cb77583fc43,implement,3,9ba2e5e6-58f0-4dc8-9793-2ec1685358f6,needs_review,2026-09-09T03:31:19.114Z
c8b7c661-947a-4c0f-a41b-9accd8090afd,eng_design,1,3f5910c6-1065-4fce-aed0-c687336852c4,phase_design_complete,2026-09-09T03:46:38.342Z
c3c393f1-2cd1-4ade-917c-84592cb1bbe7,eng_design,1,92e3340f-1aec-454b-a5de-d61c3aa12035,phase_design_complete,2026-09-09T03:59:35.022Z
7c625c64-0142-4626-8f14-677a6309e0d8,eng_design,1,1ac67591-5852-45f4-8322-f2a26b913327,phase_design_complete,2026-09-09T04:04:45.712Z
2f904779-35a1-4754-aab4-7129dac264a1,eng_design,1,29890a4a-7307-457f-9bc9-1881d49e6fff,phase_design_complete,2026-09-09T04:31:25.896Z
13d45e05-1931-405b-a09d-f1c6b7cccaff,eng_design,1,2b5c4176-fceb-4663-92a1-239e93686bd4,phase_design_complete,2026-09-09T04:35:20.776Z
ce54ec2a-6b8b-4c46-bcc6-6e698ba194ab,eng_design,1,5c488344-e3cb-458d-99db-0bf817b84b35,phase_design_complete,2026-09-09T05:00:11.881Z
8b503475-e5a5-472f-baea-bda9e366b5c2,implement,1,29f1903e-786a-48c0-bd30-57f4b901a9ab,needs_review,2026-09-09T06:28:47.385Z
f45a37e7-c681-4d3f-b899-1800afa590d5,implement,1,5de3f966-c6e0-48a0-81f7-720ceecbddc2,needs_review,2026-09-09T07:42:21.371Z
b611ce55-1ce4-46aa-a008-780efad435bd,eng_design,1,b6ca97e4-687a-4fed-84cc-259544f10899,phase_design_complete,2026-09-09T08:02:53.659Z
8b503475-e5a5-472f-baea-bda9e366b5c2,implement,2,826a3457-dfc7-4e5e-8511-80dd01bc6e76,needs_review,2026-09-09T08:24:02.097Z
c3c393f1-2cd1-4ade-917c-84592cb1bbe7,implement,1,6d67f20f-66e7-4a84-9a84-414e9cd23075,needs_review,2026-09-09T08:28:28.547Z
ce54ec2a-6b8b-4c46-bcc6-6e698ba194ab,implement,1,9605b495-4105-4f32-8c3b-39749140db18,needs_review,2026-09-09T09:08:02.738Z
c8b7c661-947a-4c0f-a41b-9accd8090afd,implement,1,db57dc9c-a8ca-4e27-b0ce-750d35d8e6a0,needs_review,2026-09-09T09:12:47.736Z
b611ce55-1ce4-46aa-a008-780efad435bd,implement,1,d60cff23-cf25-4dbf-b920-a278a4583e70,needs_review,2026-09-09T09:41:21.114Z
a10f4de0-9b6d-4799-ba92-4ed98cc795ce,implement,1,f7739fbd-fa00-4cc1-a714-3751217d6ff8,needs_review,2026-09-09T17:30:59.821Z
d6c4b403-a0c8-4339-8e2e-d36cf48d0cdf,implement,1,81980043-c840-4ac0-8c6f-9e1292ca16bf,needs_review,2026-09-09T17:31:57.262Z
99288dcf-1e6a-4577-ac8c-c339c041c078,implement,1,b956bb43-56b4-442c-b1aa-3dac7f845f34,needs_review,2026-09-09T17:53:03.077Z
15b4bd81-005f-4173-a3ea-d5a26906c607,implement,1,2f7f549f-0c56-4fea-8aa1-3bbe96a77b95,needs_review,2026-09-09T18:54:45.747Z
eb7ac1ef-73f1-4a2d-ba41-963d7147d8c1,implement,1,28e1710e-db7e-4709-89d1-b104567de879,needs_review,2026-09-09T19:05:59.215Z
3cddd8cb-89fd-4fc5-a5de-d1b57f8e5959,implement,1,9838f4d4-5920-443a-ab1f-48dcf6a56a96,needs_review,2026-09-09T19:08:44.192Z
05f4aa96-4b2d-43cf-a593-3a1fc3668660,eng_design,1,8e14ae65-a08d-4b72-bf69-52a271342f2c,phase_design_complete,2026-09-09T19:41:31.619Z
a0cefa61-e517-4898-9a2c-11d2f09aee9f,implement,1,168d0348-94ee-4b69-8f01-6c609d1a58f3,needs_review,2026-09-09T20:03:32.573Z
d6c4b403-a0c8-4339-8e2e-d36cf48d0cdf,implement,2,7559c4ca-bcb5-4dab-be65-1f8982622299,needs_review,2026-09-09T20:51:24.425Z
ffa8c441-b308-4043-bf4a-c27c6e6e5e0d,implement,1,adccbe9c-1f0e-492d-80d1-3a51dccbf1f6,needs_review,2026-09-09T20:59:44.948Z
35ab9e12-2ce4-42ca-a15a-966682e289fb,implement,1,d768fdc3-3d87-488f-9dfc-6aeada24481f,needs_review,2026-09-09T21:32:19.493Z
da756bf5-7f5e-43d8-a215-a323d172548d,implement,1,781c7085-b649-4622-8d9b-0535269432be,needs_review,2026-09-09T21:50:54.520Z
d6c4b403-a0c8-4339-8e2e-d36cf48d0cdf,implement,3,c506f12d-160a-40b5-8bae-bb2a0083a5d3,needs_review,2026-09-09T21:52:37.754Z
2c97be57-c3e4-4c06-8f2c-09b447b3b747,implement,1,707d7984-8332-4aa6-80cf-9bb52087bcba,needs_review,2026-09-09T22:32:45.168Z
35ab9e12-2ce4-42ca-a15a-966682e289fb,implement,2,b8acb46e-d3c0-4588-8e7c-d0c56a1d8de7,needs_review,2026-09-09T22:41:55.992Z
05f4aa96-4b2d-43cf-a593-3a1fc3668660,implement,1,3d34afcf-cd9b-4530-ab4e-8fd79fc55d2f,needs_review,2026-09-09T22:47:39.485Z
d6c4b403-a0c8-4339-8e2e-d36cf48d0cdf,implement,4,ba344804-0516-4ae3-a4f7-dea2362f3c74,needs_review,2026-09-09T22:50:42.892Z
da756bf5-7f5e-43d8-a215-a323d172548d,implement,2,781c7085-b649-4622-8d9b-0535269432be,needs_review,2026-09-09T23:59:56.533Z
0046d93b-146c-4b78-8b3a-f9ed9eaaa205,implement,2,cbcce2ec-6e82-473a-833f-399511e54264,needs_review,2026-09-10T01:04:23.574Z
05f4aa96-4b2d-43cf-a593-3a1fc3668660,implement,2,0ccf6741-2f46-4c23-a104-1eff2933db86,needs_review,2026-09-10T02:02:01.830Z
da756bf5-7f5e-43d8-a215-a323d172548d,implement,3,781c7085-b649-4622-8d9b-0535269432be,needs_review,2026-09-10T02:51:55.120Z
b36fc025-ce12-42d5-a2b6-64e782cd379a,implement,1,ffa85f31-5c21-4b24-a364-ae40542ee09b,needs_review,2026-09-10T04:39:56.240Z
ffa8c441-b308-4043-bf4a-c27c6e6e5e0d,implement,2,f592a513-c2a9-4e8c-858b-ce236a93958e,needs_review,2026-09-10T05:20:03.201Z
2aba1758-2a15-4adb-97cd-c8e5088b5f80,eng_design,1,8cade830-9c1b-418e-8556-4a900d31514c,phase_design_complete,2026-09-10T05:32:55.540Z
82ffb3b0-23f6-40c4-be88-2c8848d06700,eng_design,1,9e620c82-0507-4953-a434-476a4d978f78,phase_design_complete,2026-09-10T05:36:27.881Z
b6c1c16d-01b5-4313-a590-6954c4ece01f,eng_design,1,51de46f6-5422-47ed-afeb-b0cb3a1e31f2,phase_design_complete,2026-09-10T05:48:03.787Z
05f4aa96-4b2d-43cf-a593-3a1fc3668660,implement,3,66d71839-e774-411a-896e-1e68b493e42e,needs_review,2026-09-10T05:56:17.962Z
477925df-2e6e-427c-b3eb-794f686302cc,eng_design,1,7d9c1ac5-36cc-46aa-9e72-50c3c6156260,phase_design_complete,2026-09-10T05:59:52.211Z
b3353227-9670-4322-9ac1-182de1562dec,eng_design,1,dff642b2-b4b5-49b4-8ae6-f48756230c3d,phase_design_complete,2026-09-10T06:23:05.867Z
b6c1c16d-01b5-4313-a590-6954c4ece01f,implement,1,c3d33b57-4106-4824-ac6e-5c140dfa4885,needs_review,2026-09-10T06:37:15.713Z
0046d93b-146c-4b78-8b3a-f9ed9eaaa205,implement,3,cea03559-25f6-469d-8aa3-f579bbe30429,needs_review,2026-09-10T06:52:31.939Z
2aba1758-2a15-4adb-97cd-c8e5088b5f80,implement,1,51bee062-8288-40fb-ba56-1ebe6bd1382f,needs_review,2026-09-10T06:58:03.644Z
82ffb3b0-23f6-40c4-be88-2c8848d06700,implement,1,d96e61ab-9a15-47ad-8b8c-106a76f9a6c6,needs_review,2026-09-10T07:07:36.742Z
477925df-2e6e-427c-b3eb-794f686302cc,implement,1,76269505-fcf6-444e-84b5-6cdf076252cb,needs_review,2026-09-10T07:33:47.394Z
2aba1758-2a15-4adb-97cd-c8e5088b5f80,implement,2,c0694503-1f85-425c-83ae-d37d3552c806,needs_review,2026-09-10T08:36:02.088Z
d6db3bfe-d10e-4d2e-8cd1-ffdd2dd018ef,eng_design,1,7805a170-3fbf-4316-b06f-907af984ab77,phase_design_complete,2026-09-10T09:33:55.473Z
b3353227-9670-4322-9ac1-182de1562dec,implement,1,62fd4a33-b152-4852-be4f-aa9ba03088b9,needs_review,2026-09-10T10:27:26.838Z
d6db3bfe-d10e-4d2e-8cd1-ffdd2dd018ef,implement,1,0e19dbd5-cf3d-48d7-94a8-0c71d7cfb254,needs_review,2026-09-10T11:19:11.075Z
b3353227-9670-4322-9ac1-182de1562dec,implement,2,18f486ce-206e-4737-b849-194ed43d441f,needs_review,2026-09-10T11:33:30.439Z
d6db3bfe-d10e-4d2e-8cd1-ffdd2dd018ef,implement,2,914a44d6-6b29-4384-bcc4-5bb371bef23d,needs_review,2026-09-10T12:28:42.244Z
b3353227-9670-4322-9ac1-182de1562dec,implement,3,fee1e17d-bf71-4b46-aba4-1491610adb76,needs_review,2026-09-10T12:46:48.564Z
b3353227-9670-4322-9ac1-182de1562dec,implement,4,370c90bf-25ed-413f-9543-6886f10c25bd,needs_review,2026-09-10T14:22:51.745Z
b3353227-9670-4322-9ac1-182de1562dec,implement,5,31f0b13d-0020-4702-9601-55a9e55b140c,needs_review,2026-09-10T19:00:51.470Z
b3353227-9670-4322-9ac1-182de1562dec,implement,6,32e42494-3606-4ab5-98cf-15e91b5b7fe2,needs_review,2026-09-10T19:29:17.319Z
b3353227-9670-4322-9ac1-182de1562dec,implement,7,32e42494-3606-4ab5-98cf-15e91b5b7fe2,needs_review,2026-09-10T20:06:00.477Z
82ffb3b0-23f6-40c4-be88-2c8848d06700,implement,2,63b9ede3-70a8-44c4-9f36-68a5a1a31caf,needs_review,2026-09-10T22:43:08.086Z
2aba1758-2a15-4adb-97cd-c8e5088b5f80,implement,3,353a4e26-d1a5-4014-a45e-e86af1b71833,needs_review,2026-09-10T22:44:23.787Z
82ffb3b0-23f6-40c4-be88-2c8848d06700,implement,3,958bf78b-6e94-43a4-8626-1f74a6b03f91,needs_review,2026-09-11T00:19:18.940Z
efec07b6-0037-4693-bd98-a22d3f979b37,eng_design,1,57b4aeec-e46c-4090-86b7-74f6e4176590,phase_design_complete,2026-09-11T01:12:31.303Z
a50a48ab-062a-42d4-8d4e-fb74e1d8d260,eng_design,1,5b4fbd44-2dfe-4073-b7e8-f1fc501fea8f,phase_design_complete,2026-09-11T02:22:33.580Z
aea9ca70-7f28-4f80-b6e3-776c33b904b8,eng_design,1,9e7f71d7-349b-42c8-bef1-9d2761a59c18,phase_design_complete,2026-09-11T02:26:38.547Z
c7c97c86-870e-46bd-af87-935c79da1e7a,implement,1,5dfaef7d-739c-46fa-bb21-2ef518f134e2,needs_review,2026-09-11T02:26:50.586Z
9ae7bf38-39e7-4950-b61e-40d42be7bf9d,eng_design,1,f073a538-f52a-41fe-9707-5a33fc4db167,phase_design_complete,2026-09-11T02:30:34.052Z
a1570b68-529a-4588-8097-e37bfdd22e55,eng_design,1,de9040d3-adae-49af-bb77-ae7549c8afee,phase_design_complete,2026-09-11T03:00:21.938Z
1e427675-5de1-40d3-9e0f-2551ae0edd94,implement,1,d23463b3-41a7-46d3-8ae6-24dd0d061967,needs_review,2026-09-11T03:06:04.037Z
3cf1d115-e219-42d5-bcc2-f178b44d7727,eng_design,1,648b7fee-a62e-4d91-8fcf-fdaa103e0f68,phase_design_complete,2026-09-11T03:08:11.267Z
20b86626-35fb-41f3-a64b-0fd4408b4e41,implement,1,43e9f960-4469-420b-b0aa-189a62ea7903,needs_review,2026-09-11T03:19:16.569Z
a1570b68-529a-4588-8097-e37bfdd22e55,implement,1,b154084d-1995-44ff-8bd7-d0ba6ef872ff,needs_review,2026-09-11T04:42:16.770Z
3cf1d115-e219-42d5-bcc2-f178b44d7727,implement,1,95c8eb87-1b28-4f50-a1fe-223fa76bd9d7,needs_review,2026-09-11T06:27:10.838Z
0ff8b5aa-95e3-4144-8fa5-142bbfefcb9b,implement,1,7e239079-df22-402b-81e9-8f10086e81a6,needs_review,2026-09-11T06:41:15.798Z
f782d5bd-c5c1-4700-b8d7-f8c38bd6ce2c,implement,1,5faad1ad-51fd-4d68-b291-dd1ecae984c5,needs_review,2026-09-11T06:43:31.088Z
000d209a-f8cc-4ae4-8e0a-291f655263ac,eng_design,1,7b4efd03-d28a-4263-b8bd-eff580ce5ba0,phase_design_complete,2026-09-11T07:42:26.796Z
05c31b97-fa36-49be-a9a9-104a92f58d1c,implement,1,0649716e-d5ff-4942-8dc1-f3ae3c244061,needs_review,2026-09-11T08:03:45.647Z
db8d4d16-abb1-4b9f-bde2-d5a82259270f,implement,1,7d86fff1-5fe0-460e-8ddf-906871349c7e,needs_review,2026-09-11T08:50:16.163Z
000d209a-f8cc-4ae4-8e0a-291f655263ac,implement,1,22bfaf60-bdae-470c-8f88-35554d041bbc,needs_review,2026-09-11T10:20:55.241Z
5e55e17e-1005-4c8a-a514-80fa3e7c11d1,implement,1,cacc1cb4-bc53-425f-a416-99c6527f982a,needs_review,2026-09-11T11:47:32.648Z
5a291283-f4b0-439e-b31b-e7852d4a0a28,implement,1,fa007b05-e9b6-47f4-9c37-807a7fa69c80,needs_review,2026-09-11T12:36:39.774Z
5a291283-f4b0-439e-b31b-e7852d4a0a28,implement,2,eae6b863-4eb6-42a2-91f5-c5a680638a1a,needs_review,2026-09-11T14:39:48.351Z
5a291283-f4b0-439e-b31b-e7852d4a0a28,implement,3,5c52a4f5-3abe-454a-9161-0bb9bdce8a7c,needs_review,2026-09-11T15:43:37.381Z
db8d4d16-abb1-4b9f-bde2-d5a82259270f,implement,2,b46346ed-6cd7-483a-8a07-be14e4c70340,needs_review,2026-09-11T18:09:26.873Z
2776f5f7-60ab-41be-b13e-2759a908d70c,eng_design,1,6fac6511-72f5-4c06-81ab-0869fe9b098d,phase_design_complete,2026-09-11T18:39:28.772Z
9d20fedd-f7dd-4a2c-a1d3-27f76deb4114,eng_design,1,ba65d004-4dfc-44ed-b1b9-cbb7b6379898,phase_design_complete,2026-09-11T18:45:17.010Z
9d20fedd-f7dd-4a2c-a1d3-27f76deb4114,implement,1,e12f70d8-d594-46c7-af0e-70818e605d75,needs_review,2026-09-11T20:00:45.653Z
3cf1d115-e219-42d5-bcc2-f178b44d7727,implement,3,0c9d626c-0633-45e1-bf2c-b130137a8504,needs_review,2026-09-11T20:06:54.015Z
dcfc781a-615c-400f-b64a-eaf0417a85fc,eng_design,1,5f043b76-010c-47f1-a260-7b29899d6d33,phase_design_complete,2026-09-11T20:12:20.181Z
91fb5b92-d68a-4ae5-9560-d67f6ac8018f,implement,1,a3798de4-31b4-4764-89f0-56b74f62c73c,needs_review,2026-09-11T20:16:51.522Z
15188b39-c4f3-4a48-a14a-db25dd9997aa,eng_design,1,6f0390f6-2279-40dc-b5d8-127cf5665385,phase_design_complete,2026-09-11T20:17:49.778Z
05c31b97-fa36-49be-a9a9-104a92f58d1c,implement,2,27359e2d-5c6e-48ee-9ff5-c73d5f5bb11f,needs_review,2026-09-11T20:54:58.700Z
dcfc781a-615c-400f-b64a-eaf0417a85fc,implement,1,ede9f695-4a50-4dd6-85c1-039e3e4cf85b,needs_review,2026-09-11T21:10:44.252Z
2776f5f7-60ab-41be-b13e-2759a908d70c,implement,1,c5169833-2016-4f69-8a65-464ed42caad0,needs_review,2026-09-11T21:18:52.793Z
5e55e17e-1005-4c8a-a514-80fa3e7c11d1,implement,2,dc5d3e71-2c14-4edb-b1a4-cd20f1babe10,needs_review,2026-09-11T21:26:41.290Z
15188b39-c4f3-4a48-a14a-db25dd9997aa,implement,1,a70103de-89c4-4d2b-9d5d-c110e826477a,needs_review,2026-09-11T22:30:30.542Z
dcfc781a-615c-400f-b64a-eaf0417a85fc,implement,2,21f3edef-b9c5-45b4-8434-be0486566221,needs_review,2026-09-12T00:13:38.508Z
91fb5b92-d68a-4ae5-9560-d67f6ac8018f,implement,2,7e389387-5f27-4020-9f1b-fd2a3574095d,needs_review,2026-09-12T18:33:07.018Z
15188b39-c4f3-4a48-a14a-db25dd9997aa,implement,2,cd5ac76c-14d9-46c6-881f-ca89d931a3dc,needs_review,2026-09-12T21:17:52.003Z
db8d4d16-abb1-4b9f-bde2-d5a82259270f,implement,3,60853b9b-8254-4565-abbc-fd36de5388c5,needs_review,2026-09-13T22:39:12.802Z
55ed03ff-956d-4854-a644-bc2daad252c5,implement,1,42361efe-f452-42b3-9c03-dfe070ac5413,needs_review,2026-09-13T22:52:14.817Z
3cf1d115-e219-42d5-bcc2-f178b44d7727,implement,4,46d62e41-97e1-4a1c-bdd3-418a0e7cd4d5,needs_review,2026-09-13T23:04:44.637Z
379fa52f-6e81-4d38-af81-498ff432def1,eng_design,1,52f76cca-a3e1-4660-a509-99e6ab4fcf14,phase_design_complete,2026-09-13T23:07:12.960Z
50274a0c-6b85-4673-ba0c-9bbe1e04f253,implement,1,aa11b10a-984e-4aea-9beb-cb297447d841,needs_review,2026-09-13T23:08:35.008Z
a9ea4f26-8ab0-4830-a1f7-0f074196e363,eng_design,1,50a6cf26-a76f-47c7-8864-519a16871c53,phase_design_complete,2026-09-13T23:09:32.282Z
025a9989-1023-48c7-8176-98184cd2b937,eng_design,1,412485c1-93e3-4bbf-b228-b12410649347,phase_design_complete,2026-09-13T23:13:01.209Z
b7a9ee1d-9dbe-43e2-811f-9cdd502749f8,implement,1,4477b4c3-c5fe-40ed-a20f-d4d4a81f3248,needs_review,2026-09-13T23:14:36.662Z
dcfc781a-615c-400f-b64a-eaf0417a85fc,implement,3,2504fd7c-9319-469a-878e-ae950989485a,needs_review,2026-09-13T23:18:06.265Z
b4022d94-3882-4b63-a33e-7ef496db59cb,implement,1,9f167239-1266-45a6-aab2-e39fea820e72,needs_review,2026-09-13T23:22:27.135Z
7ebc03c5-bd2d-404e-8381-9f85af03d26e,implement,1,dc9490b0-d51c-4bcd-ac33-cc1b32e9cd33,needs_review,2026-09-13T23:23:35.874Z
f6850fe8-3415-40f8-9121-f380f49e5b88,implement,1,bd059dd0-9e6e-4dea-9411-4d987c6a8ed1,needs_review,2026-09-13T23:31:06.949Z
cf8be4ae-95d6-4bf1-b623-737fe827f4d3,eng_design,1,83998340-8beb-4ac9-9e8c-74890983cc7a,phase_design_complete,2026-09-14T00:09:36.004Z
30b4f2a4-62fa-4adf-ae37-4088ae98a212,eng_design,1,423050f0-163a-422d-b1fb-898ad08aa1c0,phase_design_complete,2026-09-14T00:11:24.606Z
3607dac5-86b0-43bf-9bb9-e2afb55a76f5,eng_design,1,a2caaf83-3892-4316-aab4-fe38de9df80b,phase_design_complete,2026-09-14T00:12:26.224Z
379fa52f-6e81-4d38-af81-498ff432def1,implement,1,e0198689-c8a0-4eb5-8853-e7f7009c20e1,needs_review,2026-09-14T00:14:28.715Z
a9ea4f26-8ab0-4830-a1f7-0f074196e363,implement,1,a44510ad-3ed6-4505-992a-f7ace7c1beea,needs_review,2026-09-14T00:20:21.364Z
c04bce2b-23b9-4005-97ab-cf3e44e8edd5,eng_design,1,a020e0f0-0ba1-402c-a0c4-e90aef085cd2,phase_design_complete,2026-09-14T00:22:55.290Z
30b4f2a4-62fa-4adf-ae37-4088ae98a212,implement,1,1e02f10a-8e10-4f58-9790-dec0d6773375,needs_review,2026-09-14T02:22:28.127Z
3607dac5-86b0-43bf-9bb9-e2afb55a76f5,implement,1,53be23fe-cd31-4c11-9d3d-0f2615bc1591,needs_review,2026-09-14T02:39:37.231Z
ab757039-5e5e-4da2-9dda-ff4d8e3abbce,implement,1,58a92343-6399-4332-84f7-3091918832ae,needs_review,2026-09-14T02:51:12.823Z
cf8be4ae-95d6-4bf1-b623-737fe827f4d3,implement,1,40d9c289-a049-4f13-8ac8-87d20953f681,needs_review,2026-09-14T02:56:18.619Z
f7f0c257-c2e5-49b1-a3d4-f09d432919fc,implement,1,060ba69c-7801-4ee5-8a5e-1d3a46b2780d,needs_review,2026-09-14T03:08:38.930Z
dcfc781a-615c-400f-b64a-eaf0417a85fc,implement,4,3c3f3739-a0af-479e-9321-28286f884bc9,needs_review,2026-09-14T03:30:37.929Z
3cf1d115-e219-42d5-bcc2-f178b44d7727,implement,5,8999b4f1-c9ea-4a61-aa6d-cbaece3df39a,needs_review,2026-09-14T03:54:55.080Z
c04bce2b-23b9-4005-97ab-cf3e44e8edd5,implement,1,db82230d-eb3c-4288-b916-7449d712484a,needs_review,2026-09-14T03:55:42.729Z
f7f0c257-c2e5-49b1-a3d4-f09d432919fc,implement,2,060ba69c-7801-4ee5-8a5e-1d3a46b2780d,needs_review,2026-09-14T04:14:19.429Z
3cf1d115-e219-42d5-bcc2-f178b44d7727,implement,6,99ef435d-0e08-483a-8630-89f1819cfd31,needs_review,2026-09-14T05:30:23.032Z
c176229a-5fe3-4d4d-886b-e1e7527ec9e2,eng_design,1,4c428168-c403-4b03-b2b9-ffa47bf68433,phase_design_complete,2026-09-14T08:12:25.384Z
f7f0c257-c2e5-49b1-a3d4-f09d432919fc,implement,3,808cc626-e5a9-4e6e-a5a3-c0ff3722de46,needs_review,2026-09-14T08:15:20.938Z
ef75e4c5-d7c1-4f05-9fae-926c4621372a,implement,1,7c91b8b4-79e3-4f69-86f9-19e2ddbba845,needs_review,2026-09-14T08:22:03.855Z
644fb67f-17e8-4800-8498-05896ce35005,implement,1,5b550282-9cd9-4d21-bdcd-e0e1ff959283,needs_review,2026-09-14T08:34:42.250Z
f17d783d-9f4d-4134-a016-a9a7402e9b12,implement,1,b3ad6910-0961-461e-be16-39ad4ed7a3e5,needs_review,2026-09-14T08:34:49.895Z
60ec91c7-c35a-4644-a15a-f4fca84f4725,implement,1,aceb4115-868c-48c1-9c58-76ca0783c3a2,needs_review,2026-09-14T08:39:56.058Z
4f12e13a-8807-466b-87f6-b6e317f721e9,implement,1,a4bbf994-d90d-4700-8d1a-90d365eb1e83,needs_review,2026-09-14T08:48:11.074Z
0f419a93-84c8-4d05-8d6f-b8566dc68a43,implement,1,5e010293-1281-42d7-9f17-44530bc003ea,needs_review,2026-09-14T08:59:16.755Z
9a570623-dfe8-4d19-9016-f1dd8dfccdbc,general,1,165ad609-1d99-4795-81d6-d975f20c5b88,needs_review,2026-09-14T09:19:01.183Z
cfcc96cf-03d0-45e8-981f-0e351db1c152,implement,1,084eb138-b641-472e-a045-c7019935957b,needs_review,2026-09-14T09:47:47.967Z
ee8e5ae8-9625-46b7-903c-be9e5545d47d,implement,1,81f5a693-218d-449e-bfa4-415badf4b6e2,needs_review,2026-09-14T10:07:19.249Z
1712bfed-9d9f-4148-8b32-ac5361136ea1,implement,1,b23182bb-6ec8-4db5-8a5a-880b8c72373a,needs_review,2026-09-14T10:15:09.435Z
7d9be41f-9755-4a83-bee2-fb1ebc8b3ae3,implement,1,26ed6f9a-32e7-47b5-a403-5167412977b7,needs_review,2026-09-14T18:45:52.283Z
fff384ea-14de-45b3-a671-3cf1fa328f13,implement,1,d9a5e9d2-d52b-40df-aa34-07bd6fe0b0b6,needs_review,2026-09-14T19:01:33.783Z
6f79c0d0-d1c3-4117-acd9-21cbef332048,implement,1,3e41382f-1047-428a-964f-15894a5f49d6,needs_review,2026-09-14T20:06:12.435Z
1bb66b99-910f-40e0-a454-972646e337df,implement,1,cb8e7302-020b-4c36-a02c-9c254ceb8702,needs_review,2026-09-14T20:11:32.007Z
f7b658b8-74cb-4566-952f-65ffea1e6563,eng_design,1,6e76e8b9-4193-44c2-b3c0-4f385968403c,phase_design_complete,2026-09-14T20:14:26.485Z
fff384ea-14de-45b3-a671-3cf1fa328f13,implement,2,d0d22d50-ad29-4742-89fa-ec5deaba968c,needs_review,2026-09-14T20:30:43.962Z
da6b7743-891e-424f-a121-1bf7ffdb0c44,eng_design,1,57fed70b-8c2e-4aef-9762-608633042ce9,phase_design_complete,2026-09-14T20:39:43.008Z
98b8c935-f76c-45fb-a8b5-6e9439bcf332,eng_design,1,261cd4cb-172d-45b8-9591-b4aac9df4761,phase_design_complete,2026-09-14T20:42:17.349Z
d5c6e020-4711-416d-8acb-54e140eefe90,eng_design,1,3f011ac5-8038-4be8-850e-0d04c022905a,phase_design_complete,2026-09-14T20:45:16.445Z
c3d6e76c-306c-463d-9c51-a24e55de0113,eng_design,1,ddec1a1e-08f6-4bbf-bc0d-71a7cd36d234,phase_design_complete,2026-09-14T21:02:41.592Z
c176229a-5fe3-4d4d-886b-e1e7527ec9e2,implement,1,ebb55498-f820-4e7e-a291-34bd9a7edb17,needs_review,2026-09-14T21:08:04.726Z
664c071a-81eb-46d2-8705-37c248cd57ff,eng_design,1,826be6d1-86f1-42a7-82b8-e9722ecb8553,phase_design_complete,2026-09-14T21:11:54.639Z
5c7fc4fa-b252-4532-97bb-ad8482b0edbf,eng_design,1,f9853998-68f5-411d-8509-924e36fbf775,phase_design_complete,2026-09-14T21:27:15.197Z
12c21830-67fb-4eda-8cf7-d64516fc2060,eng_design,1,4b67caf9-bfef-49f9-a0ef-8985c0b57510,phase_design_complete,2026-09-14T21:31:56.365Z
c5b74da7-12d8-4ec9-9e1d-d70296971372,eng_design,1,bc207d35-86a6-43ee-bae7-81a84b9b2322,phase_design_complete,2026-09-14T21:34:12.885Z
79572768-a7d7-48bf-a8f5-0932ace0732b,implement,1,b3bbecc6-b14e-4b80-a87f-f939849afcee,needs_review,2026-09-14T22:41:25.897Z
3df20410-38d4-4305-a02e-6471e0bab6aa,implement,1,9cb1f181-6216-4610-aea6-40f00750f8c5,needs_review,2026-09-14T23:18:45.612Z
4a8f20e6-fe6a-4735-b4b8-5ee1f90c1e4b,implement,1,14b82a02-8b93-49b6-baaa-cce73d8a21c6,needs_review,2026-09-14T23:36:54.481Z
5ea4805e-1e01-47d1-8be1-26641097104a,eng_design,1,43afc4c4-273c-4d1e-881e-4db0c0a62e82,phase_design_complete,2026-09-15T01:08:01.839Z
2ee4747d-ff26-4c92-9dce-fa08a6c69dd9,implement,1,9c482989-3044-4672-9110-1ccdd6b92c65,needs_review,2026-09-15T01:57:09.692Z
dbdb0656-79f8-4360-aa09-d304f40f88a6,implement,1,34a07f73-7397-4263-95eb-efec7299ffe7,needs_review,2026-09-15T02:03:13.695Z
f4796b69-48b6-4006-a132-b4aedb1e4895,eng_design,1,4cde77ab-692a-4609-b8df-21a99e2609d0,phase_design_complete,2026-09-15T02:09:03.730Z
62282d97-d6c2-4d1a-a471-db9f1e047e10,implement,1,97463d7c-0d3f-4208-8df6-e693a00cdbeb,needs_review,2026-09-15T02:14:20.992Z
60a6b491-5770-4297-a95d-dfd1424b1e7b,eng_design,1,b29f2cf7-440b-4826-a3ff-64a5f2968fb1,phase_design_complete,2026-09-15T02:23:07.566Z
3887813b-263b-46db-8bb6-6d2771a87e99,implement,1,618ac3be-4d44-4ab2-8bb0-4183d32533b0,needs_review,2026-09-15T02:31:44.348Z
bc1af28d-3371-472b-8955-eaf948f0b9f4,implement,1,2d543988-6387-477b-b0d9-655e2cbaaf76,needs_review,2026-09-15T02:35:21.434Z
2ee4747d-ff26-4c92-9dce-fa08a6c69dd9,implement,2,9c482989-3044-4672-9110-1ccdd6b92c65,needs_review,2026-09-15T02:51:15.023Z
8b78b4fc-24d1-4a67-a30c-84032fcd556e,implement,1,d490ae84-f848-408d-bfb4-fcad6b9ff64c,needs_review,2026-09-15T03:00:29.380Z
5ea4805e-1e01-47d1-8be1-26641097104a,implement,1,7c2fdad7-b445-48be-9bb5-d3d6881f2fb3,needs_review,2026-09-15T03:00:30.976Z
dbdb0656-79f8-4360-aa09-d304f40f88a6,implement,2,34a07f73-7397-4263-95eb-efec7299ffe7,needs_review,2026-09-15T03:02:09.642Z
b0b36ef0-816a-4b77-b8ef-10ce14469919,implement,1,f80b61ca-bf3d-455e-8b7b-e6dd4f2b9585,needs_review,2026-09-15T03:09:16.215Z
2ee4747d-ff26-4c92-9dce-fa08a6c69dd9,implement,3,9c482989-3044-4672-9110-1ccdd6b92c65,needs_review,2026-09-15T03:43:21.305Z
710f860e-d8e5-45e6-9232-c4b8c65da7fd,implement,1,d7945bab-3e73-440b-8226-8dcb34eef770,needs_review,2026-09-15T04:46:51.135Z
d33a452a-8820-489e-b69d-a19ff2686836,implement,1,b0b00296-0ff1-4b4a-9bac-d479633d08b5,needs_review,2026-09-15T05:28:26.238Z
dbdb0656-79f8-4360-aa09-d304f40f88a6,implement,3,d3378115-c3f9-4133-b041-51c7119b498a,needs_review,2026-09-15T05:29:52.569Z
60a6b491-5770-4297-a95d-dfd1424b1e7b,implement,1,9b7b7504-b43b-4943-8b71-a310a301d6c6,needs_review,2026-09-15T05:37:15.410Z
2ee4747d-ff26-4c92-9dce-fa08a6c69dd9,implement,4,4ed9ec0d-3fc5-484a-a2aa-0dbd7f9d1f05,needs_review,2026-09-15T06:16:25.222Z
1588d54f-3266-42e3-97f1-7641e64a4fb4,implement,1,8ccefe69-9698-4ce6-902c-92bdbc0ade2a,needs_review,2026-09-15T08:47:55.647Z
2ee4747d-ff26-4c92-9dce-fa08a6c69dd9,implement,5,3657f99b-5dfb-47d8-b30e-85c61e8587c1,needs_review,2026-09-15T08:53:52.360Z
30621512-1c3e-486c-b0d6-cc73fc578bb9,implement,1,c7df5069-5a61-460d-a186-d9d6b6de4033,needs_review,2026-09-15T08:57:25.403Z
60a6b491-5770-4297-a95d-dfd1424b1e7b,implement,2,d2ab41f3-6e52-46b4-8dce-a1f8b99d1028,needs_review,2026-09-15T09:18:54.873Z
6180db8f-986f-491e-99d3-1447c0ff2653,implement,1,ef3f3d08-a1ac-4ea5-b065-6e10a6f30a4d,needs_review,2026-09-15T09:30:33.289Z
1588d54f-3266-42e3-97f1-7641e64a4fb4,implement,2,5dde386b-c560-4cd9-a0a6-8cf26ed28948,needs_review,2026-09-15T09:30:54.562Z
0a068569-3d21-4a04-9796-6565d78c555f,implement,1,702333ea-3aac-481f-9791-09038dab5119,needs_review,2026-09-15T11:04:09.464Z
e9611d9c-8dc3-4c5e-b826-443544e7d730,implement,1,cbe26903-778f-45b8-b321-ee7fdd7cf06c,needs_review,2026-09-15T11:17:12.635Z
02a683a4-9cd6-4314-b433-0d8c8c5c97ed,implement,1,394213e2-0101-4c15-ab9f-cec71cb42cc7,needs_review,2026-09-15T15:27:32.047Z
30621512-1c3e-486c-b0d6-cc73fc578bb9,implement,2,cec3f253-ec78-4f11-8391-690669b76ab5,needs_review,2026-09-15T17:06:02.919Z
bc1af28d-3371-472b-8955-eaf948f0b9f4,implement,2,8f0094ab-833f-4bea-9588-3e9b35dd23f6,needs_review,2026-09-15T17:55:15.548Z
c65a8d52-5f17-4a0d-81b6-37922bbceb2d,general,1,5a5dcbc9-e8cc-4f02-91a7-e188e70bdef4,needs_review,2026-09-15T18:14:18.964Z
e9611d9c-8dc3-4c5e-b826-443544e7d730,implement,2,556ebb26-b073-4738-972e-49346f50031b,needs_review,2026-09-15T19:05:04.020Z
23f4da11-42bd-4482-8dec-d24fd7463300,implement,1,5a9bd5d0-17ad-4940-8a67-03ff9b67e092,needs_review,2026-09-15T19:07:32.667Z
2ee4747d-ff26-4c92-9dce-fa08a6c69dd9,implement,6,e0c055e7-2e2a-4189-969a-d37d3109aed6,needs_review,2026-09-15T19:12:37.727Z
3887813b-263b-46db-8bb6-6d2771a87e99,implement,2,fc75c116-07f5-4138-9c4f-1bb379472d89,needs_review,2026-09-15T19:13:48.408Z
627d7544-1989-479f-839e-d68e0df33183,implement,1,f335cac6-4eaf-49ea-b55c-d49f6f19a7eb,needs_review,2026-09-15T19:17:05.526Z
e55081f9-b2d8-4311-98e4-0911133b5cf1,implement,1,067fa75a-3b94-4de5-a70a-f157147e9b45,needs_review,2026-09-15T19:51:48.702Z
3887813b-263b-46db-8bb6-6d2771a87e99,implement,3,fc75c116-07f5-4138-9c4f-1bb379472d89,needs_review,2026-09-15T20:09:03.129Z
4b9af037-9d36-45ff-ad0b-b8d1a3cced34,eng_design,1,318d4b63-ade4-4dc5-86cc-0721d89b42a2,phase_design_complete,2026-09-15T23:09:49.396Z
4545e991-5f7f-478c-ab9f-013d40bb9e36,implement,1,538b06e0-f103-4b68-ad84-96f38d677bbe,needs_review,2026-09-16T00:26:27.244Z
2ee4747d-ff26-4c92-9dce-fa08a6c69dd9,implement,7,a70a514f-5882-4bc0-aa0e-c4d5002f01df,needs_review,2026-09-16T01:08:03.622Z
cffda7d2-1c69-4ea3-8b48-6177304295e6,eng_design,1,93e1ef68-1afa-459a-a0d1-d52eb4ad7a2e,phase_design_complete,2026-09-16T01:11:47.751Z
4a585d8b-0454-4f51-8a83-c0a1b81cc2a4,eng_design,1,dd57b466-0a26-4d51-b32f-726ae6e3d311,phase_design_complete,2026-09-16T01:55:15.998Z
4545e991-5f7f-478c-ab9f-013d40bb9e36,implement,2,538b06e0-f103-4b68-ad84-96f38d677bbe,needs_review,2026-09-16T02:13:06.169Z
54eb7a77-65fc-4251-bb9a-56885764a455,implement,1,e518e773-6bb0-47ab-b17c-500a44fe2775,needs_review,2026-09-16T02:18:17.790Z
15612058-44f0-4414-a02b-7c58c191c53e,implement,1,95281478-5f33-4772-8fd0-c3f98ed718bf,needs_review,2026-09-16T02:38:14.912Z
a4ae6bae-1ac5-4c5a-8693-b72ec90370dd,eng_design,1,fa22d94c-042b-420f-99f3-5b9518b99e46,phase_design_complete,2026-09-16T04:26:26.908Z
d0e72d2d-e8b3-469d-af0c-abc4b2036bce,implement,1,2f2f6441-598c-44ee-a057-33d77b0f5932,needs_review,2026-09-16T04:54:20.817Z
cd8ca652-00d7-4594-839a-e0f9f3bad594,eng_design,1,5c2f5ba2-c87b-427b-8551-bc43c6687df4,phase_design_complete,2026-09-16T04:56:20.553Z
0585ac28-c435-4720-a239-1c74b39bb8cc,implement,1,e1829cb5-a636-43d6-8e03-623eb54d4d57,needs_review,2026-09-16T05:58:45.813Z
fce48843-eb28-44a3-8256-0b5193e6c1e1,eng_design,1,35b23197-342c-4f5f-b506-7cad0b175e93,phase_design_complete,2026-09-16T06:25:52.789Z
0079c0da-2d36-4c12-8dc1-a14f4ef04517,implement,1,7a4c9ce4-59b8-47ca-8231-9cade3ad0790,needs_review,2026-09-16T08:06:08.675Z
d726a117-1b05-4090-8e84-041def77f860,implement,1,05cc03de-2398-4204-b765-c13fb9e47e75,needs_review,2026-09-16T08:10:08.698Z
685d117d-8eeb-489b-9f44-9abd313b3ab4,implement,1,9ce407a3-d956-45c0-9abb-6d36b8fc56c2,needs_review,2026-09-16T09:00:22.179Z
0079c0da-2d36-4c12-8dc1-a14f4ef04517,implement,2,7a4c9ce4-59b8-47ca-8231-9cade3ad0790,needs_review,2026-09-16T09:30:03.890Z
443b2f98-0e6e-4fe0-8e55-6562a7253046,implement,1,823730c9-5476-4677-b2f1-634bb0192302,needs_review,2026-09-16T10:58:05.855Z
443b2f98-0e6e-4fe0-8e55-6562a7253046,implement,2,823730c9-5476-4677-b2f1-634bb0192302,needs_review,2026-09-16T11:48:02.652Z
cd8ca652-00d7-4594-839a-e0f9f3bad594,implement,1,ae550b58-2a04-4fc1-9811-3c31d9889ca2,needs_review,2026-09-16T12:10:02.568Z
fce48843-eb28-44a3-8256-0b5193e6c1e1,implement,1,39d9b1ba-b170-44cc-95c3-222dd6821c6e,needs_review,2026-09-16T13:07:04.509Z
cd8ca652-00d7-4594-839a-e0f9f3bad594,implement,2,872afadc-bee7-4cc8-8ebf-4f0fb48f709c,needs_review,2026-09-16T14:01:26.341Z
571bfa52-2826-45e1-a8d9-7b894d1987df,eng_design,1,3e134b5a-8c1f-4e29-9fce-f222a42db889,phase_design_complete,2026-09-16T17:16:10.636Z
d3708e46-50ff-4d09-a705-c99d1b5452da,eng_design,1,4e337348-c7f6-459a-8446-4eacf75077b2,phase_design_complete,2026-09-16T19:02:53.512Z
685d117d-8eeb-489b-9f44-9abd313b3ab4,implement,2,23fa4549-7e22-400c-ad32-f32f34c60ffa,needs_review,2026-09-16T19:24:10.530Z
571bfa52-2826-45e1-a8d9-7b894d1987df,implement,1,6b4c1aba-74c5-4ad1-adca-8394204eed71,needs_review,2026-09-16T20:54:13.066Z
cd8ca652-00d7-4594-839a-e0f9f3bad594,implement,3,153dfa8a-d17a-484d-9d48-cbe00822414d,needs_review,2026-09-16T21:05:37.761Z
443b2f98-0e6e-4fe0-8e55-6562a7253046,implement,3,ca1c8038-3a37-4e86-b132-839db0a4c157,needs_review,2026-09-16T21:09:00.650Z
bd60cabb-aeb2-4be1-9900-68cf1b1f43e5,implement,1,71e56883-2b38-45a8-9f2d-4dd9b6b6f80b,needs_review,2026-09-16T21:09:31.431Z
097bb435-78b0-4d42-b6e3-3143fe4b6684,implement,1,966274b3-2c4a-4302-a6e6-578f2b24da82,needs_review,2026-09-16T22:57:59.506Z
d3708e46-50ff-4d09-a705-c99d1b5452da,implement,1,0f7e51d4-a3ac-4bcd-aed9-3d93ea726470,needs_review,2026-09-16T23:46:58.009Z
cd8ca652-00d7-4594-839a-e0f9f3bad594,implement,4,6f880aac-46c4-4d2d-858d-7d6301f9ef5a,needs_review,2026-09-17T00:09:33.243Z
54f5dd24-fe9d-49e7-a3dd-2119858e520c,implement,1,66d07235-a624-400c-8bce-fa53cb26bf3b,needs_review,2026-09-17T00:48:43.139Z
571bfa52-2826-45e1-a8d9-7b894d1987df,implement,2,3bfdc6b2-5d9e-4bf1-9a37-05da309619ef,needs_review,2026-09-17T00:51:15.367Z
cd8ca652-00d7-4594-839a-e0f9f3bad594,implement,5,ecd3c21f-2a83-4be3-928d-541dcf0d03de,needs_review,2026-09-17T00:57:06.437Z
d3708e46-50ff-4d09-a705-c99d1b5452da,implement,2,aa84ac09-75fa-433a-8633-0f9c4fe10172,needs_review,2026-09-17T02:51:40.246Z
9cf7f7ca-37bd-4acd-9155-a0e9a9735e8e,implement,1,92f20bef-28e5-4dfa-bf2f-1ee64ead6e68,needs_review,2026-09-17T05:12:08.548Z
cd8ca652-00d7-4594-839a-e0f9f3bad594,implement,6,0cd35ab1-062f-4f15-8d8f-51a684218e8b,needs_review,2026-09-17T05:14:17.332Z
a03da996-f0dc-4506-beb7-d7254ba32b40,implement,1,d0a62886-1831-4402-b5b3-49173d43525e,needs_review,2026-09-17T07:59:22.575Z
a03da996-f0dc-4506-beb7-d7254ba32b40,implement,2,75a72def-9c6a-4f20-a3cc-318f5d4eff9c,needs_review,2026-09-17T10:11:37.572Z
a03da996-f0dc-4506-beb7-d7254ba32b40,implement,3,fd767919-239d-4f08-beb1-ec55e6e4aa20,needs_review,2026-09-17T12:42:06.805Z
d4be0283-628d-464c-9728-e9938e2d579b,general,1,f2a635d7-700c-48bd-97aa-8cde8eeb55c0,needs_review,2026-09-17T19:20:19.494Z
9645f6b0-5047-464c-8ecd-be7fcabd988f,eng_design,1,f8e4af62-14ac-44af-9067-b75f944a54d1,phase_design_complete,2026-09-17T19:36:19.283Z
3f9a62c4-7986-4429-a5e3-82f42aefe5a9,eng_design,1,8c0960c0-9423-42d9-8e82-1f3873cc0d6f,phase_design_complete,2026-09-17T19:47:37.952Z
6f9daeec-8ab2-40cd-b492-17b386f3e5ad,eng_design,1,0238f1f5-004f-4bf8-a93d-2eef9a7dc892,phase_design_complete,2026-09-17T20:04:02.986Z
070bd942-cce0-46ca-88a3-5215886fb107,eng_design,1,34627a91-90da-4f99-a1c5-79149cc00848,phase_design_complete,2026-09-17T20:09:30.729Z
b5cf7875-c661-449f-84cb-16dcde4e3997,eng_design,1,a3d9ec8a-9a15-4e16-ab12-d500f66d0292,phase_design_complete,2026-09-17T20:18:45.965Z
8ac2f0be-5754-4c55-a05d-2c389ba56b54,eng_design,1,0d4a33b8-c99f-4f0f-b9cc-8d240a33458f,phase_design_complete,2026-09-17T20:48:02.800Z
8bc20a0d-345f-431a-b686-eeb058d4dd6e,eng_design,1,5dfe3ccb-3e4e-49c2-8dcf-36d31705bc98,phase_design_complete,2026-09-17T20:48:14.041Z
986c9c22-a588-4cf4-a21e-fa3b90a3c2de,implement,1,1b9496f4-ed99-48d7-a664-5e89af0b5183,needs_review,2026-09-17T21:08:55.039Z
e078231d-afd4-42e6-990a-bc2b00fcdab8,general,1,50c052e8-6420-4509-97a3-7be822fb2e2c,needs_review,2026-09-17T21:12:10.062Z
8b3933da-4fa2-4a8d-bd9d-ec6392870310,general,1,09514e4c-a0dd-4f3e-9650-5c648dfc04c8,needs_review,2026-09-17T21:43:16.707Z
676c00c1-59bb-4aa4-9464-421b4b0b02b5,eng_design,1,3fa84202-a438-42d0-a9f2-4af8e9ea0be6,phase_design_complete,2026-09-17T21:53:57.004Z
fa725571-5d90-47ed-9ea2-f6d99ee23f82,eng_design,1,faa6b7d5-252f-49d3-a025-4f971fdb7dd0,phase_design_complete,2026-09-17T22:15:04.696Z
9645f6b0-5047-464c-8ecd-be7fcabd988f,implement,1,b0402019-5e1f-4fa4-aba0-08b349dcac55,needs_review,2026-09-17T22:21:20.949Z
116cc58c-7324-4fc5-abfa-0a7b035cd557,implement,1,fd1238b7-42da-4d48-845a-a239201455c0,needs_review,2026-09-17T22:25:19.219Z
91d4dd0a-85f2-4366-9cbb-3bbf3ea403de,eng_design,1,36aa918b-29eb-4d0c-9c51-5f36bc28938f,phase_design_complete,2026-09-17T23:49:04.793Z
9ff0c45a-d397-4a0f-b1fb-050d21351446,eng_design,1,31d7e809-16a8-47ef-a62d-c65afdca7250,phase_design_complete,2026-09-18T00:04:46.255Z
6f9daeec-8ab2-40cd-b492-17b386f3e5ad,implement,1,4db3d52d-0af0-4ea3-9a64-aa32fcb64b85,needs_review,2026-09-18T00:24:21.094Z
9b4fe698-d3b3-43b7-820d-beb3ce3e948a,implement,1,89611068-cd78-49c6-a2eb-2560ab098085,needs_review,2026-09-18T01:02:55.530Z
6f9daeec-8ab2-40cd-b492-17b386f3e5ad,implement,2,4db3d52d-0af0-4ea3-9a64-aa32fcb64b85,needs_review,2026-09-18T01:12:16.459Z
005878fc-ae1b-487a-b872-ebf4ac0a9666,eng_design,1,105f1938-10fb-4303-947f-1d8ad95f4fe4,phase_design_complete,2026-09-18T01:21:33.649Z
7d76b428-4b84-422a-a7fa-62b73f4f2b93,eng_design,1,196865ef-5793-4c95-8212-eb3ee7bc2f60,phase_design_complete,2026-09-18T01:27:36.726Z
fa725571-5d90-47ed-9ea2-f6d99ee23f82,implement,1,08a7ebf8-2ee0-4a2d-96a1-69269df3508a,needs_review,2026-09-18T01:32:45.283Z
070bd942-cce0-46ca-88a3-5215886fb107,implement,1,dc47ba20-d9f4-426e-9426-6feadc99c9a4,needs_review,2026-09-18T01:33:01.107Z
dc0c18ed-b1a9-472b-a2e3-51a093be0f26,eng_design,1,4935629b-b080-4a29-8c18-d185cd687dcb,phase_design_complete,2026-09-18T01:34:10.294Z
b5cf7875-c661-449f-84cb-16dcde4e3997,implement,1,8f4da583-8cce-429b-9132-45002708d6d7,needs_review,2026-09-18T01:35:07.011Z
6f9daeec-8ab2-40cd-b492-17b386f3e5ad,implement,3,4db3d52d-0af0-4ea3-9a64-aa32fcb64b85,needs_review,2026-09-18T01:45:26.145Z
8bc20a0d-345f-431a-b686-eeb058d4dd6e,implement,1,c62db952-d307-4042-83b2-f49fd7fb5621,needs_review,2026-09-18T02:07:06.975Z
666701c5-d6fb-41c0-b256-0f44ce3a94bb,eng_design,1,2bb3cddc-adc6-4e18-9e0d-ffffa2a68a14,phase_design_complete,2026-09-18T02:07:07.044Z
9b4fe698-d3b3-43b7-820d-beb3ce3e948a,implement,2,f2a1f1fe-ed33-4d2f-9b86-2d3fec6941e2,needs_review,2026-09-18T02:16:17.455Z
986c9c22-a588-4cf4-a21e-fa3b90a3c2de,implement,2,fe108a3c-6423-40c0-a69f-9aedc1691acf,needs_review,2026-09-18T02:36:13.432Z
070bd942-cce0-46ca-88a3-5215886fb107,implement,2,5ca36a85-fba6-4a2c-958f-f3a5653a4bd2,needs_review,2026-09-18T03:13:34.577Z
6f9daeec-8ab2-40cd-b492-17b386f3e5ad,implement,4,f6274caf-1bb9-43b2-b8d9-74dd5014854b,needs_review,2026-09-18T03:18:55.753Z
8ac2f0be-5754-4c55-a05d-2c389ba56b54,implement,1,7b131c44-49cd-405e-bd96-0d4a6b4089c8,needs_review,2026-09-18T03:19:52.977Z
4f46e773-3ca9-475e-aead-c2c240558dd4,general,1,6eacd20b-d780-467c-9da9-b9c7163099e7,no_code,2026-09-18T04:18:58.577Z
5b79da42-6cd8-48b9-af9a-c505e2c7c390,general,1,e3cbf673-22b6-421a-9cb8-0e271f351a46,needs_review,2026-09-18T04:26:37.070Z
137b8ea4-68ae-4384-8e48-d7571dd3e8c7,implement,1,b309fb9c-493c-4893-81ba-7248bcde4d30,needs_review,2026-09-18T06:09:43.756Z
6f9daeec-8ab2-40cd-b492-17b386f3e5ad,implement,5,f6274caf-1bb9-43b2-b8d9-74dd5014854b,needs_review,2026-09-18T06:19:07.026Z
f426b8bc-b7aa-4202-9db9-ded05db69e13,implement,1,286a1527-4b51-46ec-b4f3-9279d5fecdfa,needs_review,2026-09-18T06:42:13.653Z
5fe45c92-4cc1-40ff-b0e3-85978d0e484a,eng_design,1,8ca42b23-e25c-497e-b623-deaef413b86e,phase_design_complete,2026-09-18T07:07:20.715Z
16a5f2d3-654e-4596-a822-d9829ec7e0e1,implement,1,bd940246-9628-473c-9fd9-570d3a2748a4,needs_review,2026-09-18T07:28:35.388Z
9a9c1584-23cc-4813-bb04-90f74ee112b1,implement,1,3fcc8fab-ccd5-4cf1-99b1-8310d3d222d5,needs_review,2026-09-18T07:31:26.695Z
d4e0de1f-8d3d-45ca-8426-574befa44aa7,implement,1,14ddd5a9-8090-416a-92f1-7202f5257fb6,needs_review,2026-09-18T07:34:33.553Z
8bc20a0d-345f-431a-b686-eeb058d4dd6e,implement,2,c14f61dc-e8cb-4a08-9d9d-554ed58740c2,needs_review,2026-09-18T07:46:24.950Z
fa725571-5d90-47ed-9ea2-f6d99ee23f82,implement,2,104a604c-2ac1-40f3-94b1-f78f7be924ef,needs_review,2026-09-18T07:47:30.488Z
caeba1cb-cfd7-427b-ab3b-78293cd493a3,implement,1,032b2026-c208-4b44-83aa-97d13250aae5,needs_review,2026-09-18T07:47:30.898Z
8fa62c6a-63aa-499a-911a-41b6e4b3ab8b,implement,1,87c83ac5-4e0e-42ac-a42a-e02c04acd2d3,needs_review,2026-09-18T08:39:30.214Z
d4e0de1f-8d3d-45ca-8426-574befa44aa7,implement,2,14ddd5a9-8090-416a-92f1-7202f5257fb6,needs_review,2026-09-18T08:53:32.537Z
137b8ea4-68ae-4384-8e48-d7571dd3e8c7,implement,2,4c7af728-d618-4d03-a4ff-3c54f405f526,needs_review,2026-09-18T09:09:01.054Z
48978a54-29c5-44b4-89d6-0f4c858925a8,implement,1,a45db142-3b6b-4690-baa5-3e55803201c0,needs_review,2026-09-18T09:38:13.495Z
8fa62c6a-63aa-499a-911a-41b6e4b3ab8b,implement,2,e70f08b1-c461-4369-96e8-fc5a17280906,needs_review,2026-09-18T10:21:49.545Z
3d553a29-40f4-4a92-974b-f0a9b565d30e,implement,1,9f1c4235-5e62-4837-8e73-5f581a7f2418,needs_review,2026-09-18T10:50:01.900Z
8fa62c6a-63aa-499a-911a-41b6e4b3ab8b,implement,3,e70f08b1-c461-4369-96e8-fc5a17280906,needs_review,2026-09-18T11:38:28.248Z
5fe45c92-4cc1-40ff-b0e3-85978d0e484a,implement,1,f4272216-99dc-4ea9-8432-2a405c987b2a,needs_review,2026-09-18T12:35:50.378Z
19f65593-cb7e-40cd-aa12-5158532475ce,eng_design,1,29871354-a261-4af5-9f63-cdbf0c59372e,phase_design_complete,2026-09-18T17:00:05.992Z
27ca0f42-a513-4531-bf61-5123fe7fa610,eng_design,1,d9fb0d9a-6815-4b74-8cdc-d959fc08a493,phase_design_complete,2026-09-18T17:04:36.354Z
3e26508b-51b8-41b1-b11c-9a805ee715af,implement,1,bd79d136-2e0d-448d-b0cc-b720ca94560d,needs_review,2026-09-18T17:16:26.428Z
4a3e8759-7e53-434d-a64c-d108d5dd318c,eng_design,1,a103f146-ca92-4bf2-ae4d-964152d08057,phase_design_complete,2026-09-18T17:17:20.131Z
95ae2692-a390-4a53-807f-9cd232cf8c90,eng_design,1,b3159b98-3a05-44f2-84dc-cb7a24b92b7c,phase_design_complete,2026-09-18T17:49:33.218Z
27ca0f42-a513-4531-bf61-5123fe7fa610,implement,1,3d5bb1e3-5d07-496e-8be8-67293c0cb6c2,needs_review,2026-09-18T20:20:37.814Z
9ba316c3-cd27-4e89-acb7-b2b670394757,eng_design,1,82979ddc-810e-42c6-b9a4-2c681bb68375,phase_design_complete,2026-09-18T20:55:49.401Z
a9ae75e1-4b08-4d14-b18e-5f127cd8c481,eng_design,1,d81f026e-ea32-4676-a2f3-3594e2f39d67,phase_design_complete,2026-09-18T21:03:21.066Z
e59484de-d0d7-46ec-8953-96db2e06ad18,eng_design,1,a199e048-3a36-4ed0-b8e3-780938fce265,phase_design_complete,2026-09-18T23:20:55.074Z
b8c293f0-6968-4f33-8df7-e7e6aea2a7cb,eng_design,1,bc671b1d-2373-47b6-a1fc-f408eddbbae0,phase_design_complete,2026-09-18T23:26:38.645Z
0b7f3dd9-6718-40b0-8968-d90be6f6af31,eng_design,1,d3eacb3b-e0d3-428f-a964-a24a4e419f23,phase_design_complete,2026-09-18T23:27:21.873Z
3e79e0f8-4102-4f2b-b4ec-6292d1e06dcc,eng_design,1,e3499d48-6a81-48a9-b93e-1b720206036d,phase_design_complete,2026-09-18T23:29:39.736Z
b15740cb-ea84-47fb-82f1-587d33f2cb74,eng_design,1,7c77328d-3a37-4a25-96ec-e873d9e968f2,phase_design_complete,2026-09-18T23:38:09.116Z
cf4ec485-c982-4b9b-96e8-1a2a47e4e8d0,eng_design,1,3771e914-7dac-459e-a3bb-836776845903,phase_design_complete,2026-09-18T23:42:39.139Z
98944e79-4574-446f-8c6f-63c69b92c684,implement,1,4ebdc4f9-0686-4dc7-b9a1-9d6c221c5c12,needs_review,2026-09-18T23:59:36.735Z
be36a306-c42a-4750-bf7b-c1f1f6201c6a,implement,1,63cf7b09-7a3e-4ff1-a431-9f3b0b2600e2,needs_review,2026-09-19T00:10:39.757Z
e59484de-d0d7-46ec-8953-96db2e06ad18,implement,1,258ace8f-235e-40e8-95c1-7715761f187d,needs_review,2026-09-19T00:14:28.234Z
cf4ec485-c982-4b9b-96e8-1a2a47e4e8d0,implement,1,622af2ee-5b22-4956-9e41-e323d4df1491,needs_review,2026-09-19T00:35:15.618Z
5c809cee-6784-424e-8f78-84e803c042c1,implement,1,728ade91-4ce9-4446-9304-85c61ef20070,needs_review,2026-09-19T01:13:26.740Z
c75e973f-855d-468d-9a46-86deb7a4b108,implement,1,aea74da0-577f-47f9-a99f-da7e2dcf9c56,needs_review,2026-09-19T01:13:45.494Z
d6b34663-d251-4174-9e96-281c09ae7241,implement,1,4d91eeb9-a966-4cf1-879d-94fb0bbf5e8a,needs_review,2026-09-19T01:18:13.266Z
c189ac65-2923-4b20-823e-df97bd46e3b0,implement,1,f0de3427-ea88-415f-83cf-cefa333e06d1,needs_review,2026-09-19T04:32:56.948Z
d6b34663-d251-4174-9e96-281c09ae7241,implement,2,593305db-38b9-4c7d-bb63-6d0f91dc3bf6,needs_review,2026-09-19T04:49:07.720Z
7d5e7d68-8a02-4f4a-9db3-6ffc0d458d17,eng_design,1,7e695378-05a8-4166-894a-2b06addc3b22,phase_design_complete,2026-09-19T04:49:45.943Z
d6b8a817-6024-40e6-ae11-ef9da5e84f35,eng_design,1,4097085a-de3e-4fbf-8dfd-384eb19aa638,phase_design_complete,2026-09-19T04:52:52.478Z
c189ac65-2923-4b20-823e-df97bd46e3b0,implement,2,f0de3427-ea88-415f-83cf-cefa333e06d1,needs_review,2026-09-19T05:06:12.849Z
ffe54e53-8014-407e-91f4-72d20842e927,eng_design,1,66d57aff-5ecc-401d-b1d6-821eee25bb18,phase_design_complete,2026-09-19T05:08:48.930Z
eb652991-d6f8-48e4-b59a-1baf94747289,implement,1,235b48cb-0c9f-48f3-b481-0eb63bdc5a4c,needs_review,2026-09-19T05:11:51.609Z
c41c24e9-11c9-40ea-b242-3221139a9cc6,implement,1,8aea8a08-79b5-4fa4-9e5a-5e7b35e7e091,needs_review,2026-09-19T05:12:07.999Z
a2727d85-eb8b-4c63-87d9-049f149316ca,implement,1,9f360087-6397-4df6-ac10-01adbe6437ff,needs_review,2026-09-19T05:15:12.352Z
e55e698d-953f-4c02-936d-752e66ca08db,implement,1,02b50c77-b1ee-429b-aa74-a289a17f671d,needs_review,2026-09-19T05:22:13.604Z
7380b8a8-a64c-480a-998c-3db98bd715ce,implement,1,ed79051f-89fb-4806-8fcf-0a463503b553,needs_review,2026-09-19T05:28:33.876Z
eb652991-d6f8-48e4-b59a-1baf94747289,implement,2,235b48cb-0c9f-48f3-b481-0eb63bdc5a4c,needs_review,2026-09-19T05:53:35.012Z
6f76d337-bc9d-4015-a4af-4d78d2e1da96,implement,1,bc4d95cc-fbe2-4023-a49a-3358d1d9378d,needs_review,2026-09-19T06:31:10.952Z
d6b34663-d251-4174-9e96-281c09ae7241,implement,3,f96cfae5-6d03-4eae-bbee-9efa14cc4885,needs_review,2026-09-19T07:14:20.656Z
a2727d85-eb8b-4c63-87d9-049f149316ca,implement,2,0ddf2a6e-7cdc-44c6-86c5-b56ad4918545,needs_review,2026-09-19T07:19:53.956Z
d6b8a817-6024-40e6-ae11-ef9da5e84f35,implement,1,50e3b437-0618-4a9c-93b7-55b70e8ba6cd,needs_review,2026-09-19T07:58:19.728Z
e3953013-ab39-420d-af22-914cca1404b8,eng_design,1,225b9ad5-2785-4416-a89a-ea1f3b534344,phase_design_complete,2026-09-20T21:44:52.382Z
50898ad0-107e-45fa-8a85-0569b332a799,eng_design,1,e9916077-f18b-4797-9955-7bcdde2fe01d,phase_design_complete,2026-09-20T21:46:42.352Z
82f0f3a5-8564-471f-8dcf-209fbf04793e,eng_design,1,481af938-0103-46ae-a568-dc2acb457ea2,phase_design_complete,2026-09-20T22:12:01.532Z
3f788ab3-b20b-4aa0-a1e0-914a78478bb8,eng_design,1,87f166c8-c9c4-4043-bd4e-7130997fdccf,phase_design_complete,2026-09-20T22:37:27.670Z
f634fbc3-c649-4c8e-9eb2-4db98618a0c2,implement,1,93cf2eeb-2ce7-40d6-bf30-a787f1a44847,needs_review,2026-09-20T22:59:28.988Z
4d8bcb46-7b51-4339-8e92-f0c46820d86b,implement,1,f15ad189-63a1-49e1-b2f4-a3b15cb4a64a,needs_review,2026-09-20T23:05:03.687Z
e3953013-ab39-420d-af22-914cca1404b8,implement,1,3a6c603a-ae9e-4302-a397-52430829830d,needs_review,2026-09-20T23:14:05.313Z
50898ad0-107e-45fa-8a85-0569b332a799,implement,1,14f73b84-ddd1-4ed6-af00-f22745edfd7d,needs_review,2026-09-20T23:21:27.757Z
83175fd7-d0ae-44e9-92b3-29657908a1f2,implement,1,525c3f9d-226e-4ca1-b131-acad152166b7,needs_review,2026-09-20T23:58:03.021Z
4536796c-d5d4-4cad-88d9-326f5c0bbfa8,implement,1,eb4837d6-21fe-4e41-9ef0-a5a146c973b9,needs_review,2026-09-21T01:02:43.634Z
3f788ab3-b20b-4aa0-a1e0-914a78478bb8,implement,1,cc274bce-9867-4f06-a7d5-94143939735e,needs_review,2026-09-21T01:15:30.956Z
83175fd7-d0ae-44e9-92b3-29657908a1f2,implement,2,525c3f9d-226e-4ca1-b131-acad152166b7,needs_review,2026-09-21T01:32:51.540Z
82f0f3a5-8564-471f-8dcf-209fbf04793e,implement,1,3cd9723d-dfbc-4485-998c-d70ba956bfd4,needs_review,2026-09-21T02:25:42.010Z
09c95430-90ba-49f5-8048-61b72713dac4,implement,1,782efee4-b6c2-4065-ac0d-e4157aee886a,needs_review,2026-09-21T07:39:37.170Z
24e415a2-0ba5-44b8-98f1-48824f53de96,implement,1,4cbbecad-2f5b-4826-aedd-76785c69e75f,needs_review,2026-09-21T07:53:30.622Z
ff0ad0f3-c7bd-403b-b374-102c7c24ac32,implement,1,68ac8a30-5f45-419d-a928-d29a0f16a208,needs_review,2026-09-21T08:15:02.160Z
18a7ba4b-f615-42b8-a2a7-6a79641c9833,implement,1,256b630f-6bdb-4d07-9288-e390da275636,needs_review,2026-09-21T10:07:00.855Z
837d99b5-085a-4cf6-93dd-652c82f01c7f,implement,1,cec909c2-b2ce-492a-9c7e-9228b5144be7,needs_review,2026-09-21T10:08:46.589Z
eac6b4cc-8e90-48fc-97b4-e2ba7c9f3fc2,implement,1,053c4533-7820-424f-a56d-6c5026713c17,needs_review,2026-09-21T10:29:46.125Z
6a234458-fcc4-4565-a4a3-ac10fd29d815,implement,1,7e957f13-c0e3-45fa-ad74-a781ac8ee0a7,needs_review,2026-09-22T04:18:14.150Z
3705ccbb-4976-49b9-9a67-a6ebd6a56b39,implement,1,6f31f6b5-dea4-4be4-8244-15fd26301bfa,needs_review,2026-09-22T05:08:26.950Z
09c95430-90ba-49f5-8048-61b72713dac4,implement,2,cbca88b1-189d-4f11-81f1-fbc769d97ffb,needs_review,2026-09-22T05:42:31.211Z
eac6b4cc-8e90-48fc-97b4-e2ba7c9f3fc2,implement,2,7c27b7ca-1383-41f5-88ec-4a7bf6f12bcf,needs_review,2026-09-22T06:13:39.802Z
09c95430-90ba-49f5-8048-61b72713dac4,implement,3,cbca88b1-189d-4f11-81f1-fbc769d97ffb,needs_review,2026-09-22T07:04:00.033Z
1314690d-b2dd-4211-9bab-bd39ca94128d,implement,1,74b34e1c-f365-49d3-a583-ed04006d46a5,needs_review,2026-09-22T08:22:05.969Z
3065e8d4-993e-43d9-a66a-28b59f3d36e5,implement,1,691caca6-f623-4187-9ddf-e3483dc57ccf,needs_review,2026-09-22T08:35:32.550Z
eac6b4cc-8e90-48fc-97b4-e2ba7c9f3fc2,implement,3,7c27b7ca-1383-41f5-88ec-4a7bf6f12bcf,needs_review,2026-09-22T08:45:27.251Z
1314690d-b2dd-4211-9bab-bd39ca94128d,implement,2,74b34e1c-f365-49d3-a583-ed04006d46a5,needs_review,2026-09-22T08:58:08.743Z
3065e8d4-993e-43d9-a66a-28b59f3d36e5,implement,2,691caca6-f623-4187-9ddf-e3483dc57ccf,needs_review,2026-09-22T09:43:46.871Z
f8bd1b21-6ab2-4baf-a2a9-a93d5473bf71,implement,1,01f47121-a6ea-49ee-a8d8-dc5a472d1681,needs_review,2026-09-22T16:56:47.055Z
eac6b4cc-8e90-48fc-97b4-e2ba7c9f3fc2,implement,5,c2113433-edf1-453b-8c7b-121aa951629e,needs_review,2026-09-23T00:17:30.529Z
f3de0285-4be5-475d-9902-9e3c0549224f,eng_design,1,47f8583c-47bc-40cf-8958-a1228afb06ae,phase_design_complete,2026-09-23T00:55:32.156Z
684a8a80-c803-4830-af36-ca97b3252172,implement,1,88f7ff8d-c199-4848-853d-ed85283defde,needs_review,2026-09-23T01:34:53.638Z
bb4b1c33-6fc3-42f1-9df5-63e9160f96c4,general,1,d69b68b8-a8bb-4a70-a23a-767ad63949dd,needs_review,2026-09-23T02:59:34.262Z
bb4b1c33-6fc3-42f1-9df5-63e9160f96c4,general,2,d69b68b8-a8bb-4a70-a23a-767ad63949dd,needs_review,2026-09-23T03:21:00.576Z
84ac31cc-ca18-4e43-8e81-3acd275f28dd,implement,1,1c295346-5ab6-41e9-a8f8-396d9c93f62b,needs_review,2026-09-23T03:24:56.140Z
feea9dcf-dd79-4807-ac61-ec93c58b50bc,general,1,df3bec04-6c87-43dc-950a-c1b2e6af3059,needs_review,2026-09-23T04:05:09.583Z
feea9dcf-dd79-4807-ac61-ec93c58b50bc,general,2,df3bec04-6c87-43dc-950a-c1b2e6af3059,needs_review,2026-09-23T04:10:00.613Z
bce605bf-d29e-45ab-8008-4ca0fc730780,implement,1,cf70ee17-21cd-48e5-a993-63f246ac2a48,needs_review,2026-09-23T04:23:15.011Z
0e77a6ed-aa68-4fb8-b3e3-c73dceca1f0d,eng_design,1,8edaf8bb-ef9c-4a5c-b05a-27a4cd4d6aa6,phase_design_complete,2026-09-23T04:41:49.466Z
39a39d17-549c-4ae5-af86-3ede3f4768a4,eng_design,1,82860d32-327a-4fb0-b408-eaa5e50646e7,phase_design_complete,2026-09-23T04:49:04.577Z
bb420d3b-1d81-465e-b3da-c4809b8c7b26,general,1,ca4dc696-9895-4d92-bad5-ee356ac11b1c,needs_review,2026-09-23T05:01:28.558Z
53ab3f14-8bc0-4806-95a1-80686f4ea7a1,implement,1,cee9becb-7da9-4eab-986d-18f2d27326ba,needs_review,2026-09-23T05:45:01.085Z
bce605bf-d29e-45ab-8008-4ca0fc730780,implement,2,2faf8eb5-afdb-46e6-aef6-44c1b126530d,needs_review,2026-09-23T05:45:26.927Z
5191051d-ed91-49b6-8c9e-2f3abc0b90cd,eng_design,1,4a7c8a8e-3d59-4194-b4a1-541006284408,phase_design_complete,2026-09-23T06:02:54.561Z
c6adf4fa-166b-4221-8034-c9e34b5fa5ec,implement,1,7497f142-e7d5-458c-b030-285b5fd08d66,needs_review,2026-09-23T06:12:02.375Z
532c0ee5-a15e-4cb7-afe6-a6e11e782823,implement,1,5a0dbf51-2eb9-4d9f-9cfa-367d6bdbd49e,needs_review,2026-09-23T06:14:09.651Z
cac670f2-3103-4e59-832e-786513fa1fc9,eng_design,1,49da92c8-f888-4efc-a8da-b82f20e11fd7,phase_design_complete,2026-09-23T06:16:07.934Z
b7852d37-e69f-47d2-ad26-62da604a8813,implement,1,8ea390d4-d0b2-426b-9ebe-6c92717f7fd1,needs_review,2026-09-23T06:29:25.486Z
d86374cf-076d-4482-884d-d233c6204de7,general,1,482670d8-8dfc-4a51-96b7-d02071fd0076,needs_review,2026-09-23T07:31:45.780Z
532c0ee5-a15e-4cb7-afe6-a6e11e782823,implement,2,61b2368f-4200-46d0-8b21-a83f55e1cd81,needs_review,2026-09-23T07:54:08.596Z
b7852d37-e69f-47d2-ad26-62da604a8813,implement,2,296e5376-6dba-452f-96b6-35d7a4c8e530,needs_review,2026-09-23T08:52:07.047Z
532c0ee5-a15e-4cb7-afe6-a6e11e782823,implement,3,61b2368f-4200-46d0-8b21-a83f55e1cd81,needs_review,2026-09-23T09:01:38.350Z
837de386-ca0a-4bb8-8b3c-1973823b9bb7,implement,1,e59dd6c2-7180-4ae4-82dd-c413f100d3b9,needs_review,2026-09-23T09:04:34.376Z
e51860da-f8a8-4fa8-bc5f-9253b88cc4bd,eng_design,1,9112b04e-9ec0-44f2-8d94-159a59d61f77,phase_design_complete,2026-09-23T09:06:21.393Z
cac670f2-3103-4e59-832e-786513fa1fc9,implement,1,6a68c310-0609-4488-9947-d8b41abbb41e,needs_review,2026-09-23T09:22:46.920Z
103bac96-f0ae-498a-b981-da4a3186a651,implement,1,3606baaf-a8a2-40ed-bd27-b6983402653f,needs_review,2026-09-23T09:28:44.100Z
fec3e02d-ba7e-407c-a55d-87ee17313e30,implement,1,a466cb95-fab3-4385-ab88-5d81c066dd2f,needs_review,2026-09-23T09:36:17.246Z
36ce617c-1496-4982-b23d-65c9e1fb77ae,implement,1,2e3191cf-2a2a-4a96-b19c-40dd46487b22,needs_review,2026-09-23T10:41:16.549Z
b25aeb38-37c6-4e3d-b32f-5b35b5908f25,implement,1,f23ff733-c54c-425d-8430-ec59f841d9a3,needs_review,2026-09-23T10:49:08.629Z
2f616bd5-693a-4d0b-8b43-a6986202c8c8,implement,1,9a2aa63c-a8cc-4495-9081-b7af109a0977,needs_review,2026-09-23T10:50:40.790Z
53ab3f14-8bc0-4806-95a1-80686f4ea7a1,implement,2,cee9becb-7da9-4eab-986d-18f2d27326ba,needs_review,2026-09-23T11:37:41.566Z
0e77a6ed-aa68-4fb8-b3e3-c73dceca1f0d,implement,1,90adb2d1-9bd5-4113-bbe0-f25e829d5d09,needs_review,2026-09-23T11:38:55.664Z
36ce617c-1496-4982-b23d-65c9e1fb77ae,implement,2,f4c9594c-f5e9-450b-b4d9-ead15adc1ba6,needs_review,2026-09-23T11:46:31.910Z
3831cff3-35ef-4802-bb05-484edbba72a5,implement,1,32c14149-2fa4-47e4-8534-eb8f68d72874,needs_review,2026-09-23T12:07:09.942Z
ac672a74-7ce4-4c6a-9bdc-62372c8632a4,implement,1,a263bc64-bddc-4654-b67d-e2cdfe921797,needs_review,2026-09-23T12:41:29.887Z
5191051d-ed91-49b6-8c9e-2f3abc0b90cd,implement,1,e66b67a7-50dd-4257-a6cf-ffadc8314f25,needs_review,2026-09-23T12:47:36.750Z
cc4c3f4e-c575-48bf-92d1-e0e8ac5c850d,implement,1,7ed364c9-2091-47fa-aa5f-7abe59011349,needs_review,2026-09-23T12:55:07.414Z
3831cff3-35ef-4802-bb05-484edbba72a5,implement,2,32c14149-2fa4-47e4-8534-eb8f68d72874,needs_review,2026-09-23T13:21:20.990Z
e365b785-4668-4a7f-aef0-aebe6ca32a51,implement,1,af6e5cf1-e358-47f1-89fb-52718f9053cb,needs_review,2026-09-23T13:33:43.432Z
e51860da-f8a8-4fa8-bc5f-9253b88cc4bd,implement,1,4f98262b-eb7a-49ee-a69b-d3b46d521ee2,needs_review,2026-09-23T13:38:34.229Z
f66e1d1b-f329-4e8f-94b6-0b2c0ac7abde,eng_design,1,fda68c0b-4ad8-4e0f-8e6d-2ac788b460c2,phase_design_complete,2026-09-23T14:18:54.699Z
9760d356-1bf8-4217-bba0-245682e5a44b,implement,1,d2ecdf80-9fe5-4cb7-ad54-7e62abee1b61,needs_review,2026-09-23T14:22:45.261Z
84903017-2853-44fb-81aa-047cf693fb80,implement,1,72eacc06-8b9f-42d3-a3c7-8d6dbfcb9dd8,needs_review,2026-09-23T14:40:23.313Z
e4da6f23-5b9e-4341-847d-b1a4607c1ce4,implement,1,a69af4c1-a2bc-4888-a9dd-6e763f73cb98,needs_review,2026-09-23T15:23:19.185Z
e51860da-f8a8-4fa8-bc5f-9253b88cc4bd,implement,2,4f98262b-eb7a-49ee-a69b-d3b46d521ee2,needs_review,2026-09-23T15:26:10.505Z
d9e27cf5-3392-49c7-af3e-4bf623f29a01,implement,1,8e5a3cde-d9b1-42ec-a0b2-796e4682f333,needs_review,2026-09-23T15:36:36.433Z
4e2ba12c-312c-47eb-bcb7-2942947b6e70,implement,1,634930a6-eb1b-4a95-a347-0e37a9eda281,needs_review,2026-09-23T16:36:53.483Z
55865cb9-8dea-464c-9817-7058da59de9d,implement,1,91f185a4-b436-4a38-b051-638d077e4558,needs_review,2026-09-23T18:17:49.434Z
c211327a-9a4e-464c-9b6f-7059e12ed47b,eng_design,1,412a1c7c-b033-474f-b2ee-45b5b5dbc4d3,phase_design_complete,2026-09-23T18:31:07.804Z
996b6806-e3d8-4763-8100-831612cef2ad,eng_design,1,4461c3b9-2af5-47e1-b402-3a48c727f385,phase_design_complete,2026-09-23T19:34:30.843Z
143327b0-281b-4c53-80f2-64d659fdd152,implement,1,73aec897-14b0-434e-b1db-8ea1e7b07d7e,needs_review,2026-09-23T21:50:23.149Z
d299fdc9-5515-4070-b8c0-d2db14377dfa,implement,1,d9ac81c4-d6fc-42da-a9c1-96e50b2885ea,needs_review,2026-09-23T21:57:21.107Z
0531c321-0c14-4d53-acc6-65c663549493,implement,1,fc816208-3193-4d3e-b048-a0e5fd69976e,needs_review,2026-09-23T22:01:43.976Z
0531c321-0c14-4d53-acc6-65c663549493,implement,2,9f016fc5-3781-4208-a4c0-7f680393aab0,needs_review,2026-09-24T00:06:30.778Z
435650e5-e248-4844-9b3a-98033fd0b779,implement,1,9383060a-f410-404d-b725-f7919d50e9ff,needs_review,2026-09-24T00:29:51.130Z
435650e5-e248-4844-9b3a-98033fd0b779,implement,2,9383060a-f410-404d-b725-f7919d50e9ff,needs_review,2026-09-24T01:17:11.677Z
5e30bab3-ff65-40b8-89b5-ce547e5f76a2,implement,1,5da4c8de-3795-4edc-ad14-329c38e09ba6,needs_review,2026-09-24T02:47:43.429Z
238901c9-b50d-4b8d-8627-edefe5ff33dc,eng_design,1,35832f7a-6ce0-4068-a489-2e2ed9d66dca,phase_design_complete,2026-09-24T04:55:23.601Z
e4da6f23-5b9e-4341-847d-b1a4607c1ce4,implement,2,b8057761-300b-4764-b4da-8b8686ad653e,needs_review,2026-09-24T05:04:59.258Z
9760d356-1bf8-4217-bba0-245682e5a44b,implement,2,50c8805e-d5bb-46b9-9598-d7e3b79967bd,needs_review,2026-09-24T05:21:12.432Z
8f0326cc-1297-4289-b129-ce2099a622a0,eng_design,1,f371e87f-260f-4f3f-9473-dfd974e26517,phase_design_complete,2026-09-24T05:30:30.145Z
d9e27cf5-3392-49c7-af3e-4bf623f29a01,implement,2,8773168c-be01-4687-8813-68e4566a346e,needs_review,2026-09-24T05:51:39.294Z
9760d356-1bf8-4217-bba0-245682e5a44b,implement,3,50c8805e-d5bb-46b9-9598-d7e3b79967bd,needs_review,2026-09-24T06:13:43.721Z
35635a28-1d2b-47fd-987f-e77ec6a664dc,implement,1,614fb3ea-e937-48a7-8d88-1e871dbb9161,needs_review,2026-09-24T06:26:27.414Z
9760d356-1bf8-4217-bba0-245682e5a44b,implement,4,b224d252-30d2-4d13-b597-9663ea25de43,needs_review,2026-09-24T08:46:54.350Z
ab5dd282-431b-4006-afc3-7ed1220f794e,implement,1,6520c919-ded0-46e6-bfa5-76bba81770c6,needs_review,2026-09-24T08:57:45.494Z
90e86d55-8061-40fd-b640-07a6de4a09e2,implement,1,9c5bc88c-d76f-46a9-b6eb-98efc217b31b,needs_review,2026-09-24T09:28:11.394Z
be388028-7bcd-428d-a4bc-768ee5cbb9f9,implement,1,9565cabe-062b-43a9-bff4-0ca42b9e7eb6,needs_review,2026-09-24T09:57:04.495Z
3e1394b1-80d4-4cbc-9868-9f1fe4ffa716,implement,1,645a3383-2ccc-435d-90bf-ddeb5d6ac9eb,needs_review,2026-09-24T10:09:37.450Z
90e86d55-8061-40fd-b640-07a6de4a09e2,implement,2,9c5bc88c-d76f-46a9-b6eb-98efc217b31b,needs_review,2026-09-24T10:16:44.166Z
f8ac913d-a9dc-4e8c-875b-7bb155c1b258,implement,1,837d6e85-f52b-4d23-93f7-67a9f15fcf44,needs_review,2026-09-24T10:35:41.620Z
7319fcce-5025-4860-90e9-da2234b3573d,implement,1,b977f664-01a7-46b8-8ad9-0951adf06d6c,needs_review,2026-09-24T10:36:53.064Z
3e1394b1-80d4-4cbc-9868-9f1fe4ffa716,implement,2,645a3383-2ccc-435d-90bf-ddeb5d6ac9eb,needs_review,2026-09-24T11:02:56.468Z
f3ff962e-87c7-488d-9669-6864a1e66957,implement,1,c3ec4a52-f4b7-4f4b-a01f-0a6599652af3,needs_review,2026-09-24T11:46:29.864Z
533ba1e1-bc5e-47ba-82bf-f3115b1a1625,implement,1,45c8187a-0cee-43a3-8574-24c626a53a1e,needs_review,2026-09-24T12:27:01.508Z
4079b623-5e51-4f4b-81c8-f928c50c494a,implement,1,85e04f61-9ec9-4a90-ac0d-650908d58e8e,needs_review,2026-09-24T12:30:08.680Z
71a3626b-2878-41da-826e-b8bdf7b0f2ad,implement,1,d6aadc9a-d214-4218-a2a4-3f5f0a74c1a1,needs_review,2026-09-24T14:06:50.764Z
fcdd8fc0-1c5a-492f-93ce-250874a37321,implement,1,ce4206e6-0be1-45cd-98d8-3fb9c1804737,needs_review,2026-09-24T14:24:00.751Z
be388028-7bcd-428d-a4bc-768ee5cbb9f9,implement,2,9565cabe-062b-43a9-bff4-0ca42b9e7eb6,needs_review,2026-09-24T14:34:45.400Z
8e34afec-6c93-490d-99a2-a0088b326e57,implement,1,dce17f32-451c-4265-b3d0-801e624fc792,needs_review,2026-09-24T14:50:28.521Z
2d211ed0-adc7-4086-ab30-93b048caf040,implement,1,a43a6880-5207-41c9-a3c5-7523fb24d0f7,needs_review,2026-09-24T15:11:32.865Z
fac0dd47-6397-4d7b-beb6-ad242492dc79,implement,1,7c91f9fb-9720-45e5-b046-0b1162606cf7,needs_review,2026-09-24T15:19:42.809Z
37b0cd13-9ff2-445f-ab31-0d5dfc742b13,implement,1,b15a5b84-2c76-43bb-a436-21fc4d0a9f24,needs_review,2026-09-24T15:57:16.896Z
7b4f9a8c-4aad-4725-928e-ef430c132f69,implement,1,ab10f3f7-18d1-4a33-ab47-75be53369eb3,needs_review,2026-09-24T16:06:47.856Z
3b06c51e-cf86-4dce-9f19-d412d3ad6068,implement,1,9cf1770e-34dd-405c-aa22-a652711e40fe,needs_review,2026-09-24T16:15:14.139Z
5bbad7fb-5eeb-4d95-acb3-935be82deb53,implement,1,88fe6721-6e51-4704-ba38-ed1bcef76ca9,needs_review,2026-09-24T16:37:25.203Z
7b4f9a8c-4aad-4725-928e-ef430c132f69,implement,2,0b64f42a-7cb1-48b2-8e92-e53b935b951d,needs_review,2026-09-24T17:09:50.208Z
39755784-e421-4c1a-8195-9a16f54dc0d1,implement,1,69688dac-f5b1-4102-bc66-318cf27ba4eb,needs_review,2026-09-24T17:29:16.668Z
438b1a33-dd9e-48bf-89cf-78db09b798f0,implement,1,f3574edc-c43f-4f48-8b6c-7ea29e3a3ad2,needs_review,2026-09-24T17:33:12.820Z
f13e644b-b171-47db-97f6-b8173a379731,implement,1,a9df2a66-b0d9-4047-8c62-22c167721888,needs_review,2026-09-24T17:33:50.245Z
37b0cd13-9ff2-445f-ab31-0d5dfc742b13,implement,2,b15a5b84-2c76-43bb-a436-21fc4d0a9f24,needs_review,2026-09-24T17:45:31.374Z
6f37ac94-833b-488f-b74b-8d023c061f31,implement,1,2e9caed0-a388-414d-8d22-3827a02b4cfe,needs_review,2026-09-24T18:41:25.331Z
5bbad7fb-5eeb-4d95-acb3-935be82deb53,implement,2,771d3bfa-cc7a-4292-bb0e-63d1fdc831d5,needs_review,2026-09-24T18:51:14.329Z
9054a9ec-9b70-40ef-a30b-818a9ccf68af,implement,1,53af42ab-b1c2-4770-8d02-1374a36446c0,needs_review,2026-09-24T19:03:06.246Z
3b06c51e-cf86-4dce-9f19-d412d3ad6068,implement,2,0c7fb517-3464-4f6a-b48c-669385e70d1b,needs_review,2026-09-24T19:49:52.806Z
2d648474-3fad-45aa-a992-f3ae8c808c47,implement,1,a29f0f6e-99e7-4754-a559-3f58c25c84ed,needs_review,2026-09-24T19:56:39.933Z
3b06c51e-cf86-4dce-9f19-d412d3ad6068,implement,3,0c7fb517-3464-4f6a-b48c-669385e70d1b,needs_review,2026-09-24T20:38:13.893Z
a7ea7fa2-610e-4940-b02c-511554f7d895,implement,1,6615017e-0ac1-4b05-a11a-4919f764fe0f,needs_review,2026-09-24T20:42:14.992Z
c73c8847-ea86-4851-864f-c8f5a1a425eb,implement,1,e5017f34-787e-424b-ae5d-65f25fec88e8,needs_review,2026-09-24T23:03:50.651Z
5bbad7fb-5eeb-4d95-acb3-935be82deb53,implement,3,c1db8d2e-5c21-456c-8d35-1ae5bd884d8f,needs_review,2026-09-24T23:13:18.223Z
2d648474-3fad-45aa-a992-f3ae8c808c47,implement,2,5602a499-35d0-4a07-b7e4-c0f46c0b17ce,needs_review,2026-09-25T00:01:29.663Z
4c2704d4-c2f8-4336-a640-d9558e419049,general,1,c675e1b0-6abf-47cb-9120-6c504a110a93,needs_review,2026-09-25T00:02:43.588Z
a7ea7fa2-610e-4940-b02c-511554f7d895,implement,2,6615017e-0ac1-4b05-a11a-4919f764fe0f,needs_review,2026-09-25T00:03:23.006Z
907d80e6-a1d9-4f61-9a84-ef33f0d55112,eng_design,1,896c8f8c-035b-4c87-84aa-d978e54d9faa,phase_design_complete,2026-09-25T00:05:38.663Z
17b8e451-b9a3-4e7b-845e-1708a14214df,general,1,be23e304-c55e-4e0a-abed-202a9660a87b,needs_review,2026-09-25T00:09:24.110Z
bad2e41e-d646-4a69-8c8c-6bc380778ae0,implement,1,66d85824-6da8-4be9-8efb-0652198442e8,needs_review,2026-09-25T00:18:32.079Z
3a5eaaa7-ce6f-440e-8ce4-981d7abaa31d,eng_design,1,675852be-edec-4c65-a4bd-cbb23ba3ce9e,phase_design_complete,2026-09-25T00:19:55.269Z
29bef683-e628-4291-b608-1882a2fec14e,eng_design,1,ff4cd646-a214-4c5f-98cb-6020426b5d70,phase_design_complete,2026-09-25T00:24:26.687Z
21883c18-dddc-4345-86e7-6a1c5b8d9664,implement,1,3e987c63-56f9-438e-911d-c52280d01003,needs_review,2026-09-25T00:26:34.208Z
1a7f423f-bedf-4184-9c12-8af305b3441d,implement,1,345c96d6-bf98-4584-bdd0-4173caf5e50f,needs_review,2026-09-25T00:29:50.287Z
b331bcb1-043a-476c-8e9a-7cd12799767b,eng_design,1,66d0759c-5738-458f-ab4e-2a6587ba5e71,phase_design_complete,2026-09-25T00:29:51.132Z
8020b29a-2572-4de8-8483-093bfee55d20,implement,1,c2bd0548-2e74-4238-8042-8092c64b64f9,needs_review,2026-09-25T03:46:38.385Z
3a5eaaa7-ce6f-440e-8ce4-981d7abaa31d,implement,1,41ec9e44-a13b-4e9a-84ef-a4b4efbfbc4e,needs_review,2026-09-25T03:48:02.773Z
29bef683-e628-4291-b608-1882a2fec14e,implement,1,6e8742ea-95b3-45dc-822e-6c1458327478,needs_review,2026-09-25T03:48:40.608Z
c73c8847-ea86-4851-864f-c8f5a1a425eb,implement,2,e5017f34-787e-424b-ae5d-65f25fec88e8,needs_review,2026-09-25T03:55:11.535Z
907d80e6-a1d9-4f61-9a84-ef33f0d55112,implement,1,2f108ce3-004d-4cb6-89cf-6e5b839b80fe,needs_review,2026-09-25T03:56:19.741Z
953ede7c-b04f-4c83-b29a-996be107c15f,implement,1,fbe9495f-8725-4a21-b95b-b7ef50124bb8,needs_review,2026-09-25T03:57:30.661Z
b331bcb1-043a-476c-8e9a-7cd12799767b,implement,1,ad657cf3-e105-4196-83df-958dbcecf513,needs_review,2026-09-25T04:03:38.741Z
22c7f9c7-9db7-43cf-9cfd-365d90564d84,implement,1,4a6e76d0-023d-48fd-9a73-774c1ae47382,needs_review,2026-09-25T04:04:09.240Z
f42e1847-6b21-4a08-b5d3-25501a1970e6,implement,1,5a2c6d1e-c8c1-43e4-8768-293dc2021f1b,needs_review,2026-09-25T04:40:02.028Z
22c7f9c7-9db7-43cf-9cfd-365d90564d84,implement,2,4a6e76d0-023d-48fd-9a73-774c1ae47382,needs_review,2026-09-25T04:40:04.766Z
80399250-7d61-49c0-842b-6aa42aa19834,implement,1,c2533b6a-c3be-4fa6-87f8-a2fc2e484637,needs_review,2026-09-25T04:51:19.703Z
29bef683-e628-4291-b608-1882a2fec14e,implement,2,2fa01a56-3f35-4615-b022-0ab0294f6e45,needs_review,2026-09-25T04:55:14.811Z
bad2e41e-d646-4a69-8c8c-6bc380778ae0,implement,2,66d85824-6da8-4be9-8efb-0652198442e8,needs_review,2026-09-25T05:12:35.612Z
953ede7c-b04f-4c83-b29a-996be107c15f,implement,2,fbe9495f-8725-4a21-b95b-b7ef50124bb8,needs_review,2026-09-25T05:34:22.445Z
f42e1847-6b21-4a08-b5d3-25501a1970e6,implement,2,5a2c6d1e-c8c1-43e4-8768-293dc2021f1b,needs_review,2026-09-25T05:53:27.238Z
556f5bf9-ec7d-4b08-8986-3c603f1d06ef,implement,1,5e9dd2ea-87d1-4bc7-b331-440f3d4092c3,needs_review,2026-09-25T06:28:41.540Z
2d648474-3fad-45aa-a992-f3ae8c808c47,implement,3,5f330b56-48e0-49ea-a8e2-6df9e48725f1,needs_review,2026-09-25T07:11:52.009Z
2d648474-3fad-45aa-a992-f3ae8c808c47,implement,4,5f330b56-48e0-49ea-a8e2-6df9e48725f1,needs_review,2026-09-25T07:46:09.902Z
9253400f-ffc1-4990-a98e-a7a43ea7a512,implement,1,f560992f-5c61-4062-b6e4-392c0c5743dd,needs_review,2026-09-25T07:59:20.201Z
cbdcf921-e0c6-40c3-827d-c5d70cb8145f,implement,1,64296b33-c8e6-4132-9fd9-821dc25e0f16,needs_review,2026-09-25T08:14:34.875Z
5cce900c-3190-4ebd-948c-94d01a57442f,implement,1,d3e3e04f-8f2e-4ffd-b9fa-88cd8b89e0f9,needs_review,2026-09-25T08:52:00.820Z
fb77977c-d7bc-4603-8e1a-ce675d14e8ad,implement,1,ecfa5547-9e1a-4735-a250-2c1ec316b048,needs_review,2026-09-25T08:57:31.100Z
206b034f-6453-4c27-a136-9f8779c1a8ed,eng_design,1,75e04312-3b3c-4786-b5ff-c5dab756a56c,phase_design_complete,2026-09-25T09:01:20.729Z
946fe3d7-ff04-43a4-aabc-f0f310802a79,implement,1,2d7e1ab6-6452-4790-8bfa-ea31b75e1d17,needs_review,2026-09-25T09:12:46.865Z
55409ce7-cdf1-402b-9153-ea933df59d9b,implement,1,7adbf914-1ac0-4e6e-aba5-07b9a7399dcb,needs_review,2026-09-25T09:24:06.257Z
946fe3d7-ff04-43a4-aabc-f0f310802a79,implement,2,2d7e1ab6-6452-4790-8bfa-ea31b75e1d17,needs_review,2026-09-25T09:37:27.732Z
fb77977c-d7bc-4603-8e1a-ce675d14e8ad,implement,2,ecfa5547-9e1a-4735-a250-2c1ec316b048,needs_review,2026-09-25T10:10:08.421Z
206b034f-6453-4c27-a136-9f8779c1a8ed,implement,1,cde40019-9660-4888-83ce-837783e4e8fa,needs_review,2026-09-25T10:11:19.317Z
cbdcf921-e0c6-40c3-827d-c5d70cb8145f,implement,2,64296b33-c8e6-4132-9fd9-821dc25e0f16,needs_review,2026-09-25T10:37:38.249Z
424be69b-239a-4e47-a557-102431d33e5a,implement,1,7ae9491f-4333-464f-ae77-c023ea598e95,needs_review,2026-09-25T11:05:33.781Z
b8437b3b-beea-4ff5-88ee-9f73cf8d0ba9,implement,1,2d21a735-9f81-4cff-bd5c-d3932a513a6c,needs_review,2026-09-25T11:46:20.734Z
b8437b3b-beea-4ff5-88ee-9f73cf8d0ba9,implement,2,2d21a735-9f81-4cff-bd5c-d3932a513a6c,needs_review,2026-09-25T12:48:04.283Z
5cce900c-3190-4ebd-948c-94d01a57442f,implement,2,b0907ee9-3f48-4ced-b9c8-18920c080dbe,needs_review,2026-09-25T18:26:43.327Z
1de91237-c761-49e6-8e18-1c045cf72f58,general,1,f904eb30-07f0-423a-9569-0e41abc6e1f7,needs_review,2026-09-25T18:42:42.783Z
424be69b-239a-4e47-a557-102431d33e5a,implement,2,855d36dc-3886-4a5e-a127-6bb707c99c0b,needs_review,2026-09-25T18:58:05.296Z
e2eadd27-785e-4e3d-8896-5625541fcb12,implement,1,26a28bdf-2657-4f53-b5f8-9222c70d3aea,needs_review,2026-09-25T19:15:44.369Z
556f5bf9-ec7d-4b08-8986-3c603f1d06ef,implement,2,0233e98d-087f-454f-9551-c29233b57021,needs_review,2026-09-25T20:09:46.957Z
49a3da37-9e6d-45c3-a27a-3309d740eed3,eng_design,1,244670e3-55b1-4b3a-9289-099ee9c4088f,phase_design_complete,2026-09-25T20:11:37.459Z
55409ce7-cdf1-402b-9153-ea933df59d9b,implement,2,2d64aa78-0e92-430f-85f9-d865fbdba287,needs_review,2026-09-25T20:25:34.241Z
1de91237-c761-49e6-8e18-1c045cf72f58,general,2,f904eb30-07f0-423a-9569-0e41abc6e1f7,needs_review,2026-09-25T20:42:04.963Z
9084969b-da62-4edc-9a61-ab37984639cc,eng_design,1,7e55ecb2-7adb-4a28-8d27-1dbb28f0d92e,phase_design_complete,2026-09-25T20:46:10.001Z
e4dd89d7-821f-4700-86f5-7583b9d739e5,eng_design,1,cd2dfd5e-d769-4759-87bf-1046b98815b9,phase_design_complete,2026-09-25T20:56:19.933Z
