execution_id,revision,created_at
b7fc66a5-1c23-4a9b-aab8-25b95dc36276,1,2026-09-08 19:39:25
3214350b-7469-47eb-a126-dc38e9b752c7,1,2026-09-08 19:41:06
f6bb8003-3466-4aa0-b908-0ccbe88cdae1,1,2026-09-08 19:57:43
3214350b-7469-47eb-a126-dc38e9b752c7,2,2026-09-08 20:39:44
3214350b-7469-47eb-a126-dc38e9b752c7,3,2026-09-08 20:45:35
b7fc66a5-1c23-4a9b-aab8-25b95dc36276,2,2026-09-08 21:09:40
92e3340f-1aec-454b-a5de-d61c3aa12035,1,2026-09-09 03:09:06
2b5c4176-fceb-4663-92a1-239e93686bd4,1,2026-09-09 03:17:11
5c488344-e3cb-458d-99db-0bf817b84b35,1,2026-09-09 03:49:46
92e3340f-1aec-454b-a5de-d61c3aa12035,2,2026-09-09 03:53:41
29890a4a-7307-457f-9bc9-1881d49e6fff,1,2026-09-09 04:25:22
2b5c4176-fceb-4663-92a1-239e93686bd4,2,2026-09-09 04:33:07
5c488344-e3cb-458d-99db-0bf817b84b35,2,2026-09-09 04:59:27
b6ca97e4-687a-4fed-84cc-259544f10899,1,2026-09-09 07:05:00
b6ca97e4-687a-4fed-84cc-259544f10899,2,2026-09-09 08:02:03
dff642b2-b4b5-49b4-8ae6-f48756230c3d,1,2026-09-10 05:01:41
51de46f6-5422-47ed-afeb-b0cb3a1e31f2,1,2026-09-10 05:41:55
dff642b2-b4b5-49b4-8ae6-f48756230c3d,2,2026-09-10 06:22:02
7805a170-3fbf-4316-b06f-907af984ab77,1,2026-09-10 09:18:31
de9040d3-adae-49af-bb77-ae7549c8afee,1,2026-09-11 01:59:50
648b7fee-a62e-4d91-8fcf-fdaa103e0f68,1,2026-09-11 02:01:30
de9040d3-adae-49af-bb77-ae7549c8afee,2,2026-09-11 02:56:41
de9040d3-adae-49af-bb77-ae7549c8afee,3,2026-09-11 02:57:25
de9040d3-adae-49af-bb77-ae7549c8afee,4,2026-09-11 02:58:36
648b7fee-a62e-4d91-8fcf-fdaa103e0f68,2,2026-09-11 03:05:12
7b4efd03-d28a-4263-b8bd-eff580ce5ba0,1,2026-09-11 06:35:55
7b4efd03-d28a-4263-b8bd-eff580ce5ba0,2,2026-09-11 07:41:21
ba65d004-4dfc-44ed-b1b9-cbb7b6379898,1,2026-09-11 18:19:34
6fac6511-72f5-4c06-81ab-0869fe9b098d,1,2026-09-11 18:26:19
ba65d004-4dfc-44ed-b1b9-cbb7b6379898,2,2026-09-11 18:36:41
6fac6511-72f5-4c06-81ab-0869fe9b098d,2,2026-09-11 18:37:47
ba65d004-4dfc-44ed-b1b9-cbb7b6379898,3,2026-09-11 18:43:27
5f043b76-010c-47f1-a260-7b29899d6d33,1,2026-09-11 20:11:08
52f76cca-a3e1-4660-a509-99e6ab4fcf14,1,2026-09-13 22:46:36
a020e0f0-0ba1-402c-a0c4-e90aef085cd2,1,2026-09-13 22:54:30
423050f0-163a-422d-b1fb-898ad08aa1c0,1,2026-09-13 22:55:04
52f76cca-a3e1-4660-a509-99e6ab4fcf14,2,2026-09-13 22:59:46
52f76cca-a3e1-4660-a509-99e6ab4fcf14,3,2026-09-13 23:02:47
a2caaf83-3892-4316-aab4-fe38de9df80b,1,2026-09-13 23:06:30
83998340-8beb-4ac9-9e8c-74890983cc7a,1,2026-09-14 00:07:58
a2caaf83-3892-4316-aab4-fe38de9df80b,2,2026-09-14 00:10:12
423050f0-163a-422d-b1fb-898ad08aa1c0,2,2026-09-14 00:10:27
a020e0f0-0ba1-402c-a0c4-e90aef085cd2,2,2026-09-14 00:22:01
bc207d35-86a6-43ee-bae7-81a84b9b2322,1,2026-09-14 20:36:39
43afc4c4-273c-4d1e-881e-4db0c0a62e82,1,2026-09-14 20:39:49
4b67caf9-bfef-49f9-a0ef-8985c0b57510,1,2026-09-14 20:43:25
4b67caf9-bfef-49f9-a0ef-8985c0b57510,2,2026-09-14 21:23:29
f9853998-68f5-411d-8509-924e36fbf775,1,2026-09-14 21:26:03
bc207d35-86a6-43ee-bae7-81a84b9b2322,2,2026-09-14 21:27:25
4b67caf9-bfef-49f9-a0ef-8985c0b57510,3,2026-09-14 21:30:52
43afc4c4-273c-4d1e-881e-4db0c0a62e82,2,2026-09-15 01:06:44
5a5dcbc9-e8cc-4f02-91a7-e188e70bdef4,1,2026-09-15 18:14:58
5a5dcbc9-e8cc-4f02-91a7-e188e70bdef4,2,2026-09-15 18:15:26
318d4b63-ade4-4dc5-86cc-0721d89b42a2,1,2026-09-15 22:59:33
318d4b63-ade4-4dc5-86cc-0721d89b42a2,2,2026-09-15 23:07:37
4e337348-c7f6-459a-8446-4eacf75077b2,1,2026-09-16 17:32:36
4e337348-c7f6-459a-8446-4eacf75077b2,2,2026-09-16 19:01:32
09514e4c-a0dd-4f3e-9650-5c648dfc04c8,1,2026-09-17 20:50:01
faa6b7d5-252f-49d3-a025-4f971fdb7dd0,1,2026-09-17 21:29:24
faa6b7d5-252f-49d3-a025-4f971fdb7dd0,2,2026-09-17 22:12:59
4935629b-b080-4a29-8c18-d185cd687dcb,1,2026-09-18 00:55:08
4935629b-b080-4a29-8c18-d185cd687dcb,2,2026-09-18 01:26:56
2bb3cddc-adc6-4e18-9e0d-ffffa2a68a14,1,2026-09-18 01:33:58
2bb3cddc-adc6-4e18-9e0d-ffffa2a68a14,2,2026-09-18 01:41:08
2bb3cddc-adc6-4e18-9e0d-ffffa2a68a14,3,2026-09-18 01:54:52
2bb3cddc-adc6-4e18-9e0d-ffffa2a68a14,4,2026-09-18 02:00:11
2bb3cddc-adc6-4e18-9e0d-ffffa2a68a14,5,2026-09-18 02:00:45
d81f026e-ea32-4676-a2f3-3594e2f39d67,1,2026-09-18 20:39:03
d81f026e-ea32-4676-a2f3-3594e2f39d67,2,2026-09-18 20:50:04
d81f026e-ea32-4676-a2f3-3594e2f39d67,3,2026-09-18 20:55:45
d81f026e-ea32-4676-a2f3-3594e2f39d67,4,2026-09-18 20:59:14
d81f026e-ea32-4676-a2f3-3594e2f39d67,5,2026-09-18 21:01:26
a199e048-3a36-4ed0-b8e3-780938fce265,1,2026-09-18 23:12:42
6f31f6b5-dea4-4be4-8244-15fd26301bfa,1,2026-09-22 03:16:36
6f31f6b5-dea4-4be4-8244-15fd26301bfa,2,2026-09-22 03:34:59
74b34e1c-f365-49d3-a583-ed04006d46a5,1,2026-09-22 05:38:07
74b34e1c-f365-49d3-a583-ed04006d46a5,2,2026-09-22 05:40:30
a466cb95-fab3-4385-ab88-5d81c066dd2f,1,2026-09-22 07:46:13
01f47121-a6ea-49ee-a8d8-dc5a472d1681,1,2026-09-22 16:15:49
cee9becb-7da9-4eab-986d-18f2d27326ba,1,2026-09-22 17:32:32
cee9becb-7da9-4eab-986d-18f2d27326ba,2,2026-09-22 23:24:13
88f7ff8d-c199-4848-853d-ed85283defde,1,2026-09-23 00:11:29
88f7ff8d-c199-4848-853d-ed85283defde,2,2026-09-23 00:33:21
47f8583c-47bc-40cf-8958-a1228afb06ae,1,2026-09-23 00:53:59
88f7ff8d-c199-4848-853d-ed85283defde,3,2026-09-23 00:58:59
df3bec04-6c87-43dc-950a-c1b2e6af3059,1,2026-09-23 04:02:40
35832f7a-6ce0-4068-a489-2e2ed9d66dca,1,2026-09-24 01:36:59
f371e87f-260f-4f3f-9473-dfd974e26517,1,2026-09-24 02:28:06
35832f7a-6ce0-4068-a489-2e2ed9d66dca,2,2026-09-24 03:55:58
f371e87f-260f-4f3f-9473-dfd974e26517,2,2026-09-24 05:16:09
c675e1b0-6abf-47cb-9120-6c504a110a93,1,2026-09-24 23:27:52
be23e304-c55e-4e0a-abed-202a9660a87b,1,2026-09-24 23:29:02
896c8f8c-035b-4c87-84aa-d978e54d9faa,1,2026-09-24 23:50:46
be23e304-c55e-4e0a-abed-202a9660a87b,2,2026-09-24 23:54:27
4a6e76d0-023d-48fd-9a73-774c1ae47382,1,2026-09-24 23:57:10
675852be-edec-4c65-a4bd-cbb23ba3ce9e,1,2026-09-24 23:59:08
c675e1b0-6abf-47cb-9120-6c504a110a93,2,2026-09-25 00:01:25
66d0759c-5738-458f-ab4e-2a6587ba5e71,1,2026-09-25 00:02:14
be23e304-c55e-4e0a-abed-202a9660a87b,3,2026-09-25 00:03:50
896c8f8c-035b-4c87-84aa-d978e54d9faa,2,2026-09-25 00:04:11
4a6e76d0-023d-48fd-9a73-774c1ae47382,2,2026-09-25 00:04:50
ff4cd646-a214-4c5f-98cb-6020426b5d70,1,2026-09-25 00:05:17
66d0759c-5738-458f-ab4e-2a6587ba5e71,2,2026-09-25 00:14:02
675852be-edec-4c65-a4bd-cbb23ba3ce9e,2,2026-09-25 00:17:02
ff4cd646-a214-4c5f-98cb-6020426b5d70,2,2026-09-25 00:19:34
66d0759c-5738-458f-ab4e-2a6587ba5e71,3,2026-09-25 00:23:43
66d0759c-5738-458f-ab4e-2a6587ba5e71,4,2026-09-25 00:29:01
7adbf914-1ac0-4e6e-aba5-07b9a7399dcb,1,2026-09-25 04:06:47
7adbf914-1ac0-4e6e-aba5-07b9a7399dcb,2,2026-09-25 04:22:48
2d7e1ab6-6452-4790-8bfa-ea31b75e1d17,1,2026-09-25 06:53:58
d3e3e04f-8f2e-4ffd-b9fa-88cd8b89e0f9,1,2026-09-25 07:37:27
d3e3e04f-8f2e-4ffd-b9fa-88cd8b89e0f9,2,2026-09-25 07:48:42
75e04312-3b3c-4786-b5ff-c5dab756a56c,1,2026-09-25 08:59:47
244670e3-55b1-4b3a-9289-099ee9c4088f,1,2026-09-25 20:10:30
8b357d57-f19c-419d-90a8-85d6a3f72c54,1,2026-09-25 20:36:45
19f46728-230f-432d-bddc-f5a6fe3c1f9e,1,2026-09-25 20:42:52
7e55ecb2-7adb-4a28-8d27-1dbb28f0d92e,1,2026-09-25 20:44:37
8b357d57-f19c-419d-90a8-85d6a3f72c54,2,2026-09-25 20:45:30
1c909675-224d-44de-84c3-c88a38ff6f16,1,2026-09-25 20:45:54
cd2dfd5e-d769-4759-87bf-1046b98815b9,1,2026-09-25 20:46:29
19f46728-230f-432d-bddc-f5a6fe3c1f9e,2,2026-09-25 20:48:51
cd2dfd5e-d769-4759-87bf-1046b98815b9,2,2026-09-25 20:50:15
19f46728-230f-432d-bddc-f5a6fe3c1f9e,3,2026-09-25 20:53:27
19f46728-230f-432d-bddc-f5a6fe3c1f9e,4,2026-09-25 20:56:33
1c909675-224d-44de-84c3-c88a38ff6f16,2,2026-09-25 21:02:00
