request_id,run_id,authority,source_node_id,source_attempt,requested_at
rework:c86bd9cba37dbb0dd2c6a764a0daa5c362c988c5dc30f0c3cfbce1a840f303f4,c79a7386-bd54-4464-a031-3cb77583fc43,founder,founder_gate,1,2026-09-08T17:22:33.927Z
rework:6947645029983178741dd4f4146d5838ebe9b2a56b5bb24efac89b7e5053f11b,c79a7386-bd54-4464-a031-3cb77583fc43,founder,implement,2,2026-09-08T20:45:06.088Z
rework:33591a423f488babf6deed3b9ae150b6bb8fb40ea29a42ca20dcda0b56a30fe5,c79a7386-bd54-4464-a031-3cb77583fc43,lead,founder_gate,2,2026-09-08T21:09:48.190Z
rework:090f4cbae2f8dd408e469c52729528bba3560b6d9f48d5602774d9c46992d953,0046d93b-146c-4b78-8b3a-f9ed9eaaa205,qa,qa,1,2026-09-09T02:22:35.029Z
rework:748fb4ef5b492572886b5e5ee9d4e50634dd594a6d925ccc0df7b818294683ee,c79a7386-bd54-4464-a031-3cb77583fc43,lead,implement,3,2026-09-09T03:31:19.114Z
rework:8d98875db14c0885bec22844208616d6863d81241a83389c0d493e36823dd724,4e86edef-4b6c-4781-b9d6-70aaea3e0e1c,qa,qa,1,2026-09-09T03:45:03.078Z
rework:075fb71208e681afdd9a51b1bf210be3074b47c736578d7bfdbd98e3c0cc2608,8b503475-e5a5-472f-baea-bda9e366b5c2,qa,qa,1,2026-09-09T06:44:28.532Z
rework:e1918b7fb3ef4fbc851f73df550bf16005822b9b61c0c0330c65da8a874788ea,8b503475-e5a5-472f-baea-bda9e366b5c2,qa,implement,2,2026-09-09T08:24:02.097Z
rework:c00fde86c3c9799619f16a5133396e0ccc2740d4a2322b3b3bbb7857c2bb85ed,f45a37e7-c681-4d3f-b899-1800afa590d5,qa,qa,1,2026-09-09T08:42:10.306Z
rework:25512c659b9b3c11b87320e9e74aa84f5a625a22eddbeaa35fce4a141908ab85,c3c393f1-2cd1-4ade-917c-84592cb1bbe7,qa,qa,1,2026-09-09T08:44:57.198Z
rework:d20282f2c3e95876bf75122aba5983f93f80ef03464e20d67319d6d94726c99b,c8b7c661-947a-4c0f-a41b-9accd8090afd,qa,qa,1,2026-09-09T09:33:17.740Z
rework:1c2b2c2fd2d2789a8f8df2c15bfa347a992e487ce4fa61acf31a47c15a0e0389,b611ce55-1ce4-46aa-a008-780efad435bd,qa,qa,1,2026-09-09T12:54:43.806Z
rework:3f43f1e023ad8ed60fd9f7f27a23f53735ad7e09011160a8a3be260517834a7b,d6c4b403-a0c8-4339-8e2e-d36cf48d0cdf,qa,qa,1,2026-09-09T17:57:59.553Z
rework:876f7993f157886e96bfb0f1b599f8372a471f9190756b498b66f75420701ae8,15b4bd81-005f-4173-a3ea-d5a26906c607,lead,founder_gate,1,2026-09-09T19:13:22.647Z
rework:df40d45d155e4e66de25636059e0570c0f693ca1301973c3f34020f07ba96720,eb7ac1ef-73f1-4a2d-ba41-963d7147d8c1,qa,qa,1,2026-09-09T19:17:53.780Z
rework:b14b6a3ce09647498a4ad7c8343511c68728f4b4ce5362fcd1556434ee4aaac5,d6c4b403-a0c8-4339-8e2e-d36cf48d0cdf,qa,implement,2,2026-09-09T20:51:24.425Z
rework:cbe65b1d47ec57a52ce40c2392ee4c4011f3a66e5342d6c688e658029e520b9d,d6c4b403-a0c8-4339-8e2e-d36cf48d0cdf,qa,qa,2,2026-09-09T21:21:08.938Z
rework:e4d3643c2e223e5666a761d7a9257db335c41b3fd7ff6e073d413f5ba35bd99f,d6c4b403-a0c8-4339-8e2e-d36cf48d0cdf,qa,implement,3,2026-09-09T21:52:37.754Z
rework:e3ff5c0211c1e8b3af83e89a90317e74e7bd66bcf1f5533b3fe70d339b6a26df,d6c4b403-a0c8-4339-8e2e-d36cf48d0cdf,qa,qa,3,2026-09-09T21:55:42.302Z
rework:9067e70ebfa9d4f63df2298f86ac812b86ce23284c84fdef44352a1899701ae7,da756bf5-7f5e-43d8-a215-a323d172548d,qa,qa,1,2026-09-09T22:04:15.633Z
rework:f374421cf94c9bda2b1c95866d443ef5ebbe53bbe3b2400747323aee16c88207,35ab9e12-2ce4-42ca-a15a-966682e289fb,qa,qa,1,2026-09-09T22:07:13.128Z
rework:23fa81759e58a20702883c43261435b2a9ec87ca08279ae647621d4fc96d5f1a,35ab9e12-2ce4-42ca-a15a-966682e289fb,qa,implement,2,2026-09-09T22:41:55.992Z
rework:c3649c874b1d50c3c336690e5c1de32c1fa9d6854403da57d04bc8d471656284,d6c4b403-a0c8-4339-8e2e-d36cf48d0cdf,qa,implement,4,2026-09-09T22:50:42.892Z
rework:3839aa66418edd86833b7742fa33fe2a05431ab6b921557500baf972defda67a,05f4aa96-4b2d-43cf-a593-3a1fc3668660,lead,founder_gate,1,2026-09-09T23:53:07.121Z
rework:949f6c0cff0dc9473d0753ceb55a373782d8ae038a967bff5920fabf501c8737,da756bf5-7f5e-43d8-a215-a323d172548d,qa,implement,2,2026-09-09T23:59:56.533Z
rework:fd03c6abc4fcb37d06b7ba8a7329e0da4286568ecbbec3525d0a31c28b1d3f19,da756bf5-7f5e-43d8-a215-a323d172548d,qa,qa,2,2026-09-10T00:07:00.693Z
rework:4464b77548d2e30ccb4f4a2be9b3f8e01ca73ab7abdc2905429e621db4440808,0046d93b-146c-4b78-8b3a-f9ed9eaaa205,qa,implement,2,2026-09-10T01:04:23.574Z
rework:1df8909c0cbf57c608a9f385e2cc33c2a3c2abd64415c1463e7cc6fca878c7f3,05f4aa96-4b2d-43cf-a593-3a1fc3668660,lead,implement,2,2026-09-10T02:02:01.830Z
rework:3a8f31d6a81b66508240ba9f96b7e27d19cebc57b7133f726e02af71ccd14627,0046d93b-146c-4b78-8b3a-f9ed9eaaa205,lead,founder_gate,1,2026-09-10T02:09:21.279Z
rework:7bc5a51d3b1b39f019e214dfc18c3a02411db883bc55bd6ad44e8683dc992dc6,da756bf5-7f5e-43d8-a215-a323d172548d,engine,implement,3,2026-09-10T02:51:55.120Z
rework:2a5b2e2a0ac5420f442ad4ee9fba133b559adf22620aefa768c7f4a9c981b679,ffa8c441-b308-4043-bf4a-c27c6e6e5e0d,lead,founder_gate,1,2026-09-10T04:15:44.435Z
rework:5456253c56f8587906dd8f260be544f8fe7c87f241f3dd814586c336897082ea,05f4aa96-4b2d-43cf-a593-3a1fc3668660,lead,founder_gate,2,2026-09-10T04:41:59.611Z
rework:e66bf28c6b61bf6fb735f7f6da9d1f2a1e72b9aed576bbf92b4fed767c240e20,ffa8c441-b308-4043-bf4a-c27c6e6e5e0d,lead,implement,2,2026-09-10T05:20:03.201Z
rework:4464c5d6ac63c8f02ce30d23950875447f6e1e9780c88d30b359ece6e24858ed,05f4aa96-4b2d-43cf-a593-3a1fc3668660,lead,implement,3,2026-09-10T05:56:17.962Z
rework:adde2216bbc92285d1f5fa025e87b80f37ecc4c75ffe22719048946f289d3579,0046d93b-146c-4b78-8b3a-f9ed9eaaa205,lead,implement,3,2026-09-10T06:52:31.939Z
rework:ad59e898e0a462895d711bcf8134e9a0482ee6eabd02c83323af2981ef5adcf8,2aba1758-2a15-4adb-97cd-c8e5088b5f80,lead,founder_gate,1,2026-09-10T08:07:03.074Z
rework:816e416b65c24a2ee4dd6444b9043a2aa00b30d26dfcebd5397e94ac2ee0c088,2aba1758-2a15-4adb-97cd-c8e5088b5f80,lead,implement,2,2026-09-10T08:36:02.088Z
rework:489ce0a69df3ffda5aec720996245c7a40cf3cf5768b6b8bbb752a22b31190c1,b3353227-9670-4322-9ac1-182de1562dec,qa,qa,1,2026-09-10T10:43:08.090Z
rework:50527c78333b5df0ecf633a8509feeae33c6830dfb8ad18eccfce4afb8187250,b3353227-9670-4322-9ac1-182de1562dec,qa,implement,2,2026-09-10T11:33:30.439Z
rework:e2c35c8ef3da3031409acd13939642d66574bd24dc4b4249ad4e6994e5ccff06,d6db3bfe-d10e-4d2e-8cd1-ffdd2dd018ef,qa,qa,1,2026-09-10T11:41:53.221Z
rework:9339921391afc6f251c45c63293125a87adb3a0e7949e6bd0c8573370319ca1f,b3353227-9670-4322-9ac1-182de1562dec,lead,founder_gate,1,2026-09-10T12:02:00.000Z
rework:4d0c5343cd56e1ce6b6e54cbf3f63437918f06208c650b7055fb980c21953a9b,d6db3bfe-d10e-4d2e-8cd1-ffdd2dd018ef,qa,implement,2,2026-09-10T12:28:42.244Z
rework:61b8483b62b59b3f1d09dcc2b17bf0b2071ed8d36f5a0ac76f773b487121f28e,b3353227-9670-4322-9ac1-182de1562dec,lead,implement,3,2026-09-10T12:46:48.564Z
rework:c550fea469d80863ada2fa143deb7edf62721322bcdbe4f4c805a60232e71f49,b3353227-9670-4322-9ac1-182de1562dec,lead,founder_gate,2,2026-09-10T12:58:08.618Z
rework:bee040dae057d9d6d7d858fdc2d02be3e2adc0d7865f3cde5192dc0afa045c87,b3353227-9670-4322-9ac1-182de1562dec,lead,implement,4,2026-09-10T14:22:51.745Z
rework:28358edbdbbf88823c72c341954016d4832614fffbe5431eade9ed78f52e47e1,b3353227-9670-4322-9ac1-182de1562dec,lead,founder_gate,3,2026-09-10T18:01:50.343Z
rework:d730b836432535fd7a422d32a8d651af77e462890f95175a84c89a77c61a4bad,b3353227-9670-4322-9ac1-182de1562dec,lead,implement,5,2026-09-10T19:00:51.470Z
rework:5e147fa8244efc127bd1f7672d23205bc6147c98f0044c258b53030c6ec75389,b3353227-9670-4322-9ac1-182de1562dec,qa,qa,5,2026-09-10T19:11:53.491Z
rework:1aa661f57e60fabf61553573607f4ed2d83899afa62cad90cc03ba69da2c2c66,b3353227-9670-4322-9ac1-182de1562dec,qa,implement,6,2026-09-10T19:29:17.319Z
rework:b5f61b6104f8cc8e3d5f6c56b315831440f09a78d30923ed99430f8fc72f61fe,b3353227-9670-4322-9ac1-182de1562dec,qa,qa,6,2026-09-10T19:31:57.888Z
rework:f39f27c16f87dd65368c3320a202e06a9c9e0002972c6ba8093af061f17b5968,b3353227-9670-4322-9ac1-182de1562dec,qa,implement,7,2026-09-10T20:06:00.477Z
rework:660912ef726ce84523fd8ded945f21b6201c116a82816f8f2c205b38f9f9cbc5,2aba1758-2a15-4adb-97cd-c8e5088b5f80,engine,land,1,2026-09-10T21:58:02.215Z
rework:0a55b039b9435813375d00d3f34cc41b187b6604d86ba8df01cc8cacdf2965b8,82ffb3b0-23f6-40c4-be88-2c8848d06700,engine,land,1,2026-09-10T22:01:42.400Z
rework:a9cbcb38b27c04d5371113677a1740b194ca438020d5d941117ab6753576b604,82ffb3b0-23f6-40c4-be88-2c8848d06700,engine,implement,2,2026-09-10T22:43:08.086Z
rework:c9fc3c86d543f9a7bfb112a12021dae290e7b8b0602c3118c474872474de09f5,2aba1758-2a15-4adb-97cd-c8e5088b5f80,engine,implement,3,2026-09-10T22:44:23.787Z
rework:ac9c666cc4fb2bbd944022af31089461f9046297899ccbb5d31203fa645e37ef,82ffb3b0-23f6-40c4-be88-2c8848d06700,engine,land,2,2026-09-10T23:30:36.106Z
rework:be87dd97f2591d293d110378204b9a54ad606ce79cf621759445675d44576414,82ffb3b0-23f6-40c4-be88-2c8848d06700,engine,implement,3,2026-09-11T00:19:18.940Z
rework:44b620211a751994f9c067c152852dd3fdb17a6a2335212c08a86998fdad65a0,5a291283-f4b0-439e-b31b-e7852d4a0a28,qa,qa,1,2026-09-11T13:17:01.792Z
rework:08abd59917652b80266a40496b5963e94599d8fa8d4aae3c647b6270e4af4770,5a291283-f4b0-439e-b31b-e7852d4a0a28,qa,implement,2,2026-09-11T14:39:48.351Z
rework:b543262249ba898a114b1d3595a9d2affed1f7057106574b9fa7bc8c0c37bb4a,5a291283-f4b0-439e-b31b-e7852d4a0a28,qa,qa,2,2026-09-11T14:58:53.930Z
rework:39cb0a5200ff2ba2541b6ba94e2283d6f934ba45d9279997e9fc29a477f1a536,5a291283-f4b0-439e-b31b-e7852d4a0a28,qa,implement,3,2026-09-11T15:43:37.381Z
rework:f3526d0fe72777b5a4bc2990443739fcb02cff6d9525836e7e969f274d0d7557,db8d4d16-abb1-4b9f-bde2-d5a82259270f,engine,land,1,2026-09-11T17:47:12.644Z
rework:1ee7df3be3a2eece5d7ee81dd5fbb0724645a4d8456e850c75b05fc1cb3e390b,3cf1d115-e219-42d5-bcc2-f178b44d7727,engine,land,1,2026-09-11T17:47:21.158Z
rework:ecefbb0d7ac95a886c32f23197d2eb1804b6d2c5a2653aa8d989b5b592a31b60,db8d4d16-abb1-4b9f-bde2-d5a82259270f,engine,implement,2,2026-09-11T18:09:26.873Z
rework:963e900735541a49e21bdc51f296a7d6de7820d86b22a992a8a09a9c523833ad,3cf1d115-e219-42d5-bcc2-f178b44d7727,lead,implement,2,2026-09-11T19:24:28.153Z
rework:1f5afa747bb3da170c4b8865518b9611159bb9fbcb909cdfe7deadf1499316f3,3cf1d115-e219-42d5-bcc2-f178b44d7727,lead,implement,3,2026-09-11T20:06:54.015Z
rework:98471af4bc96ae08a29a9e5deef315d267df31cb86ef109bcc29b6372fe38ce2,05c31b97-fa36-49be-a9a9-104a92f58d1c,engine,land,1,2026-09-11T20:17:35.310Z
rework:930fa9671329a08d41ded173a318c5bd2677890e33988e2d6987936bc671bf46,5e55e17e-1005-4c8a-a514-80fa3e7c11d1,engine,land,1,2026-09-11T20:17:38.632Z
rework:a4b0115dc4afc58cd366c73d6629fa5a724a7e98760f09dbc8b897fbaaec0876,05c31b97-fa36-49be-a9a9-104a92f58d1c,engine,implement,2,2026-09-11T20:54:58.700Z
rework:12d91637c0bc0c2851224d6e1b19d7e3219dfe12285cec7beca5eaf25416e071,dcfc781a-615c-400f-b64a-eaf0417a85fc,qa,qa,1,2026-09-11T21:25:28.637Z
rework:a33a9211b009b01cad521e3e4ff6eee1efb8e8a9cb3cd107e4a49fc3de642c4f,5e55e17e-1005-4c8a-a514-80fa3e7c11d1,engine,implement,2,2026-09-11T21:26:41.290Z
rework:d16984d1a04fed1a8ba5de5b4c3c5f39d9f233cc92805fafe27bbf25c5487645,dcfc781a-615c-400f-b64a-eaf0417a85fc,qa,implement,2,2026-09-12T00:13:38.508Z
rework:2193b90a4020e687c26c02ecece1c2aa085a5c109b89194d04a080d8e8ffaf62,91fb5b92-d68a-4ae5-9560-d67f6ac8018f,lead,founder_gate,1,2026-09-12T17:35:35.810Z
rework:31fc0aab4cdd71fa2738c754720fb616fcf832eb6f568ecdfa7cbc0d0ce8f208,91fb5b92-d68a-4ae5-9560-d67f6ac8018f,lead,implement,2,2026-09-12T18:33:07.018Z
rework:cc36b7275fe2284030b176c9568cd88f06ecd22ec49add7c217f09761bff2000,15188b39-c4f3-4a48-a14a-db25dd9997aa,engine,land,1,2026-09-12T20:05:22.865Z
rework:35b016b73bae32a46a3b3ef91f05140116439da301877cc5b1b0fa1ef6ea2048,15188b39-c4f3-4a48-a14a-db25dd9997aa,engine,implement,2,2026-09-12T21:17:52.003Z
rework:f48cabb1dc45ceaa375b36dad7c1a6052f5494cac79a44adf7b4224f688b40fe,db8d4d16-abb1-4b9f-bde2-d5a82259270f,engine,land,2,2026-09-13T22:13:48.824Z
rework:15f8cd5ba085280a20e3f80a7f59d73cddf820ba943d0e476ef1822a00102955,3cf1d115-e219-42d5-bcc2-f178b44d7727,engine,land,2,2026-09-13T22:13:51.705Z
rework:6901eda620789a1935d1c4c5cacb8ad9b741d66f74e4e6f0d4405308ef1aa636,5a291283-f4b0-439e-b31b-e7852d4a0a28,engine,land,1,2026-09-13T22:13:59.687Z
rework:974d0ae42c28f6a31d73b32d0d60edb40069cafb31553cda18cc073404e4e8ad,dcfc781a-615c-400f-b64a-eaf0417a85fc,engine,land,1,2026-09-13T22:14:10.544Z
rework:c547a045bd1808ab0bb0abaae636b4c2ae98ceb1fbdd711aa334a4f77a0a82e8,db8d4d16-abb1-4b9f-bde2-d5a82259270f,engine,implement,3,2026-09-13T22:39:12.802Z
rework:86ef25f09469bf33fc13d91caf7fc9f6dbf5b99d61b42c8ca12f122de67ac376,3cf1d115-e219-42d5-bcc2-f178b44d7727,engine,implement,4,2026-09-13T23:04:44.637Z
rework:b371bf890cb6a4bdfc79a668cf8b47c012e2dd708756defe78a86d3148c39f35,dcfc781a-615c-400f-b64a-eaf0417a85fc,engine,implement,3,2026-09-13T23:18:06.265Z
rework:e28d9aec1ecc87126da54593c57bc93bf88cacd7657823706573953fca54d9e8,3cf1d115-e219-42d5-bcc2-f178b44d7727,engine,land,3,2026-09-14T02:14:37.929Z
rework:1993b312c2370468387499983bdddb01ee21b97db4c1803f20b18c9af19ac396,dcfc781a-615c-400f-b64a-eaf0417a85fc,engine,land,2,2026-09-14T03:04:49.797Z
rework:b9abfd500d571c3773f35da329c1baa6d233ae7c1875b54ff01a7cd5eff84a76,f7f0c257-c2e5-49b1-a3d4-f09d432919fc,qa,qa,1,2026-09-14T03:20:28.089Z
rework:bcf13a129bf1520aefed5ced406cfcd50c707b3d9218cf01ecf2c3ba17b65b01,dcfc781a-615c-400f-b64a-eaf0417a85fc,engine,implement,4,2026-09-14T03:30:37.929Z
rework:89f10f989bd33fd519e3322218c03147227e23aae1700ba59849bfccc31c5eda,3cf1d115-e219-42d5-bcc2-f178b44d7727,engine,implement,5,2026-09-14T03:54:55.080Z
rework:dd1c7495397f628ca6f3ba935d840728d1d3b94babc172ee79df55969a89dafe,f7f0c257-c2e5-49b1-a3d4-f09d432919fc,qa,implement,2,2026-09-14T04:14:19.429Z
rework:8a7e65b040556dcce8a3eb1415bb7c9021fb4a1e22670d36d7449158137b1b93,cf8be4ae-95d6-4bf1-b623-737fe827f4d3,engine,land,1,2026-09-14T04:37:40.468Z
rework:01542fd31b4849daedb5e11976d47b19898550e6542755eae095d92f3e1904e2,3cf1d115-e219-42d5-bcc2-f178b44d7727,lead,land,4,2026-09-14T04:53:29.475Z
rework:595b91f837dafd83f19a33553eb938055f8d64943fa0e1434ad2d2f86e09fdae,3cf1d115-e219-42d5-bcc2-f178b44d7727,lead,implement,6,2026-09-14T05:30:23.032Z
rework:0aa1184d566c57de59349298a85c61d73d2bb0c9f9cb8d5bf485257c034a3bbd,f7f0c257-c2e5-49b1-a3d4-f09d432919fc,engine,land,1,2026-09-14T07:24:15.409Z
rework:8411d1ea53f3513484ee742015d66c3c73c3e2dcb9187bdf77e040f1b83d6ebe,f7f0c257-c2e5-49b1-a3d4-f09d432919fc,engine,implement,3,2026-09-14T08:15:20.938Z
rework:02569eef3dcee54157f40c382892f07724e8b938faf80435523c71c5858414a3,fff384ea-14de-45b3-a671-3cf1fa328f13,qa,qa,1,2026-09-14T19:52:40.503Z
rework:dc2e5248cf1c13710979df8243c67ee32c42e099bb0476c158fa954e2bcb87af,fff384ea-14de-45b3-a671-3cf1fa328f13,qa,implement,2,2026-09-14T20:30:43.962Z
rework:111a8396b5f93d18e2eb77f6e5ef57825f8934f6f60126af9a13bb9a516b578a,6f79c0d0-d1c3-4117-acd9-21cbef332048,lead,founder_gate,1,2026-09-14T21:29:07.067Z
rework:d08c9f12d255cb159077639d7f30e56d66c7c93945bb2445d34d6ce79379628f,c176229a-5fe3-4d4d-886b-e1e7527ec9e2,qa,qa,1,2026-09-14T21:54:00.483Z
rework:6ca3dab2d3ce7ebd5543c9bcfa3e44338977aa60a1516b11daca80378d61288c,2ee4747d-ff26-4c92-9dce-fa08a6c69dd9,qa,qa,1,2026-09-15T02:15:49.464Z
rework:0686d91f9ad5724a0d47bff9a82afafc8694f0ad9a995bbf8098444d7fc0c193,dbdb0656-79f8-4360-aa09-d304f40f88a6,qa,qa,1,2026-09-15T02:22:18.953Z
rework:596dfa02c68c7bbc6364116344459d2fca508c41017c28aeeaccc1c9af64f262,2ee4747d-ff26-4c92-9dce-fa08a6c69dd9,qa,implement,2,2026-09-15T02:51:15.023Z
rework:65518c8e8b39a84247e75b3105b3efd2413ac0f999e28bf1ec8b56b23d1a0a2a,2ee4747d-ff26-4c92-9dce-fa08a6c69dd9,qa,qa,2,2026-09-15T02:58:29.177Z
rework:4a3841e6a5bf262ad00f9b6ed639f2955ee7716843273ed7a99f861e5020d6bd,dbdb0656-79f8-4360-aa09-d304f40f88a6,qa,implement,2,2026-09-15T03:02:09.642Z
rework:79646b18f610745a935aa0661b6e963a2494217a0fda089b2521c7be43f4d763,2ee4747d-ff26-4c92-9dce-fa08a6c69dd9,qa,implement,3,2026-09-15T03:43:21.305Z
rework:9a86d0475bef7a85ec6bab44744252f058f23f2fcf32e4d8eae959230ff97376,2ee4747d-ff26-4c92-9dce-fa08a6c69dd9,qa,qa,3,2026-09-15T04:05:48.635Z
rework:3083a06873cb8f26f9a1df9cb0b7a25834808be622f3fabc4e60bcc737035bf5,dbdb0656-79f8-4360-aa09-d304f40f88a6,lead,founder_gate,1,2026-09-15T04:39:21.142Z
rework:38a61d39d8d5e97af1bbf4a18c7bd16a8de60916fd4b47d74deb2e6e01c4b925,dbdb0656-79f8-4360-aa09-d304f40f88a6,lead,implement,3,2026-09-15T05:29:52.569Z
rework:95b2cd1a779c6778d6d0785c68dd2e91fb9c6a82a492fe7c851e1195fff09479,2ee4747d-ff26-4c92-9dce-fa08a6c69dd9,qa,implement,4,2026-09-15T06:16:25.222Z
rework:ccc735b6e960087a00c5c69fcfeb43894f84a3ca722b85c87082e5a00466a88a,2ee4747d-ff26-4c92-9dce-fa08a6c69dd9,qa,qa,4,2026-09-15T06:44:30.253Z
rework:4b621ededef6ed81cbea648350e5ac72385f39fd094afd79897f54748e173410,60a6b491-5770-4297-a95d-dfd1424b1e7b,lead,founder_gate,1,2026-09-15T07:25:33.643Z
rework:d1635a310409b23e60568cd857c824119b428c27580d078e92e4389800b90ae0,2ee4747d-ff26-4c92-9dce-fa08a6c69dd9,qa,implement,5,2026-09-15T08:53:52.360Z
rework:347d785e0cb43c8dec2f09eb6b70a2d1072ff0bb94098cd91454d60f035f7c51,1588d54f-3266-42e3-97f1-7641e64a4fb4,lead,qa,1,2026-09-15T09:16:42.053Z
rework:7ab0d6f3b5ffcc6ad59e523b2ad311cea823ad410af3c9df00f97efa4ad31228,60a6b491-5770-4297-a95d-dfd1424b1e7b,lead,implement,2,2026-09-15T09:18:54.873Z
rework:f22aac3fd1a1637a281243d65b2a38174e06af86d2553e0ca1d95d8463976c24,30621512-1c3e-486c-b0d6-cc73fc578bb9,engine,land,1,2026-09-15T16:22:46.264Z
rework:c608bd9a6c640f826541093fcc00b823d911e7b30791e07b95b928dfbcb2f9a1,2ee4747d-ff26-4c92-9dce-fa08a6c69dd9,engine,land,1,2026-09-15T16:24:19.446Z
rework:ffed6a93e00af67573513025a1382c11905472258f18f43b8e43e0fd7849546a,e9611d9c-8dc3-4c5e-b826-443544e7d730,engine,land,1,2026-09-15T16:24:25.676Z
rework:577efcaad54b432bf74020597ffee1cd940b1eaa37f0c250b1507beea3492c00,3df20410-38d4-4305-a02e-6471e0bab6aa,engine,land,1,2026-09-15T16:31:07.474Z
rework:3bbc4f3a50c544db6f7717b3d27212a59bf88340c19a8e3c6050fa8aa1979438,3887813b-263b-46db-8bb6-6d2771a87e99,engine,land,1,2026-09-15T16:31:33.074Z
rework:3629e03dfdf059265e3cdba02e6aa62ddfe064e028c647ab34aeb70fd5a50b67,bc1af28d-3371-472b-8955-eaf948f0b9f4,engine,land,1,2026-09-15T16:31:38.463Z
rework:b07cd9aefdec9d029c917c3b79db1339dbd44b5dd9aa3fe6401f6e694fba60a3,30621512-1c3e-486c-b0d6-cc73fc578bb9,engine,implement,2,2026-09-15T17:06:02.919Z
rework:8f8973337b2552acde5200c8155a118aebe6392a239bef62dfc3d2603d85b20e,bc1af28d-3371-472b-8955-eaf948f0b9f4,engine,implement,2,2026-09-15T17:55:15.548Z
rework:9587d6724409af0be32bc6ce1969a215547c0ad9af35188348fefa07ea155518,e9611d9c-8dc3-4c5e-b826-443544e7d730,engine,implement,2,2026-09-15T19:05:04.020Z
rework:e30b0ddca019877c010a92ae17de5501e0fd24ed7ef911f073effef0db146faa,2ee4747d-ff26-4c92-9dce-fa08a6c69dd9,engine,implement,6,2026-09-15T19:12:37.727Z
rework:2cb5e2a7f6f21c68bf96465c25cc41629d0202d6689eeb31924f3edc13c83e70,3887813b-263b-46db-8bb6-6d2771a87e99,engine,implement,2,2026-09-15T19:13:48.408Z
rework:79682b1347115dd427bbaeb2e84191e0c0472836bea4f476c340801291ecced8,3887813b-263b-46db-8bb6-6d2771a87e99,qa,qa,2,2026-09-15T19:49:07.308Z
rework:7485b625cd2bcf5e1c4dbd5bc702a70843d45a8674f216d4de3ddf177cfc938b,3887813b-263b-46db-8bb6-6d2771a87e99,qa,implement,3,2026-09-15T20:09:03.129Z
rework:8316a6cbf808c6dc4d965c9bbddfd960e572e4b1c03bcc8a6f0b2982b720d317,e9611d9c-8dc3-4c5e-b826-443544e7d730,engine,land,2,2026-09-15T22:43:38.843Z
rework:5259d1b63d4456c3a57c378b4344e64ac4c99c442a8958e710c9ad3f306dc853,2ee4747d-ff26-4c92-9dce-fa08a6c69dd9,engine,land,2,2026-09-15T22:43:43.789Z
rework:dae47d533bf3136caeaefd2df3077a1d40db5618ee27e07d4990d662db69ac80,4545e991-5f7f-478c-ab9f-013d40bb9e36,qa,qa,1,2026-09-16T01:04:13.626Z
rework:e87853ee0c9e2bba88f655d369415de3108aab5943fc3f891f552597ffffe56a,2ee4747d-ff26-4c92-9dce-fa08a6c69dd9,engine,implement,7,2026-09-16T01:08:03.622Z
rework:e4312e3b2e44fd1973a39ef6b5c45176518e6b53fdd0029cdc8cdb8e21146396,4545e991-5f7f-478c-ab9f-013d40bb9e36,qa,implement,2,2026-09-16T02:13:06.169Z
rework:aacce0b39ddd2d3dda95e751a7e5b9cefc5462bc6424438cdb3a8ea4f0d8b216,2ee4747d-ff26-4c92-9dce-fa08a6c69dd9,engine,land,3,2026-09-16T02:49:42.564Z
rework:20caad4d079eb85ea2eab855e18f76bf47c7c1c10e72cd92db00e545afe5cf6f,0079c0da-2d36-4c12-8dc1-a14f4ef04517,qa,qa,1,2026-09-16T08:56:26.032Z
rework:5450a5a1c2806a786fd74d61cdf0144f1e5a0848acb21a68dd222d9e8a7475df,0079c0da-2d36-4c12-8dc1-a14f4ef04517,qa,implement,2,2026-09-16T09:30:03.890Z
rework:6f1aec9d060e12a0900da658eaeb2bce60cda440a7b03112b613fede26ca5c3d,443b2f98-0e6e-4fe0-8e55-6562a7253046,qa,qa,1,2026-09-16T11:18:53.749Z
rework:dd37c616314c285857b60e5b6d484d82bd7c0c50077d553664e0f86494d5db2c,443b2f98-0e6e-4fe0-8e55-6562a7253046,qa,implement,2,2026-09-16T11:48:02.652Z
rework:a1b24f5138903ce5f92bab5dc5bd8248a30fa3aaccd2e5407d89d234e356b8c1,cd8ca652-00d7-4594-839a-e0f9f3bad594,qa,qa,1,2026-09-16T12:36:18.332Z
rework:a11fb4f843222dc82dfaf0fa448771a3393d71d1e335c8524d896c2573381efc,cd8ca652-00d7-4594-839a-e0f9f3bad594,qa,implement,2,2026-09-16T14:01:26.341Z
rework:b8a149e1229ff40c42536a847ef2c411b406cbf6ee4b11259d96c433a22b25d9,685d117d-8eeb-489b-9f44-9abd313b3ab4,engine,land,1,2026-09-16T16:20:20.014Z
rework:bd235729b79825e5a97faee31180c4313ffb132b8c5b4bd0596d63ceb936746d,cd8ca652-00d7-4594-839a-e0f9f3bad594,lead,land,1,2026-09-16T19:14:02.457Z
rework:238e4458fff577309c61ca13bbe42e8027a6f02080df232692a57c70a6088901,443b2f98-0e6e-4fe0-8e55-6562a7253046,lead,land,1,2026-09-16T19:14:12.030Z
rework:176038e636b3369b2355badcbbc5e7023767edf14b733d22755bf39f9c6ce74c,685d117d-8eeb-489b-9f44-9abd313b3ab4,engine,implement,2,2026-09-16T19:24:10.530Z
rework:91ec0bacc1c63721d18105bf33c46f4c7d9e48ea4f322fa64fdca51b497d86c4,cd8ca652-00d7-4594-839a-e0f9f3bad594,lead,implement,3,2026-09-16T21:05:37.761Z
rework:4aca1832417c7bceabbab664b700d2dab6736260702b1ad4fa2609ce9fa79233,443b2f98-0e6e-4fe0-8e55-6562a7253046,lead,implement,3,2026-09-16T21:09:00.650Z
rework:d105e9cfc6afdce07c588462a81cb0e63b17257e29990490b67d2852d74ccd31,571bfa52-2826-45e1-a8d9-7b894d1987df,qa,qa,1,2026-09-16T21:10:20.817Z
rework:67c06f674e7b90da114e2b288cc084200b3cade3496fb09d33504afe8157e17c,cd8ca652-00d7-4594-839a-e0f9f3bad594,qa,qa,3,2026-09-16T22:59:05.667Z
rework:a9836ce11fb232b42016566cabe661ec5ac6e7d1f99513e89b7ccb4d33640d4e,cd8ca652-00d7-4594-839a-e0f9f3bad594,qa,implement,4,2026-09-17T00:09:33.243Z
rework:8b972a8e0bd49749630a7d106f84f413926342172d4f1e440c6deef0e4fc9f2f,cd8ca652-00d7-4594-839a-e0f9f3bad594,qa,qa,4,2026-09-17T00:16:06.767Z
rework:ea1fb094396a1ecc37d799f2499296fa3bf5357c7d4c3a9045a96a197deef833,571bfa52-2826-45e1-a8d9-7b894d1987df,qa,implement,2,2026-09-17T00:51:15.367Z
rework:cf5bf73522c07963819b90cfe7c81af82c125a1b050d2cc6b080dbac91b1ed56,cd8ca652-00d7-4594-839a-e0f9f3bad594,qa,implement,5,2026-09-17T00:57:06.437Z
rework:ef2624e55ee464d7d42927f0001ac59c6836015b3a60564cc6286c9813025d51,d3708e46-50ff-4d09-a705-c99d1b5452da,qa,qa,1,2026-09-17T02:00:04.791Z
rework:53f6c0ca7d55510bb294b5427e0e015b166db709ea6d9434b6de05c05ea84754,cd8ca652-00d7-4594-839a-e0f9f3bad594,engine,land,2,2026-09-17T02:43:01.952Z
rework:2c308858220bb80ee472606df4ebfbbb3a50dcbb6420e490ae1a7d194dc77b8c,d3708e46-50ff-4d09-a705-c99d1b5452da,qa,implement,2,2026-09-17T02:51:40.246Z
rework:40900bf6aaa9210fc478f640ead55cf6bb7501d9de78cf0bae41dd84053c9aee,cd8ca652-00d7-4594-839a-e0f9f3bad594,engine,implement,6,2026-09-17T05:14:17.332Z
rework:813f6393ab2cf55e937fcab950e62f69b1e0ee05102088f59bd27ad66ad449f2,a03da996-f0dc-4506-beb7-d7254ba32b40,qa,qa,1,2026-09-17T08:10:29.800Z
rework:feabdaa2da4616d25727aa4f056157fd170bedce1323dde1d50ef34add8f8e5c,a03da996-f0dc-4506-beb7-d7254ba32b40,qa,implement,2,2026-09-17T10:11:37.572Z
rework:404697083091e9fbc312e20027e73cd39c8e402bcc634d470df5a9269601c56e,a03da996-f0dc-4506-beb7-d7254ba32b40,qa,qa,2,2026-09-17T11:39:36.082Z
rework:e1acfd63ddfdf5953bd2c2b69a879ae713535ec01d3a34f5a0db98e0a68c8f8d,a03da996-f0dc-4506-beb7-d7254ba32b40,qa,implement,3,2026-09-17T12:42:06.805Z
rework:f7372258b29d584ddadd830fa8e67128f86e85bb864e8c6ce8645e1dc4277aff,986c9c22-a588-4cf4-a21e-fa3b90a3c2de,lead,founder_gate,1,2026-09-17T22:28:59.508Z
rework:fb5819aee0dea0949a6bbf6e420e7645574322ea63b47a1ff6d4060b60637a6a,6f9daeec-8ab2-40cd-b492-17b386f3e5ad,qa,qa,1,2026-09-18T00:37:42.775Z
rework:cadd4be878c344a7478915240360064b8a315bfd456e37fa371898ac4b93a401,9b4fe698-d3b3-43b7-820d-beb3ce3e948a,qa,qa,1,2026-09-18T01:09:11.556Z
rework:7d93765c7e5e391265611cd4ac74b4678daa0a927000191b5cc612a560ebe6da,6f9daeec-8ab2-40cd-b492-17b386f3e5ad,qa,implement,2,2026-09-18T01:12:16.459Z
rework:9d1101bc5d2323fd535b96071889b6c85ec14be1f7781cbd024af26fc448f966,6f9daeec-8ab2-40cd-b492-17b386f3e5ad,qa,qa,2,2026-09-18T01:18:23.140Z
rework:05feaf2fa9e522e4d26e03b348696268a92a417f0e5cf0a676d2e67e8e92b295,6f9daeec-8ab2-40cd-b492-17b386f3e5ad,qa,implement,3,2026-09-18T01:45:26.145Z
rework:93499582caaeed7e05cede80492516d008bb5afebda3087e5fdb80933c38fcae,b5cf7875-c661-449f-84cb-16dcde4e3997,qa,qa,1,2026-09-18T01:47:11.348Z
rework:0151fd6b3d7291045c6b51f68077a9a0b76c4ea4bc3c9f4788c658689c23a01e,070bd942-cce0-46ca-88a3-5215886fb107,qa,qa,1,2026-09-18T01:54:54.469Z
rework:6319eece90e379d5202125b85317e5e29b69c5b573263941eb2fdcd86b5f92b4,6f9daeec-8ab2-40cd-b492-17b386f3e5ad,qa,qa,3,2026-09-18T02:03:14.770Z
rework:7ceb80718e38317a600a214d3579a5c1e99e6c79e5b87c849b343c4a45c8c66f,9b4fe698-d3b3-43b7-820d-beb3ce3e948a,qa,implement,2,2026-09-18T02:16:17.455Z
rework:807c2f36dfaa2bfb7c6304fe2438081400d2ef477b491d8114407a97ce29fd89,fa725571-5d90-47ed-9ea2-f6d99ee23f82,qa,qa,1,2026-09-18T02:16:17.541Z
rework:bdab68ce262c8a608e63057ebd36555ceeb2dfee9b9958b3de2b2ad4f754e589,8bc20a0d-345f-431a-b686-eeb058d4dd6e,qa,qa,1,2026-09-18T02:18:27.987Z
rework:3a107b19d7bacfa962f192078907e1798ff2c18e95e73571e07421a74de7c1a3,986c9c22-a588-4cf4-a21e-fa3b90a3c2de,lead,implement,2,2026-09-18T02:36:13.432Z
rework:04957c2dc63255016f2785b6b4d091fe227c70a12251dbb48ca06e41587d6473,070bd942-cce0-46ca-88a3-5215886fb107,qa,implement,2,2026-09-18T03:13:34.577Z
rework:70dc7a754fce35f4e1f951c13703490e77dea26d0c1dab74edd084ac362187a7,6f9daeec-8ab2-40cd-b492-17b386f3e5ad,qa,implement,4,2026-09-18T03:18:55.753Z
rework:258f4a2e1256bda7dd6f3849e8864c82be02b36a52e20098e91c6978e0f4a618,6f9daeec-8ab2-40cd-b492-17b386f3e5ad,qa,qa,4,2026-09-18T03:26:44.715Z
rework:ab4060d24a04b6a5135604760c76f0292fa6ac42c1ffba08a4fe50bc972ab14c,6f9daeec-8ab2-40cd-b492-17b386f3e5ad,qa,implement,5,2026-09-18T06:19:07.026Z
rework:f09413185634d3553337c5f5a80f9919dfd1dd7c9606a7781ba6557a786073c0,6f9daeec-8ab2-40cd-b492-17b386f3e5ad,qa,qa,5,2026-09-18T06:24:52.096Z
rework:405db5d4b695465c8ea1878d381c22a02f0cf4c17ea1062d234e8414275ddce0,137b8ea4-68ae-4384-8e48-d7571dd3e8c7,qa,qa,1,2026-09-18T06:29:04.053Z
rework:dbba211cbb04dc12775e15fe4fc43227a4d96794d120ccdf6313948137d0cfbf,8bc20a0d-345f-431a-b686-eeb058d4dd6e,qa,implement,2,2026-09-18T07:46:24.950Z
rework:c9f3dd2a13141abce647f99c9c90d11c7ddbfedbc1cfa00ab31ca5c687fe6ab4,fa725571-5d90-47ed-9ea2-f6d99ee23f82,qa,implement,2,2026-09-18T07:47:30.488Z
rework:8bb18a774b18bdd413f352a3040c23bfda2d541b7510ee0174db72fb43e21b0d,d4e0de1f-8d3d-45ca-8426-574befa44aa7,qa,qa,1,2026-09-18T07:51:32.210Z
rework:3b68a5940d30294dfb0bbc12a2f2fa20d56559e607653d3b8d92f7c0ef3cb554,d4e0de1f-8d3d-45ca-8426-574befa44aa7,qa,implement,2,2026-09-18T08:53:32.537Z
rework:fe5842900fab7c592f9dc6b55f9805de4a9b2520b7ffe78c57ef3998e2c58d72,8fa62c6a-63aa-499a-911a-41b6e4b3ab8b,qa,qa,1,2026-09-18T09:08:41.798Z
rework:f036806c5dbc9d254f036770f54c353645a6a331b7a1917a6bb245d066a656e1,137b8ea4-68ae-4384-8e48-d7571dd3e8c7,qa,implement,2,2026-09-18T09:09:01.054Z
rework:4adbde105f7dc6bc8364770a00f6a105d25b27f43a875385d7e6192d2103296f,8fa62c6a-63aa-499a-911a-41b6e4b3ab8b,qa,implement,2,2026-09-18T10:21:49.545Z
rework:9854ec85a79e938d1f502b8ef57fbc69c8cb03c29223df04882f6718c3bfe156,8fa62c6a-63aa-499a-911a-41b6e4b3ab8b,qa,qa,2,2026-09-18T10:41:23.273Z
rework:9f134e0768d6c73a84df800276bde892341afcab243772cd7f511e5601cd3e1b,8fa62c6a-63aa-499a-911a-41b6e4b3ab8b,qa,implement,3,2026-09-18T11:38:28.248Z
rework:e25c9ad8af6ae1d6723dc7dce618155382b29792d595a1264e28619ce1ef3a7c,8fa62c6a-63aa-499a-911a-41b6e4b3ab8b,qa,qa,3,2026-09-18T11:50:20.165Z
rework:0557b89044f3bbe04f3c8bc42c497efe19a90ca185a54d0165e872ea8bc388ef,5fe45c92-4cc1-40ff-b0e3-85978d0e484a,lead,founder_gate,1,2026-09-18T16:24:57.511Z
rework:7d7001ca950496334cf0670e88e85ee7b4f1c05f851c53e98b8e744543277f4c,9a9c1584-23cc-4813-bb04-90f74ee112b1,lead,founder_gate,1,2026-09-18T16:41:15.765Z
rework:3094e7347df378cbd7885ab2e3fbefa8c6d88e47c3fe3c12918e64d5e0464dd0,3e26508b-51b8-41b1-b11c-9a805ee715af,qa,qa,1,2026-09-18T17:32:54.929Z
rework:fce3f91aeb6b8e191c36882def8fc39884b940d7aae07c0729035080f2df6991,d6b34663-d251-4174-9e96-281c09ae7241,lead,founder_gate,1,2026-09-19T03:54:38.716Z
rework:f430e3bf8421dc0d77835b27efb60e682fb856417e3a571fd51bcccf2be10555,c189ac65-2923-4b20-823e-df97bd46e3b0,qa,qa,1,2026-09-19T04:41:44.176Z
rework:c4812748323d57b76504c8e8ada87647b85a14414195563281473c6041482a19,d6b34663-d251-4174-9e96-281c09ae7241,lead,implement,2,2026-09-19T04:49:07.720Z
rework:3f7418a6fc113047cbaf1f7f28e74f13d4bb3c9d4835da75f77079d7fd6518fe,c189ac65-2923-4b20-823e-df97bd46e3b0,qa,implement,2,2026-09-19T05:06:12.849Z
rework:03d193c757a02765931535592a14413a7c88957b31cb9bb785e5cc4c83dad5e5,c41c24e9-11c9-40ea-b242-3221139a9cc6,qa,qa,1,2026-09-19T05:14:16.465Z
rework:fafa78372ea7ab81eb12c824b7058cc35770a6053ebd2111d6f8e26db9ee991d,eb652991-d6f8-48e4-b59a-1baf94747289,qa,qa,1,2026-09-19T05:24:53.907Z
rework:2cc1ff17971a237277d842dd820bf49a1d23a94a4043f6d357d4db008fc5ab54,d6b34663-d251-4174-9e96-281c09ae7241,lead,founder_gate,2,2026-09-19T05:32:36.222Z
rework:294ebcf274834720950b5d0ac0493929e0d166fbcd0b596ef7486dd73f964a7a,eb652991-d6f8-48e4-b59a-1baf94747289,qa,implement,2,2026-09-19T05:53:35.012Z
rework:143974cc3909154b46c65625d670c4e05aed45c893399a2361ad5e03eeac056e,a2727d85-eb8b-4c63-87d9-049f149316ca,lead,founder_gate,1,2026-09-19T06:26:57.968Z
rework:86a49b20957bc1e28e0f037e610d596375d11a9bde863b0c7c8456a8d2ad0705,d6b34663-d251-4174-9e96-281c09ae7241,lead,implement,3,2026-09-19T07:14:20.656Z
rework:8fe1474c008701833cb10782e704a6eed23f0ffaacf3002ebfa37f2a988cfb12,a2727d85-eb8b-4c63-87d9-049f149316ca,lead,implement,2,2026-09-19T07:19:53.956Z
rework:becfc638410b1697ea2ad4dd04b2127db4d2fb034b0df3723f696b138f3a0ecd,d6b8a817-6024-40e6-ae11-ef9da5e84f35,qa,qa,1,2026-09-19T08:21:58.435Z
rework:c708833235b06f252141f481f6552836510b0880903926aacec386f6694aea71,d6b34663-d251-4174-9e96-281c09ae7241,lead,founder_gate,3,2026-09-19T15:44:24.642Z
rework:83953e28ba2b9365ad2cceaf212a20321dc1053a32d1ef86b98234b6d391ca44,eb652991-d6f8-48e4-b59a-1baf94747289,qa,qa,2,2026-09-19T15:49:12.877Z
rework:68b648f87149d2845c23f3a49607fd659fb6e4a4f2fc8820f7c0b5e061f1230b,6f76d337-bc9d-4015-a4af-4d78d2e1da96,lead,founder_gate,1,2026-09-20T21:28:07.275Z
rework:598aff46ebb75b30cdad0dc5807a5754d4e8a1d782721a05aed1b53cedb9f20f,83175fd7-d0ae-44e9-92b3-29657908a1f2,qa,qa,1,2026-09-21T00:24:52.080Z
rework:f92601a0b8ab3b6ffaf02c46fab3da4e2567a5909df820b151a21734d4922901,83175fd7-d0ae-44e9-92b3-29657908a1f2,qa,implement,2,2026-09-21T01:32:51.540Z
rework:321c09a234b26fede676b98e735f05da967250e43313398e09ba1936c237cfcc,3f788ab3-b20b-4aa0-a1e0-914a78478bb8,qa,qa,1,2026-09-21T01:35:00.583Z
rework:4e7eb0deaace65170b29f84265c71e43504e53837753a68c2f0bfb1a9f2f4ffe,83175fd7-d0ae-44e9-92b3-29657908a1f2,qa,qa,2,2026-09-21T01:49:38.019Z
rework:70cbd89038a9bddab9d958b9d1f3cf667c1015160c00bb5790cbdcb6776090bb,4536796c-d5d4-4cad-88d9-326f5c0bbfa8,qa,qa,1,2026-09-21T01:52:01.337Z
rework:3b6fcaff02b1104346f65320ac34ebeb73081ca55fd2895ba04f5ff48fec9921,e55e698d-953f-4c02-936d-752e66ca08db,lead,founder_gate,1,2026-09-21T02:26:24.697Z
rework:4bf3aa161b5bb5e0a11f41dbcc9901b00fff729279a38c54c4772ec4d4591cf6,82f0f3a5-8564-471f-8dcf-209fbf04793e,qa,qa,1,2026-09-21T02:26:47.626Z
rework:22dd68572d295af1b0c7005434d47eaf74928243ebaae15d4047710f4cf1c64e,4d8bcb46-7b51-4339-8e92-f0c46820d86b,qa,qa,1,2026-09-21T02:31:02.090Z
rework:0b70738289de2c44b6879bfb3104d62faf7b5a043e458943303840315d7071e8,eac6b4cc-8e90-48fc-97b4-e2ba7c9f3fc2,qa,qa,1,2026-09-22T03:13:50.457Z
rework:096336837eba189c65a941c12f9d75be90140fc5f78578baaa535139ee8b506f,09c95430-90ba-49f5-8048-61b72713dac4,engine,land,1,2026-09-22T04:48:47.436Z
rework:b38970452816a02535b590a194adb025842cf7dd8e324457f82822486db57c86,09c95430-90ba-49f5-8048-61b72713dac4,engine,implement,2,2026-09-22T05:42:31.211Z
rework:0afa55582b215ae7bcbb24fa25dbac56e53be7f62e8febfe19a115061be6fe1a,eac6b4cc-8e90-48fc-97b4-e2ba7c9f3fc2,qa,implement,2,2026-09-22T06:13:39.802Z
rework:166760b0376691f091685a8d80e5daa984dbfadf349296712f472761c1050b73,09c95430-90ba-49f5-8048-61b72713dac4,lead,land,1,2026-09-22T06:46:12.429Z
rework:871c505674e840aaeb2e5e54d81c9ce3aa17135618ac364379d8fc35c76117e6,09c95430-90ba-49f5-8048-61b72713dac4,lead,implement,3,2026-09-22T07:04:00.033Z
rework:134f200d93c03c65300935788099c6d90b36b4ec36b75b4721a805bc6ed2fd6e,eac6b4cc-8e90-48fc-97b4-e2ba7c9f3fc2,qa,qa,2,2026-09-22T08:00:06.161Z
rework:3a186019d396dfcc23b0fb1aaf87020530199f837c39b3a3ff29da89570290f7,eac6b4cc-8e90-48fc-97b4-e2ba7c9f3fc2,qa,implement,3,2026-09-22T08:45:27.251Z
rework:e5ba70e6a9525b2e0f885c832083df07f41726c4bb72f350445e552b967d0cb8,1314690d-b2dd-4211-9bab-bd39ca94128d,qa,qa,1,2026-09-22T08:50:06.294Z
rework:6de35fe3b7c134a4de22f610fb369a1f91187d82f2dfa07125883c30fc0eee52,3065e8d4-993e-43d9-a66a-28b59f3d36e5,qa,qa,1,2026-09-22T08:55:56.676Z
rework:377d58638cef4c9355e2acdbe12dc680b2f1ce8a1aef6afad081d1e7fc547f86,1314690d-b2dd-4211-9bab-bd39ca94128d,qa,implement,2,2026-09-22T08:58:08.743Z
rework:3df17690be60498dd5f3a0c97fc162a9f7269fae14e9388b4938022efdcca924,3065e8d4-993e-43d9-a66a-28b59f3d36e5,qa,implement,2,2026-09-22T09:43:46.871Z
rework:257104606d3b0bcf6531fb7ca27fe20d2b2d3d346f175a0138fb30b42a91199f,3065e8d4-993e-43d9-a66a-28b59f3d36e5,lead,founder_gate,1,2026-09-22T16:12:52.880Z
rework:1a81b90e119fcf5e8c21529c78f6083e8ac557013dae7d208767b43d243a1fdb,3065e8d4-993e-43d9-a66a-28b59f3d36e5,qa,qa,3,2026-09-22T16:53:50.740Z
rework:852697619f3d552c9cdbd428bec79c3acecea92bd2a373b9457a711f5f0ffc69,eac6b4cc-8e90-48fc-97b4-e2ba7c9f3fc2,engine,land,1,2026-09-22T19:34:35.514Z
rework:99fff4fac0db9930a7a5d2cce0b4c2c221f664a655ba931ea1a912c8a0396fe2,eac6b4cc-8e90-48fc-97b4-e2ba7c9f3fc2,lead,implement,4,2026-09-22T23:21:24.081Z
rework:bd902a5db7e4e6581904b3b42b948cc06370592aa224e9a7c9a9a37e3ae6d17b,f8bd1b21-6ab2-4baf-a2a9-a93d5473bf71,lead,founder_gate,1,2026-09-22T23:45:09.769Z
rework:a69fcf34483b0d68f07c9db1189085d716d5bdb6b610f125b114448c07429a46,eac6b4cc-8e90-48fc-97b4-e2ba7c9f3fc2,lead,implement,5,2026-09-23T00:17:30.529Z
rework:1d9b62c43fafe3605599949c4279228548d00d0b56d8812118dbfa597a04a630,bb4b1c33-6fc3-42f1-9df5-63e9160f96c4,lead,founder_gate,1,2026-09-23T03:20:21.353Z
rework:13c1229fb86a8b1430d5d90fdb90d3e3704e660352b85677cdfd07aeeea3ce9a,feea9dcf-dd79-4807-ac61-ec93c58b50bc,lead,founder_gate,1,2026-09-23T04:08:40.311Z
rework:e232504bea091ac22fca3f2ad7d785f0ec1b9c588f7ff3c699891ceec2e31f17,bce605bf-d29e-45ab-8008-4ca0fc730780,lead,founder_gate,1,2026-09-23T05:00:04.941Z
rework:c712e30e444ef7a8335ae8cd8d750d49d3ed5fe178caa289aeeff520338a5fcd,bce605bf-d29e-45ab-8008-4ca0fc730780,lead,implement,2,2026-09-23T05:45:26.927Z
rework:ceb9962286e90768de586fc8deb0b9df8f9d07ce77f87f3e26bb46277cde7184,53ab3f14-8bc0-4806-95a1-80686f4ea7a1,qa,qa,1,2026-09-23T06:04:48.848Z
rework:0f2999e8f5ead1a3ebaf7474e04ee610c1107d943f309acb550e89dd51fc1164,532c0ee5-a15e-4cb7-afe6-a6e11e782823,qa,qa,1,2026-09-23T06:32:29.502Z
rework:5931cc2d6402a1c972727f260985606ff699969aa7ad418e2cb661161b73f739,b7852d37-e69f-47d2-ad26-62da604a8813,qa,qa,1,2026-09-23T07:00:39.763Z
rework:ae4952bbbbdb79e000ed71ece7add12476d171ea00909fd6687cb027b26c857a,532c0ee5-a15e-4cb7-afe6-a6e11e782823,qa,implement,2,2026-09-23T07:54:08.596Z
rework:c5385361c587e1ae6bde25ab4a64097ef224f5d76913616ea7e01e87d78fb7ee,532c0ee5-a15e-4cb7-afe6-a6e11e782823,qa,qa,2,2026-09-23T08:14:57.365Z
rework:79aa74ce7d5990dba6cf85bf307b72d3f006cb4ebfd3fdee0c4b8502ea875aa8,b7852d37-e69f-47d2-ad26-62da604a8813,qa,implement,2,2026-09-23T08:52:07.047Z
rework:d6d5b8cfa4ee9e11fa3fdb380564b997efd00a8964863c1656d0916ab00ef3df,532c0ee5-a15e-4cb7-afe6-a6e11e782823,engine,implement,3,2026-09-23T09:01:38.350Z
rework:a8fdcdb57723bbbc82fad975291aa4c7d756f7f18a2dfe762a8573f1fe00f4a7,cac670f2-3103-4e59-832e-786513fa1fc9,qa,qa,1,2026-09-23T09:44:45.425Z
rework:2d0c720ca0622002704ed84dccdafdb6b8bcfa35b40c919bc83a72d880751b4e,103bac96-f0ae-498a-b981-da4a3186a651,qa,qa,1,2026-09-23T09:59:02.685Z
rework:4b51b47537ba9290ef3c3054626d0c565bf3c4476a13533ce861991430376c96,36ce617c-1496-4982-b23d-65c9e1fb77ae,qa,qa,1,2026-09-23T11:02:50.708Z
rework:f92565ec8020d0fdadd6ef14331842d2ce4992a7755efda8a2e8f15a35aac7bf,2f616bd5-693a-4d0b-8b43-a6986202c8c8,qa,qa,1,2026-09-23T11:17:35.094Z
rework:d7de190445077fc0f82cb06f7aa25b84d1430c5005a923d0269a3ea104250087,53ab3f14-8bc0-4806-95a1-80686f4ea7a1,engine,implement,2,2026-09-23T11:37:41.566Z
rework:7a45b5d6814dfeeb34400094b65f2c373b4133edfa69cebd37f0675e4f5e7acb,36ce617c-1496-4982-b23d-65c9e1fb77ae,qa,implement,2,2026-09-23T11:46:31.910Z
rework:c9fcd4cd2f3878561867eb29aa68594151140d7483ab364e511dc2d2d1385fe6,53ab3f14-8bc0-4806-95a1-80686f4ea7a1,qa,qa,2,2026-09-23T11:57:01.597Z
rework:9ed583ad048424b75c039aa8c6c4de39ee9ebb7eaec22ee88cfc0c31e0a96866,0e77a6ed-aa68-4fb8-b3e3-c73dceca1f0d,qa,qa,1,2026-09-23T12:00:27.025Z
rework:6cda715d7603a75af2c8527a55a27e856d8a6fe88778791ab8157df1269e4800,3831cff3-35ef-4802-bb05-484edbba72a5,qa,qa,1,2026-09-23T12:25:28.248Z
rework:08ed8045d0bb20afd78c8922902f05812d7ba8bc4acb9238bc84712d47e6cd32,ac672a74-7ce4-4c6a-9bdc-62372c8632a4,qa,qa,1,2026-09-23T13:03:48.607Z
rework:ac94ce83246436cf18d03ba18145867bde7b581cea8b3d3c185159d1e018cddd,5191051d-ed91-49b6-8c9e-2f3abc0b90cd,qa,qa,1,2026-09-23T13:06:49.359Z
rework:a3436ab99d83942a5e9ccbaf8f29a3edfe75d013db74087a906a067d873e0b28,3831cff3-35ef-4802-bb05-484edbba72a5,engine,implement,2,2026-09-23T13:21:20.990Z
rework:8e8b06425878d23d0c6af91ec0051f29e150656705b113c0d5790096b03808f8,e51860da-f8a8-4fa8-bc5f-9253b88cc4bd,qa,qa,1,2026-09-23T13:57:18.622Z
rework:ec3ea555892f29af54ab6234425b64d0c570e2d5ef28fb30712b22c7227c5b86,3831cff3-35ef-4802-bb05-484edbba72a5,qa,qa,2,2026-09-23T14:01:59.804Z
rework:9d396bcbb2cabd457f0043ad08dc148fb6e57b7185559174ddcccfbba3630906,84903017-2853-44fb-81aa-047cf693fb80,qa,qa,1,2026-09-23T14:49:46.654Z
rework:3ecb0d0a3d47957d4cf683ff55638ed31050d4bf6d670724d86848c12d60c043,e51860da-f8a8-4fa8-bc5f-9253b88cc4bd,engine,implement,2,2026-09-23T15:26:10.505Z
rework:aeee85f7f4e4165d6a7edcb51e2aac580b1bccdb32ed64048a78af01a9e12623,fec3e02d-ba7e-407c-a55d-87ee17313e30,qa,qa,1,2026-09-23T16:13:30.920Z
rework:94c8cebb8bec2f1c99787ad3b6bb1f312d205e00e04f1e3e2f305b4ff0e6eb74,36ce617c-1496-4982-b23d-65c9e1fb77ae,engine,land,1,2026-09-23T18:29:05.579Z
rework:0d1d076777817d475ebc3f512cb631adee744af8893fbbb2ed3a54884b437e2f,4e2ba12c-312c-47eb-bcb7-2942947b6e70,qa,qa,1,2026-09-23T20:09:55.626Z
rework:4345e7222b4938daa958cc2259c7a41f60cb1ab377e0a88f13784bae517dd63a,e51860da-f8a8-4fa8-bc5f-9253b88cc4bd,lead,founder_gate,1,2026-09-23T20:35:52.526Z
rework:431d804dbf8f53fbcc5efd9818776b8e0f876c04299f75c38679b10a3fe59256,0531c321-0c14-4d53-acc6-65c663549493,qa,qa,1,2026-09-23T22:22:27.491Z
rework:e71ef1c61d001dba361bb5ce3c062d489f5cf167d6ee633fa35f1a9f1c0280cc,0531c321-0c14-4d53-acc6-65c663549493,qa,implement,2,2026-09-24T00:06:30.778Z
rework:977c3d6ee8dbaeeab2787312407580b1c81d40627c4ffa3659d84356238c37b1,435650e5-e248-4844-9b3a-98033fd0b779,qa,qa,1,2026-09-24T00:48:23.361Z
rework:1c475145627912a78035c414635a9843754cd0a8bbc1b3599f620f7ff8670ac2,0531c321-0c14-4d53-acc6-65c663549493,lead,founder_gate,1,2026-09-24T01:07:02.074Z
rework:8eca90b8b9e96911c8b142fa562b1651a27b7ed76800ece261cddc34cbbc2619,435650e5-e248-4844-9b3a-98033fd0b779,engine,implement,2,2026-09-24T01:17:11.677Z
rework:460e52c2a931ce69e2b7421a7dc38c0f374a8a00f9957774faf030dfb290f1af,e4da6f23-5b9e-4341-847d-b1a4607c1ce4,lead,founder_gate,1,2026-09-24T02:14:05.264Z
rework:e5edb2b82de2c8bdcd36d85386d0f1e44e57cc7bc1a88bb24bd2e8172ba459de,9760d356-1bf8-4217-bba0-245682e5a44b,qa,qa,1,2026-09-24T03:10:20.272Z
rework:3e76c43150dc782d6c620561ed18b9b49421fdfe5bcd96b50896a8ad9a580c55,e4da6f23-5b9e-4341-847d-b1a4607c1ce4,lead,implement,2,2026-09-24T05:04:59.258Z
rework:ff4ac4afa06a65d478bece03458829f98ba4262ba07211d6076c00287a3aabc6,d9e27cf5-3392-49c7-af3e-4bf623f29a01,lead,founder_gate,1,2026-09-24T05:13:46.102Z
rework:e879cb23ac2c96fc8e291cf53b92a08c947f7ceab29e9ec5d11287f39a11398d,9760d356-1bf8-4217-bba0-245682e5a44b,qa,implement,2,2026-09-24T05:21:12.432Z
rework:92925a0e69038862de43192358c625eec9fabde80231b54b110a39fc385f3705,e4da6f23-5b9e-4341-847d-b1a4607c1ce4,qa,qa,2,2026-09-24T05:47:11.516Z
rework:864176c09c48aaa215367f000d32936693633ec8c2d6e0aa18f9e652fa913c56,9760d356-1bf8-4217-bba0-245682e5a44b,qa,qa,2,2026-09-24T05:48:47.658Z
rework:f274fb571c0ff324c7acf93890d7a9b1d01273f26f6722669877f2ba290b198b,d9e27cf5-3392-49c7-af3e-4bf623f29a01,lead,implement,2,2026-09-24T05:51:39.294Z
rework:910bb410af69b6cdeb6e9758f9508833ee3aef5e8619626d9a01f54699af6f90,9760d356-1bf8-4217-bba0-245682e5a44b,engine,implement,3,2026-09-24T06:13:43.721Z
rework:ecbdf13f80cc068168006b12992ae2fa4b2d66d1b74d1687fcb7d0a7aabd1509,35635a28-1d2b-47fd-987f-e77ec6a664dc,qa,qa,1,2026-09-24T06:33:45.171Z
rework:78169a7c833349e8cb29e74fc454f6f223d95ec40f6b4c863555f917dc032d45,9760d356-1bf8-4217-bba0-245682e5a44b,qa,qa,3,2026-09-24T08:02:45.626Z
rework:c17aa64ac0f175d9a8b53e64f4c0875be58b81528e99a214b9ca82cdc057946d,d9e27cf5-3392-49c7-af3e-4bf623f29a01,lead,founder_gate,2,2026-09-24T08:03:15.825Z
rework:287021f6cc727d56b37f3845ecf08f4feec6e76b4cd6ceee96a6e1a89cb44264,9760d356-1bf8-4217-bba0-245682e5a44b,qa,implement,4,2026-09-24T08:46:54.350Z
rework:cfba5c2f6ca844af9d8302ea14ab85a05333889143b04acd8a9313f2ed5f607e,9760d356-1bf8-4217-bba0-245682e5a44b,qa,qa,4,2026-09-24T09:39:30.080Z
rework:783150ee6aa213e1a1b26faf0956965c9c77facfccdebaae64ebcbd84fe3ff14,90e86d55-8061-40fd-b640-07a6de4a09e2,qa,qa,1,2026-09-24T10:01:48.334Z
rework:f133fbd6f608eeefee8dbab1516833620438d915ab2a025b3679003a8ef1f5b1,90e86d55-8061-40fd-b640-07a6de4a09e2,engine,implement,2,2026-09-24T10:16:44.166Z
rework:8d9586ab9998ae27d4a508cb8a1e871694d29a6e0e03812db7506fac01b87403,3e1394b1-80d4-4cbc-9868-9f1fe4ffa716,qa,qa,1,2026-09-24T10:31:27.952Z
rework:35d4d224a66001959ecaae1e11465c404d3f10b14b63fe811ee7342134701316,ab5dd282-431b-4006-afc3-7ed1220f794e,qa,qa,1,2026-09-24T10:51:00.030Z
rework:1baeb8427cd00cf90894b44f1250d23d0f4b733e6d20c3d58d4a64ce6abe4369,f8ac913d-a9dc-4e8c-875b-7bb155c1b258,qa,qa,1,2026-09-24T10:57:05.538Z
rework:1e2d2f71dda85b2552ee3e1e826a605cbbd3c32016134f89bfb0c29b6dd3a0ec,3e1394b1-80d4-4cbc-9868-9f1fe4ffa716,engine,implement,2,2026-09-24T11:02:56.468Z
rework:c81039ab3b9ef46275be141ae58d9daadbb25e1b6e1329534ec3b77c83be39d2,7319fcce-5025-4860-90e9-da2234b3573d,qa,qa,1,2026-09-24T11:31:55.483Z
rework:97cf6f4ff53b444ef4efbed9a50fecde0e1efae7c2d6fe486937e15db92c742c,be388028-7bcd-428d-a4bc-768ee5cbb9f9,qa,qa,1,2026-09-24T11:31:58.663Z
rework:afe44560ba99e3c7e6186deee7b67c5966f9428fdd6a5a35339a53174aae5ca6,3e1394b1-80d4-4cbc-9868-9f1fe4ffa716,qa,qa,2,2026-09-24T11:56:27.912Z
rework:8947fb8c01d27117c345e265224e538d3aafd78faff12167928904c0c931a6ec,f3ff962e-87c7-488d-9669-6864a1e66957,qa,qa,1,2026-09-24T12:12:24.690Z
rework:2e9094ad6bcdabc9aa90562f305cc540d96f0799b43a4d707ddd4382b70dc60f,533ba1e1-bc5e-47ba-82bf-f3115b1a1625,qa,qa,1,2026-09-24T13:28:21.945Z
rework:7b4ec0f29f77de5e7150a3e522234a90ddc42b591d3dd67b3917cf262f863c0a,4079b623-5e51-4f4b-81c8-f928c50c494a,qa,qa,1,2026-09-24T14:13:47.558Z
rework:a43b36e01c708c9ea66e1a8b79743bb51b1077aa5be5401e65df4568ca7da092,be388028-7bcd-428d-a4bc-768ee5cbb9f9,engine,implement,2,2026-09-24T14:34:45.400Z
rework:c0fef5232f8691d19f717328b3c081d090686a5527db9a25b1b0fc0e463a1474,71a3626b-2878-41da-826e-b8bdf7b0f2ad,qa,qa,1,2026-09-24T14:40:59.260Z
rework:63097c2662636d7622a48e59949a3a889198a94737c013294b70d5e9671ae072,fcdd8fc0-1c5a-492f-93ce-250874a37321,qa,qa,1,2026-09-24T15:00:06.647Z
rework:eb88b9cb36981ce2260db900a8d1bee3c0e4aa2a31ac3718e264bf8c1589e54d,8e34afec-6c93-490d-99a2-a0088b326e57,qa,qa,1,2026-09-24T15:31:37.980Z
rework:fcd0502ea792df8de97548b468f6ce21297115cd84b7ab371d3ff61c31bff03a,2d211ed0-adc7-4086-ab30-93b048caf040,qa,qa,1,2026-09-24T15:53:00.594Z
rework:8dae5b319e5c446ac48b4fcf27301cdc2d151caa2840bb71b6ab896a4df6461c,be388028-7bcd-428d-a4bc-768ee5cbb9f9,qa,qa,2,2026-09-24T16:31:00.799Z
rework:208ebed40bed93cc11e8dc53c6af3d94ef1bf921b47a6c2798f5d630156c3d95,7b4f9a8c-4aad-4725-928e-ef430c132f69,engine,land,1,2026-09-24T16:30:58.143Z
rework:a3a4801103ddf30fac1c8db124869f046eb8c896542d053153247c685acb2644,37b0cd13-9ff2-445f-ab31-0d5dfc742b13,qa,qa,1,2026-09-24T16:39:54.988Z
rework:4e25a54d2f4354e2ed8d6b4ae2494ba39b70fefb61030ab239fc1310fa36d972,fac0dd47-6397-4d7b-beb6-ad242492dc79,qa,qa,1,2026-09-24T16:47:41.235Z
rework:4de32dbc9d26a1bbe235cc2654f23c4c6aef916dca000516f7fae4ea035dd0b1,7b4f9a8c-4aad-4725-928e-ef430c132f69,engine,implement,2,2026-09-24T17:09:50.208Z
rework:1b1407998448dbcdf7275a6c2eb75e77c0811f374f2c96a61112e30096bf5768,7b4f9a8c-4aad-4725-928e-ef430c132f69,qa,qa,2,2026-09-24T17:19:21.504Z
rework:2a11c788cb1561a9551920e80f12fa1da7a485f91be66342d99b22ed81e7f568,5bbad7fb-5eeb-4d95-acb3-935be82deb53,lead,founder_gate,1,2026-09-24T17:36:25.686Z
rework:58f889ea0736e91aea80bd0f15213c7468c0bade4ad4b2dad2cd56fe60de8512,37b0cd13-9ff2-445f-ab31-0d5dfc742b13,engine,implement,2,2026-09-24T17:45:31.374Z
rework:2c615efe23ea88867856e5f884dfe004d141a80d7101763e0593f402768d024b,f13e644b-b171-47db-97f6-b8173a379731,qa,qa,1,2026-09-24T17:53:24.850Z
rework:59b5902454f0ed50c81f1227e11aa11e144f6fddd4eade2466e790b1c628ce46,438b1a33-dd9e-48bf-89cf-78db09b798f0,qa,qa,1,2026-09-24T18:11:32.380Z
rework:595bd193aeb2f65e5db1b990c5df7bb7d69c8e0bfe7af3fc92a355dac6beafeb,5bbad7fb-5eeb-4d95-acb3-935be82deb53,engine,implement,2,2026-09-24T18:51:14.329Z
rework:832b4b56bc4e1559f24cd124db8cdc62bd9236a632cbd9ebe53dd11297328ef0,3b06c51e-cf86-4dce-9f19-d412d3ad6068,engine,land,1,2026-09-24T18:54:41.838Z
rework:59cbbf29cc093f5fd229d63bee998f6975724c029a97341434056d35233c0d14,37b0cd13-9ff2-445f-ab31-0d5dfc742b13,engine,land,1,2026-09-24T19:27:15.384Z
rework:247cad864a91c90898b465ce8ef144b37be5c56da1e23a47c65f02c96a36a5ed,3b06c51e-cf86-4dce-9f19-d412d3ad6068,engine,implement,2,2026-09-24T19:49:52.806Z
rework:afc6005b54de94dcddd14d3dedea2eda7e74e34661bf9058901d661518bf2894,3b06c51e-cf86-4dce-9f19-d412d3ad6068,lead,land,1,2026-09-24T20:24:34.021Z
rework:e70dd926fb1ba9d9a1acbf60d6268fb0d3ebfbb0124c67301e7cffa91d8fd3bf,3b06c51e-cf86-4dce-9f19-d412d3ad6068,lead,implement,3,2026-09-24T20:38:13.893Z
rework:a7c6f47ad46b3d5f8848c06ba1c2e3342d4c0648a3581da06bb58c2fae10d0f9,3b06c51e-cf86-4dce-9f19-d412d3ad6068,lead,founder_gate,2,2026-09-24T21:42:26.678Z
rework:d613496b1087fe51838e078986e0522f27a810bddf0cf1b21da643c4296bffb3,5bbad7fb-5eeb-4d95-acb3-935be82deb53,qa,qa,2,2026-09-24T21:57:16.299Z
rework:1ff47f589efcdb520b9ed6ef4e5c484c03410dd9286638d41620a1e36636385d,2d648474-3fad-45aa-a992-f3ae8c808c47,lead,founder_gate,1,2026-09-24T22:58:04.265Z
rework:939c6b89d8d5196e1af30cc45afecba201befd21a357894633c6cbc211b0e047,9054a9ec-9b70-40ef-a30b-818a9ccf68af,lead,founder_gate,1,2026-09-24T23:02:02.976Z
rework:cf8369012a55ed1681a1058d2de7ceff2d5836ca4fb8b0c0317994ee0be502cb,5bbad7fb-5eeb-4d95-acb3-935be82deb53,qa,implement,3,2026-09-24T23:13:18.223Z
rework:c05a00db7012decfa37fee79cd6ce5e365009949422e501ca5630ece882b23af,a7ea7fa2-610e-4940-b02c-511554f7d895,qa,qa,1,2026-09-24T23:18:34.447Z
rework:cd591347b367235169717f1cd74ed13258bd0448f2e60f3eac69124323916fb2,5bbad7fb-5eeb-4d95-acb3-935be82deb53,qa,qa,3,2026-09-24T23:33:57.754Z
rework:b1046a1c41ab2403c3b19abe7a056642eca977f6d1c71298ee0b0035c9e73844,2d648474-3fad-45aa-a992-f3ae8c808c47,lead,implement,2,2026-09-25T00:01:29.663Z
rework:56df34809900f2123f1cf16025ac3b1fd4ce2bcd76370846661fb48d96a92361,a7ea7fa2-610e-4940-b02c-511554f7d895,qa,implement,2,2026-09-25T00:03:23.006Z
rework:1e406ff640fed03cb90d9f44d40616fbd062e0c4ec852a9bbf8a435c096d60d0,a7ea7fa2-610e-4940-b02c-511554f7d895,qa,qa,2,2026-09-25T00:24:00.340Z
rework:c99a41c95942144e877bd3d6a04933b0dab5f8c4769cdccde75677076b54683e,c73c8847-ea86-4851-864f-c8f5a1a425eb,qa,qa,1,2026-09-25T00:30:42.059Z
rework:e13d34eb7fc16faa57456edae955200db059fe1b45b9b453ebf655ffb1a74ade,bad2e41e-d646-4a69-8c8c-6bc380778ae0,qa,qa,1,2026-09-25T00:32:56.340Z
rework:f6d2bc97aee8991dc9fb55c63b9ad82b39ede6c5e91a69c5a21603459e042ab7,6f37ac94-833b-488f-b74b-8d023c061f31,qa,qa,1,2026-09-25T03:39:41.673Z
rework:dff22a85bd2f9c429a2e441db597cc26d31935601d3e1d75793e1f833f06f88b,21883c18-dddc-4345-86e7-6a1c5b8d9664,lead,founder_gate,1,2026-09-25T03:42:30.640Z
rework:e2c7dcb550cbedde018587c807b836f3d40278196557ddb68eb37000006ffc97,c73c8847-ea86-4851-864f-c8f5a1a425eb,qa,implement,2,2026-09-25T03:55:11.535Z
rework:2c91b7a0e22669f0c876751b4fa69e30b6d26009187ba08c53f042607fc18397,22c7f9c7-9db7-43cf-9cfd-365d90564d84,qa,qa,1,2026-09-25T04:23:03.264Z
rework:dc0eb47a3819ef3c5a43243f583fbf82a0720f95c7833bdf9c81e2cf3746d878,29bef683-e628-4291-b608-1882a2fec14e,qa,qa,1,2026-09-25T04:30:09.088Z
rework:a9542764b00d8d585e32e046092a94f1bf27ee6d90826ef4f8398b80c24b50bd,22c7f9c7-9db7-43cf-9cfd-365d90564d84,qa,implement,2,2026-09-25T04:40:04.766Z
rework:1533f27e74e3f782fa62e6a72eb4837ebc55ada9e90a38be2b3d64aec3212615,29bef683-e628-4291-b608-1882a2fec14e,qa,implement,2,2026-09-25T04:55:14.811Z
rework:7d59d9465f9a71573df640eedfdc1c30245614fc34345f865a9280df0662228c,f42e1847-6b21-4a08-b5d3-25501a1970e6,qa,qa,1,2026-09-25T04:57:01.233Z
rework:4f6673dd082ef7775c45bc8a57ca2a209ed37f098a77fcb4da900cb390d24b1d,953ede7c-b04f-4c83-b29a-996be107c15f,qa,qa,1,2026-09-25T05:00:28.625Z
rework:ec62070ce444a52c5c5f86b72b726b509831bd394f85614629ea94e6085e560c,bad2e41e-d646-4a69-8c8c-6bc380778ae0,qa,implement,2,2026-09-25T05:12:35.612Z
rework:d305b3c8c693d9533b2332832c557c55a80db39dc659f10c1b3d4cd49668258c,bad2e41e-d646-4a69-8c8c-6bc380778ae0,qa,qa,2,2026-09-25T05:23:26.215Z
rework:c4f43a3cc5c3584a43800ea43f4c5cf4c024502306a48591f8a9851b75576070,953ede7c-b04f-4c83-b29a-996be107c15f,qa,implement,2,2026-09-25T05:34:22.445Z
rework:8f8ab2168a706d2ac9d6af57e3a49ea3df4c89d9729a40f2e6e80a44a485b672,f42e1847-6b21-4a08-b5d3-25501a1970e6,qa,implement,2,2026-09-25T05:53:27.238Z
rework:09daa4b9f3c8dd2733a02920b7c093b0522846712b0b0b1437110f02ad124eda,2d648474-3fad-45aa-a992-f3ae8c808c47,qa,qa,2,2026-09-25T06:41:04.126Z
rework:f82b2ea696a6b2ce28a4703fe7e546dfc434513c9bd44f5f52ffc03dbf6b9f64,2d648474-3fad-45aa-a992-f3ae8c808c47,qa,implement,3,2026-09-25T07:11:52.009Z
rework:27e2b1db4f4e977817e60e6f98fd0650b6ec225831a2be9c53b21b0d7f5b06ce,2d648474-3fad-45aa-a992-f3ae8c808c47,qa,qa,3,2026-09-25T07:32:43.810Z
rework:7753ec455ee15c5e0dbe1685dc127a832288c544fe0a75e7a4704c1fa64b28d6,f42e1847-6b21-4a08-b5d3-25501a1970e6,qa,qa,2,2026-09-25T07:44:50.030Z
rework:d88e9c7477448c99993964521ebc89a04e1c0c601fd9cb70ac776b03e9174246,2d648474-3fad-45aa-a992-f3ae8c808c47,qa,implement,4,2026-09-25T07:46:09.902Z
rework:93487daea7d560d93d26c0e1891840b2960e5a678999c82de3cfdbb731f3162d,946fe3d7-ff04-43a4-aabc-f0f310802a79,qa,qa,1,2026-09-25T09:28:54.652Z
rework:cb4c3ed0bf573a6cd238dcabbc6cf85da24af6ea7b7fdc5c77be683135000820,fb77977c-d7bc-4603-8e1a-ce675d14e8ad,qa,qa,1,2026-09-25T09:29:19.949Z
rework:17186382474c2e112e22f475af3ab15103a265524ea105a4d1ac9ba56c91b919,cbdcf921-e0c6-40c3-827d-c5d70cb8145f,qa,qa,1,2026-09-25T09:36:10.223Z
rework:d9c5dd5420264c10a6e81339291530a61caea7f91551ede5c0e1ba3b2a1aef65,946fe3d7-ff04-43a4-aabc-f0f310802a79,qa,implement,2,2026-09-25T09:37:27.732Z
rework:977715723be8d8f257b345835ba0300e847f14c64bdf0e94db7402f1bb465337,fb77977c-d7bc-4603-8e1a-ce675d14e8ad,qa,implement,2,2026-09-25T10:10:08.421Z
rework:8b818f723d9ca3bcac1c3be1362c47faa19eea91d1770e95a216a30d32ab05f5,fb77977c-d7bc-4603-8e1a-ce675d14e8ad,qa,qa,2,2026-09-25T10:32:59.270Z
rework:9df1a67e7b19e3e392d3eca8d856c0d5da382ef59debca6be11ab8aa43d7925c,cbdcf921-e0c6-40c3-827d-c5d70cb8145f,qa,implement,2,2026-09-25T10:37:38.249Z
rework:bad168e337c46dcc30613c9457a3e21b79bd7cfe6a5256670d0c393aea045609,cbdcf921-e0c6-40c3-827d-c5d70cb8145f,qa,qa,2,2026-09-25T11:10:09.537Z
rework:b1e63fc7ac3478735c3ba75ec1a560ad1be233115379b549859aa3d1c35fe3ba,b8437b3b-beea-4ff5-88ee-9f73cf8d0ba9,qa,qa,1,2026-09-25T12:11:07.013Z
rework:bccab4c38e280ac35175edfa68364e76fc4dd57bd74ccdf30659b47ca2895042,b8437b3b-beea-4ff5-88ee-9f73cf8d0ba9,qa,implement,2,2026-09-25T12:48:04.283Z
rework:6ca28ea1fd2fce4b1360cb7f2128950d2b35da4cd659788b690884284f51fd69,5cce900c-3190-4ebd-948c-94d01a57442f,engine,land,1,2026-09-25T18:12:44.283Z
rework:2d5b07db945c24faa6418d27985dc48b95ea9df7b8fadb6aead711c854e36e6c,c73c8847-ea86-4851-864f-c8f5a1a425eb,engine,land,1,2026-09-25T18:24:59.872Z
rework:6b015a3cccec8b509381cd33cb2322b3a83cad6290d80f814b4f478cc981b6e9,424be69b-239a-4e47-a557-102431d33e5a,engine,land,1,2026-09-25T18:25:27.596Z
rework:71c80ae6de01cee48f306470afbaed3db1c565ecd61a297c54b030bf4fc9763b,5cce900c-3190-4ebd-948c-94d01a57442f,engine,implement,2,2026-09-25T18:26:43.327Z
rework:ea79bad525b5f3a358709f92ac2672d2f71ffb86e349dda9bc89c82d74e8c8e1,8020b29a-2572-4de8-8483-093bfee55d20,lead,founder_gate,1,2026-09-25T18:27:16.779Z
rework:007b548651de9df9774af21f2ff49d523c76388d13815c1fcdf7a9347f95068d,556f5bf9-ec7d-4b08-8986-3c603f1d06ef,qa,qa,1,2026-09-25T18:35:30.233Z
rework:86ff9a69c34026b010d4f6f813e1daa71d8e05e41109a1f16290d6d90fb604b0,424be69b-239a-4e47-a557-102431d33e5a,engine,implement,2,2026-09-25T18:58:05.296Z
rework:b61fb713ed4c00fd6d4da49941a6d4e2c979aaf75f2e4673422e415874aa57f3,55409ce7-cdf1-402b-9153-ea933df59d9b,qa,qa,1,2026-09-25T20:00:24.590Z
rework:c0ca19e94ba221a3758c64360329d2cf360f30dbae066831eaae752e37febd8f,556f5bf9-ec7d-4b08-8986-3c603f1d06ef,qa,implement,2,2026-09-25T20:09:46.957Z
rework:93e9a2ac4396c4f69c040cf5647b36e55f5c08d97e67ede0a16f606d8fa8897f,55409ce7-cdf1-402b-9153-ea933df59d9b,qa,implement,2,2026-09-25T20:25:34.241Z
rework:d8179f2ddd5204e2f585548d985f3cb15a7b8306da0f2fa7a5bcf35bc6c7f3e9,1de91237-c761-49e6-8e18-1c045cf72f58,lead,founder_gate,1,2026-09-25T20:40:18.023Z
