run_id,issue_id,project_name,template_id,status,created_at,selection_source,routing_reason
c79a7386-bd54-4464-a031-3cb77583fc43,FLY-2444,flywheel,tpl_code,completed,2026-09-08 07:55:01,binding,none
8b503475-e5a5-472f-baea-bda9e366b5c2,FLY-2445,flywheel,tpl_code,completed,2026-09-08 19:18:20,binding,none
e72f53b5-8195-48af-b4bb-a0d5c10b52e2,FLY-2359,flywheel,tpl_code,completed,2026-09-08 19:18:31,binding,none
1a6c34d0-bc99-4ec5-86bd-af1eb8b45d10,FLY-2398,flywheel,tpl_code,completed,2026-09-08 19:18:38,binding,none
70ccd0dd-494d-4e95-bf93-4aa4820e7fc2,FLY-2134,flywheel,tpl_code,completed,2026-09-08 19:19:02,binding,none
0046d93b-146c-4b78-8b3a-f9ed9eaaa205,FLY-2107,flywheel,tpl_code,terminated,2026-09-08 19:19:19,binding,none
a8b54a51-cb16-424e-95f8-3e44223acc15,FLY-2352,flywheel,tpl_code,completed,2026-09-08 19:19:31,binding,none
bd256677-fab4-4d96-9fe6-7ef6c053c46f,FLY-2431,flywheel,tpl_simple_code,terminated,2026-09-08 19:19:48,binding,none
4e86edef-4b6c-4781-b9d6-70aaea3e0e1c,FLY-2351,flywheel,tpl_code,terminated,2026-09-08 19:19:58,binding,none
c8b7c661-947a-4c0f-a41b-9accd8090afd,FLY-2453,flywheel,tpl_code,terminated,2026-09-09 02:49:09,binding,none
c3c393f1-2cd1-4ade-917c-84592cb1bbe7,FLY-2388,flywheel,tpl_code,terminated,2026-09-09 02:49:16,binding,none
13d45e05-1931-405b-a09d-f1c6b7cccaff,FLY-2446,flywheel,tpl_code,terminated,2026-09-09 02:49:33,binding,none
2f904779-35a1-4754-aab4-7129dac264a1,FLY-2454,flywheel,tpl_code,terminated,2026-09-09 03:08:14,binding,none
7c625c64-0142-4626-8f14-677a6309e0d8,FLY-2455,flywheel,tpl_code,terminated,2026-09-09 03:08:31,binding,none
ce54ec2a-6b8b-4c46-bcc6-6e698ba194ab,FLY-2452,flywheel,tpl_code,completed,2026-09-09 03:29:56,binding,none
b611ce55-1ce4-46aa-a008-780efad435bd,FLY-2460,flywheel,tpl_code,terminated,2026-09-09 06:37:03,binding,none
f45a37e7-c681-4d3f-b899-1800afa590d5,FLY-2351,flywheel,tpl_simple_code,terminated,2026-09-09 07:39:46,binding,none
16f6e49e-527c-47f6-9f1d-1465b14660bb,FLY-2455,flywheel,tpl_simple_code,terminated,2026-09-09 17:23:33,binding,none
d6c4b403-a0c8-4339-8e2e-d36cf48d0cdf,FLY-2454,flywheel,tpl_simple_code,completed,2026-09-09 17:26:35,binding,none
35ab9e12-2ce4-42ca-a15a-966682e289fb,FLY-2446,flywheel,tpl_simple_code,completed,2026-09-09 17:27:14,binding,none
a10f4de0-9b6d-4799-ba92-4ed98cc795ce,FLY-2388,flywheel,tpl_simple_code,completed,2026-09-09 17:28:46,binding,none
15b4bd81-005f-4173-a3ea-d5a26906c607,FLY-2453,flywheel,tpl_simple_code,terminated,2026-09-09 17:28:52,binding,none
99288dcf-1e6a-4577-ac8c-c339c041c078,FLY-2351,flywheel,tpl_simple_code,completed,2026-09-09 17:31:09,binding,none
3cddd8cb-89fd-4fc5-a5de-d1b57f8e5959,FLY-2460,flywheel,tpl_simple_code,terminated,2026-09-09 17:31:13,binding,none
eb7ac1ef-73f1-4a2d-ba41-963d7147d8c1,FLY-2461,flywheel,tpl_simple_code,held,2026-09-09 17:42:19,binding,none
05f4aa96-4b2d-43cf-a593-3a1fc3668660,FLY-2465,flywheel,tpl_code,completed,2026-09-09 18:41:39,binding,none
a0cefa61-e517-4898-9a2c-11d2f09aee9f,FLY-2468,flywheel,tpl_simple_code,completed,2026-09-09 19:46:20,binding,none
ffa8c441-b308-4043-bf4a-c27c6e6e5e0d,FLY-2461,flywheel,tpl_simple_code,completed,2026-09-09 20:42:52,binding,none
da756bf5-7f5e-43d8-a215-a323d172548d,FLY-2453,flywheel,tpl_simple_code,completed,2026-09-09 21:49:55,binding,none
2c97be57-c3e4-4c06-8f2c-09b447b3b747,FLY-2460,flywheel,tpl_simple_code,completed,2026-09-09 22:31:28,binding,none
b36fc025-ce12-42d5-a2b6-64e782cd379a,FLY-2455,flywheel,tpl_simple_code,completed,2026-09-10 04:01:01,binding,none
b3353227-9670-4322-9ac1-182de1562dec,FLY-2456,flywheel,tpl_code,completed,2026-09-10 04:38:51,binding,none
b6c1c16d-01b5-4313-a590-6954c4ece01f,FLY-2482,flywheel,tpl_code,completed,2026-09-10 04:48:18,binding,none
82ffb3b0-23f6-40c4-be88-2c8848d06700,FLY-2483,flywheel,tpl_code,completed,2026-09-10 04:48:50,binding,none
2aba1758-2a15-4adb-97cd-c8e5088b5f80,FLY-2485,flywheel,tpl_code,completed,2026-09-10 04:49:00,binding,none
477925df-2e6e-427c-b3eb-794f686302cc,FLY-2389,flywheel,tpl_code,completed,2026-09-10 05:25:17,binding,none
d6db3bfe-d10e-4d2e-8cd1-ffdd2dd018ef,FLY-2484,flywheel,tpl_code,completed,2026-09-10 08:07:27,binding,none
efec07b6-0037-4693-bd98-a22d3f979b37,FLY-2399,flywheel,tpl_code,terminated,2026-09-11 00:13:10,binding,none
aea9ca70-7f28-4f80-b6e3-776c33b904b8,FLY-2459,flywheel,tpl_code,terminated,2026-09-11 01:39:44,binding,none
1e427675-5de1-40d3-9e0f-2551ae0edd94,FLY-2471,flywheel,tpl_simple_code,completed,2026-09-11 01:40:46,binding,none
3cf1d115-e219-42d5-bcc2-f178b44d7727,FLY-2390,flywheel,tpl_code,held,2026-09-11 01:41:43,binding,none
a50a48ab-062a-42d4-8d4e-fb74e1d8d260,FLY-2393,flywheel,tpl_code,terminated,2026-09-11 01:41:57,binding,none
a1570b68-529a-4588-8097-e37bfdd22e55,FLY-2504,flywheel,tpl_code,completed,2026-09-11 01:42:59,binding,none
9ae7bf38-39e7-4950-b61e-40d42be7bf9d,FLY-2505,flywheel,tpl_code,terminated,2026-09-11 01:43:16,binding,none
c7c97c86-870e-46bd-af87-935c79da1e7a,FLY-2506,flywheel,tpl_simple_code,completed,2026-09-11 01:44:12,binding,none
20b86626-35fb-41f3-a64b-0fd4408b4e41,FLY-2507,flywheel,tpl_simple_code,completed,2026-09-11 01:45:23,binding,none
f782d5bd-c5c1-4700-b8d7-f8c38bd6ce2c,FLY-2509,flywheel,tpl_simple_code,completed,2026-09-11 05:50:53,binding,none
db8d4d16-abb1-4b9f-bde2-d5a82259270f,FLY-2505,flywheel,tpl_simple_code,completed,2026-09-11 05:55:54,binding,none
05c31b97-fa36-49be-a9a9-104a92f58d1c,FLY-2393,flywheel,tpl_simple_code,completed,2026-09-11 05:55:54,binding,none
5e55e17e-1005-4c8a-a514-80fa3e7c11d1,FLY-2459,flywheel,tpl_simple_code,completed,2026-09-11 05:55:54,binding,none
5a291283-f4b0-439e-b31b-e7852d4a0a28,FLY-2399,flywheel,tpl_simple_code,held,2026-09-11 05:55:55,binding,none
0ff8b5aa-95e3-4144-8fa5-142bbfefcb9b,FLY-1949,flywheel,tpl_simple_code,completed,2026-09-11 05:56:46,binding,none
000d209a-f8cc-4ae4-8e0a-291f655263ac,FLY-1942,flywheel,tpl_code,completed,2026-09-11 06:07:02,binding,none
dcfc781a-615c-400f-b64a-eaf0417a85fc,FLY-2490,flywheel,tpl_code,completed,2026-09-11 17:53:38,binding,none
9d20fedd-f7dd-4a2c-a1d3-27f76deb4114,FLY-2498,flywheel,tpl_code,completed,2026-09-11 17:53:52,binding,none
15188b39-c4f3-4a48-a14a-db25dd9997aa,FLY-2517,flywheel,tpl_code,completed,2026-09-11 17:54:07,binding,none
2776f5f7-60ab-41be-b13e-2759a908d70c,FLY-2478,flywheel,tpl_code,completed,2026-09-11 17:55:50,binding,none
91fb5b92-d68a-4ae5-9560-d67f6ac8018f,FLY-2520,flywheel,tpl_simple_code,completed,2026-09-11 17:58:27,binding,none
50274a0c-6b85-4673-ba0c-9bbe1e04f253,FLY-2534,flywheel,tpl_simple_code,completed,2026-09-13 22:30:31,binding,none
379fa52f-6e81-4d38-af81-498ff432def1,FLY-2508,flywheel,tpl_code,held,2026-09-13 22:31:54,binding,none
30b4f2a4-62fa-4adf-ae37-4088ae98a212,FLY-2392,flywheel,tpl_code,completed,2026-09-13 22:32:13,binding,none
025a9989-1023-48c7-8176-98184cd2b937,FLY-2519,flywheel,tpl_code,terminated,2026-09-13 22:32:36,binding,none
cf8be4ae-95d6-4bf1-b623-737fe827f4d3,FLY-2496,flywheel,tpl_code,terminated,2026-09-13 22:36:08,binding,none
55ed03ff-956d-4854-a644-bc2daad252c5,FLY-2448,flywheel,tpl_simple_code,completed,2026-09-13 22:36:28,binding,none
a9ea4f26-8ab0-4830-a1f7-0f074196e363,FLY-2533,flywheel,tpl_code,completed,2026-09-13 22:37:01,binding,none
c04bce2b-23b9-4005-97ab-cf3e44e8edd5,FLY-1956,flywheel,tpl_code,completed,2026-09-13 22:37:46,binding,none
b4022d94-3882-4b63-a33e-7ef496db59cb,FLY-2361,flywheel,tpl_simple_code,terminated,2026-09-13 22:38:57,binding,none
b7a9ee1d-9dbe-43e2-811f-9cdd502749f8,FLY-2362,flywheel,tpl_simple_code,completed,2026-09-13 22:40:11,binding,none
f6850fe8-3415-40f8-9121-f380f49e5b88,FLY-2363,flywheel,tpl_simple_code,completed,2026-09-13 22:41:26,binding,none
7ebc03c5-bd2d-404e-8381-9f85af03d26e,FLY-2530,flywheel,tpl_simple_code,completed,2026-09-13 22:42:35,binding,none
3607dac5-86b0-43bf-9bb9-e2afb55a76f5,FLY-2538,flywheel,tpl_code,completed,2026-09-13 22:43:57,binding,none
ab757039-5e5e-4da2-9dda-ff4d8e3abbce,FLY-2361,flywheel,tpl_simple_code,completed,2026-09-14 02:16:14,binding,none
f7f0c257-c2e5-49b1-a3d4-f09d432919fc,FLY-2399,flywheel,tpl_simple_code,held,2026-09-14 02:19:33,binding,none
5dface53-8d35-4574-8464-280c6a6eab8f,FLY-2467,flywheel,tpl_simple_code,terminated,2026-09-14 04:37:48,binding,none
0f419a93-84c8-4d05-8d6f-b8566dc68a43,FLY-2467,flywheel,tpl_simple_code,completed,2026-09-14 07:39:05,binding,none
c176229a-5fe3-4d4d-886b-e1e7527ec9e2,FLY-2519,flywheel,tpl_code,terminated,2026-09-14 07:40:13,binding,none
ef75e4c5-d7c1-4f05-9fae-926c4621372a,FLY-2541,flywheel,tpl_simple_code,completed,2026-09-14 07:41:35,binding,none
60ec91c7-c35a-4644-a15a-f4fca84f4725,FLY-2542,flywheel,tpl_simple_code,completed,2026-09-14 07:43:59,binding,none
644fb67f-17e8-4800-8498-05896ce35005,FLY-2543,flywheel,tpl_simple_code,completed,2026-09-14 07:44:59,binding,none
f17d783d-9f4d-4134-a016-a9a7402e9b12,FLY-2549,flywheel,tpl_simple_code,completed,2026-09-14 07:48:09,binding,none
4f12e13a-8807-466b-87f6-b6e317f721e9,FLY-2496,flywheel,tpl_simple_code,completed,2026-09-14 07:55:13,binding,none
cfcc96cf-03d0-45e8-981f-0e351db1c152,FLY-2544,flywheel,tpl_simple_code,completed,2026-09-14 09:05:39,binding,none
1712bfed-9d9f-4148-8b32-ac5361136ea1,FLY-2546,flywheel,tpl_simple_code,completed,2026-09-14 09:06:53,binding,none
ee8e5ae8-9625-46b7-903c-be9e5545d47d,FLY-2548,flywheel,tpl_simple_code,completed,2026-09-14 09:08:03,binding,none
9a570623-dfe8-4d19-9016-f1dd8dfccdbc,FLY-2360,flywheel,tpl_generic_menu,completed,2026-09-14 09:09:33,binding,none
6f79c0d0-d1c3-4117-acd9-21cbef332048,FLY-2553,flywheel,tpl_simple_code,terminated,2026-09-14 17:48:56,binding,none
fff384ea-14de-45b3-a671-3cf1fa328f13,FLY-2554,flywheel,tpl_simple_code,completed,2026-09-14 17:57:22,binding,none
1bb66b99-910f-40e0-a454-972646e337df,FLY-2555,flywheel,tpl_simple_code,completed,2026-09-14 17:58:22,binding,none
7d9be41f-9755-4a83-bee2-fb1ebc8b3ae3,FLY-2556,flywheel,tpl_simple_code,completed,2026-09-14 18:16:32,binding,none
f7b658b8-74cb-4566-952f-65ffea1e6563,FLY-2557,flywheel,tpl_code,terminated,2026-09-14 19:26:12,binding,none
da6b7743-891e-424f-a121-1bf7ffdb0c44,FLY-2391,flywheel,tpl_code,terminated,2026-09-14 20:08:44,binding,none
d5c6e020-4711-416d-8acb-54e140eefe90,FLY-1945,flywheel,tpl_code,terminated,2026-09-14 20:10:10,binding,none
c5b74da7-12d8-4ec9-9e1d-d70296971372,FLY-1948,flywheel,tpl_code,terminated,2026-09-14 20:11:43,binding,none
5ea4805e-1e01-47d1-8be1-26641097104a,FLY-2550,flywheel,tpl_code,completed,2026-09-14 20:12:14,binding,none
664c071a-81eb-46d2-8705-37c248cd57ff,FLY-2447,flywheel,tpl_code,terminated,2026-09-14 20:12:45,binding,none
c3d6e76c-306c-463d-9c51-a24e55de0113,FLY-2551,flywheel,tpl_code,terminated,2026-09-14 20:14:03,binding,none
5c7fc4fa-b252-4532-97bb-ad8482b0edbf,FLY-2552,flywheel,tpl_code,terminated,2026-09-14 20:16:09,binding,none
98b8c935-f76c-45fb-a8b5-6e9439bcf332,FLY-2413,flywheel,tpl_code,terminated,2026-09-14 20:16:47,binding,none
d87ffd86-03a4-4975-bdd2-1b4c8e857dcc,FLY-2559,flywheel,tpl_simple_code,terminated,2026-09-14 20:20:12,binding,none
12c21830-67fb-4eda-8cf7-d64516fc2060,FLY-2560,flywheel,tpl_code,terminated,2026-09-14 20:28:09,binding,none
628d9aa1-2616-4351-90e8-b954dccf2a03,FLY-2561,flywheel,tpl_simple_code,terminated,2026-09-14 20:35:36,binding,none
2aac8f18-9ede-477d-8336-042be615c439,FLY-1453,flywheel,tpl_code,terminated,2026-09-14 21:05:41,binding,none
79572768-a7d7-48bf-a8f5-0932ace0732b,FLY-2559,flywheel,tpl_simple_code,held,2026-09-14 22:39:01,binding,none
f56dba39-8fdb-4c64-ae3f-4e8b48d1346a,FLY-2391,flywheel,tpl_simple_code,terminated,2026-09-14 22:43:24,binding,none
3df20410-38d4-4305-a02e-6471e0bab6aa,FLY-2413,flywheel,tpl_simple_code,terminated,2026-09-14 22:44:16,binding,none
4a8f20e6-fe6a-4735-b4b8-5ee1f90c1e4b,FLY-2561,flywheel,tpl_simple_code,completed,2026-09-14 22:46:52,binding,none
62282d97-d6c2-4d1a-a471-db9f1e047e10,FLY-1945,flywheel,tpl_simple_code,completed,2026-09-14 22:49:01,binding,none
3887813b-263b-46db-8bb6-6d2771a87e99,FLY-1948,flywheel,tpl_simple_code,completed,2026-09-14 22:50:19,binding,none
710f860e-d8e5-45e6-9232-c4b8c65da7fd,FLY-2551,flywheel,tpl_simple_code,terminated,2026-09-14 22:51:46,binding,none
bc1af28d-3371-472b-8955-eaf948f0b9f4,FLY-2557,flywheel,tpl_simple_code,completed,2026-09-14 22:53:03,binding,none
dbdb0656-79f8-4360-aa09-d304f40f88a6,FLY-2560,flywheel,tpl_simple_code,completed,2026-09-14 22:54:43,binding,none
50014f14-6450-4dc0-998e-79b89359cddd,FLY-2447,flywheel,tpl_simple_code,terminated,2026-09-14 22:56:30,binding,none
2ee4747d-ff26-4c92-9dce-fa08a6c69dd9,FLY-2519,flywheel,tpl_simple_code,terminated,2026-09-14 23:00:19,binding,none
8b78b4fc-24d1-4a67-a30c-84032fcd556e,FLY-2553,flywheel,tpl_simple_code,completed,2026-09-14 23:01:41,binding,none
b0b36ef0-816a-4b77-b8ef-10ce14469919,FLY-2562,flywheel,tpl_simple_code,completed,2026-09-14 23:33:48,binding,none
f4796b69-48b6-4006-a132-b4aedb1e4895,FLY-2563,flywheel,tpl_code,terminated,2026-09-15 01:15:17,binding,none
600ed59b-92bf-4634-8756-3c8169530231,FLY-2447,flywheel,tpl_simple_code,terminated,2026-09-15 01:26:41,binding,none
60a6b491-5770-4297-a95d-dfd1424b1e7b,FLY-2567,flywheel,tpl_code,completed,2026-09-15 01:29:44,binding,none
b80f56a0-e90d-4059-a709-5db25acb6a81,FLY-2447,flywheel,tpl_simple_code,terminated,2026-09-15 01:42:18,binding,none
e6c036d4-1cf1-45bf-86e2-0488ac789cf7,FLY-2570,flywheel,tpl_simple_code,terminated,2026-09-15 03:41:38,binding,none
d33a452a-8820-489e-b69d-a19ff2686836,FLY-2573,flywheel,tpl_simple_code,completed,2026-09-15 04:23:50,binding,none
0a068569-3d21-4a04-9796-6565d78c555f,FLY-2570,flywheel,tpl_simple_code,completed,2026-09-15 06:12:10,binding,none
02a683a4-9cd6-4314-b433-0d8c8c5c97ed,FLY-2551,flywheel,tpl_simple_code,terminated,2026-09-15 06:21:49,binding,none
452fb1aa-4dd9-4cf8-8f40-e0f17f4ffdf6,FLY-2391,flywheel,tpl_simple_code,terminated,2026-09-15 06:50:05,binding,none
e9611d9c-8dc3-4c5e-b826-443544e7d730,FLY-2391,flywheel,tpl_simple_code,terminated,2026-09-15 06:51:46,binding,none
6180db8f-986f-491e-99d3-1447c0ff2653,FLY-2563,flywheel,tpl_simple_code,completed,2026-09-15 06:53:59,binding,none
1588d54f-3266-42e3-97f1-7641e64a4fb4,FLY-2552,flywheel,tpl_simple_code,terminated,2026-09-15 06:55:11,binding,none
30621512-1c3e-486c-b0d6-cc73fc578bb9,FLY-2447,flywheel,tpl_simple_code,completed,2026-09-15 07:30:49,binding,none
2a3aba49-82af-40d1-aa1f-d29680d125b8,FLY-1453,flywheel,tpl_code,terminated,2026-09-15 09:01:27,binding,none
5f877965-fe75-4bf1-9456-995a106417e7,FLY-1453,flywheel,tpl_code,terminated,2026-09-15 15:22:28,binding,none
097bb435-78b0-4d42-b6e3-3143fe4b6684,FLY-2551,flywheel,tpl_simple_code,completed,2026-09-15 15:28:17,binding,none
e74e3168-d005-4288-b2c2-b9bb1e0638cd,FLY-2588,flywheel,tpl_simple_code,terminated,2026-09-15 16:33:52,binding,none
95fe32ee-3965-42e8-9e20-6425a2499452,FLY-2588,flywheel,tpl_simple_code,terminated,2026-09-15 16:40:35,binding,none
c65a8d52-5f17-4a0d-81b6-37922bbceb2d,FLY-2589,flywheel,tpl_generic_menu,completed,2026-09-15 16:54:30,binding,none
627d7544-1989-479f-839e-d68e0df33183,FLY-2588,flywheel,tpl_simple_code,held,2026-09-15 16:58:11,binding,none
23f4da11-42bd-4482-8dec-d24fd7463300,FLY-2413,flywheel,tpl_simple_code,held,2026-09-15 17:51:26,binding,none
e55081f9-b2d8-4311-98e4-0911133b5cf1,FLY-2593,flywheel,tpl_simple_code,completed,2026-09-15 19:07:59,binding,none
4b9af037-9d36-45ff-ad0b-b8d1a3cced34,FLY-2597,flywheel,tpl_code,terminated,2026-09-15 22:41:37,binding,none
cffda7d2-1c69-4ea3-8b48-6177304295e6,FLY-2598,flywheel,tpl_code,held,2026-09-16 00:11:58,binding,none
4545e991-5f7f-478c-ab9f-013d40bb9e36,FLY-2391,flywheel,tpl_simple_code,held,2026-09-16 00:24:40,binding,none
0585ac28-c435-4720-a239-1c74b39bb8cc,FLY-2597,flywheel,tpl_simple_code,completed,2026-09-16 00:25:35,binding,none
54eb7a77-65fc-4251-bb9a-56885764a455,FLY-2602,flywheel,tpl_simple_code,completed,2026-09-16 00:33:33,binding,none
15612058-44f0-4414-a02b-7c58c191c53e,FLY-2603,flywheel,tpl_simple_code,completed,2026-09-16 00:53:11,binding,none
4a585d8b-0454-4f51-8a83-c0a1b81cc2a4,FLY-2606,flywheel,tpl_code,terminated,2026-09-16 00:58:57,binding,none
4bb2ed50-72b9-42b0-b695-644d9f7d47b2,FLY-2608,flywheel,tpl_code,terminated,2026-09-16 02:37:55,binding,none
f2cd955c-bfc2-4ad5-a31a-4e9fcbb950e1,FLY-2612,flywheel,tpl_simple_code,terminated,2026-09-16 02:39:31,binding,none
a4ae6bae-1ac5-4c5a-8693-b72ec90370dd,FLY-2608,flywheel,tpl_code,terminated,2026-09-16 03:13:10,binding,none
eeab64a3-dfa9-4aad-b8e3-bd19e6d124eb,FLY-2612,flywheel,tpl_simple_code,terminated,2026-09-16 03:29:15,binding,none
cc184e77-a1f0-44b2-994a-f3edfd5ca7ee,FLY-2612,flywheel,tpl_simple_code,terminated,2026-09-16 03:34:54,binding,none
4837366b-72d1-4873-aacd-077fb5cf9ed7,FLY-2519,flywheel,tpl_simple_code,terminated,2026-09-16 03:38:39,binding,none
ec1c51e1-dcc2-46c0-ae60-c29c40dd75ff,FLY-2616,flywheel,tpl_code,terminated,2026-09-16 03:44:22,binding,none
733e67fa-036e-4017-a5a6-06e0ee377f84,FLY-2616,flywheel,tpl_code,terminated,2026-09-16 03:45:45,binding,none
d0e72d2d-e8b3-469d-af0c-abc4b2036bce,FLY-2598,flywheel,tpl_simple_code,held,2026-09-16 03:57:34,binding,none
cd8ca652-00d7-4594-839a-e0f9f3bad594,FLY-2616,flywheel,tpl_code,held,2026-09-16 03:59:06,binding,none
fce48843-eb28-44a3-8256-0b5193e6c1e1,FLY-2619,flywheel,tpl_code,terminated,2026-09-16 05:43:52,binding,none
bb499265-5245-42e6-afd9-de79c0165fc2,FLY-2606,flywheel,tpl_simple_code,terminated,2026-09-16 06:06:24,binding,none
443b2f98-0e6e-4fe0-8e55-6562a7253046,FLY-2606,flywheel,tpl_simple_code,terminated,2026-09-16 06:10:39,binding,none
0079c0da-2d36-4c12-8dc1-a14f4ef04517,FLY-2608,flywheel,tpl_simple_code,terminated,2026-09-16 07:15:33,binding,none
d726a117-1b05-4090-8e84-041def77f860,FLY-2612,flywheel,tpl_simple_code,terminated,2026-09-16 08:04:48,binding,none
685d117d-8eeb-489b-9f44-9abd313b3ab4,FLY-2519,flywheel,tpl_simple_code,terminated,2026-09-16 08:07:27,binding,none
571bfa52-2826-45e1-a8d9-7b894d1987df,FLY-2632,flywheel,tpl_code,completed,2026-09-16 16:35:51,binding,none
09e6ad01-5d51-48d6-9a8c-3f3cd8427c6d,FLY-2634,flywheel,tpl_code,terminated,2026-09-16 16:48:49,binding,none
d3708e46-50ff-4d09-a705-c99d1b5452da,FLY-2634,flywheel,tpl_code,completed,2026-09-16 17:30:37,binding,none
bd60cabb-aeb2-4be1-9900-68cf1b1f43e5,FLY-2644,flywheel,tpl_simple_code,completed,2026-09-16 20:06:06,binding,none
bfa96978-cd75-46fc-b016-9ab8039f239b,FLY-2645,flywheel,tpl_simple_code,terminated,2026-09-16 20:07:13,binding,none
54f5dd24-fe9d-49e7-a3dd-2119858e520c,FLY-2645,flywheel,tpl_simple_code,completed,2026-09-16 21:07:23,binding,none
9cf7f7ca-37bd-4acd-9155-a0e9a9735e8e,FLY-2661,flywheel,tpl_simple_code,completed,2026-09-17 03:23:48,binding,none
a03da996-f0dc-4506-beb7-d7254ba32b40,FLY-2663,flywheel,tpl_simple_code,completed,2026-09-17 04:00:48,binding,none
d4be0283-628d-464c-9728-e9938e2d579b,FLY-2668,flywheel,tpl_generic_menu,completed,2026-09-17 18:58:31,binding,none
6f9daeec-8ab2-40cd-b492-17b386f3e5ad,FLY-2655,flywheel,tpl_code,terminated,2026-09-17 19:07:44,binding,none
a6ed8551-8c88-4822-8089-5caa396b64fd,FLY-2657,flywheel,tpl_simple_code,terminated,2026-09-17 19:09:14,binding,none
070bd942-cce0-46ca-88a3-5215886fb107,FLY-2662,flywheel,tpl_code,completed,2026-09-17 19:10:44,binding,none
9645f6b0-5047-464c-8ecd-be7fcabd988f,FLY-2664,flywheel,tpl_code,completed,2026-09-17 19:11:54,binding,none
3f9a62c4-7986-4429-a5e3-82f42aefe5a9,FLY-2643,flywheel,tpl_code,terminated,2026-09-17 19:11:59,binding,none
986c9c22-a588-4cf4-a21e-fa3b90a3c2de,FLY-2639,flywheel,tpl_simple_code,completed,2026-09-17 19:12:04,binding,none
8bc20a0d-345f-431a-b686-eeb058d4dd6e,FLY-2654,flywheel,tpl_code,terminated,2026-09-17 19:44:57,binding,none
b5cf7875-c661-449f-84cb-16dcde4e3997,FLY-2669,flywheel,tpl_code,terminated,2026-09-17 19:45:08,binding,none
116cc58c-7324-4fc5-abfa-0a7b035cd557,FLY-2671,flywheel,tpl_simple_code,completed,2026-09-17 19:57:52,binding,none
8ac2f0be-5754-4c55-a05d-2c389ba56b54,FLY-2676,flywheel,tpl_code,held,2026-09-17 19:58:02,binding,none
8b3933da-4fa2-4a8d-bd9d-ec6392870310,FLY-2680,flywheel,tpl_generic_menu,completed,2026-09-17 20:30:39,binding,none
fa725571-5d90-47ed-9ea2-f6d99ee23f82,FLY-2681,flywheel,tpl_code,completed,2026-09-17 20:50:01,binding,none
e078231d-afd4-42e6-990a-bc2b00fcdab8,FLY-2682,flywheel,tpl_generic_menu,completed,2026-09-17 20:54:24,binding,none
676c00c1-59bb-4aa4-9464-421b4b0b02b5,FLY-2684,flywheel,tpl_code,terminated,2026-09-17 21:27:47,binding,none
9b4fe698-d3b3-43b7-820d-beb3ce3e948a,FLY-2684,flywheel,tpl_simple_code,held,2026-09-17 22:24:50,binding,none
91d4dd0a-85f2-4366-9cbb-3bbf3ea403de,FLY-2693,flywheel,tpl_code,terminated,2026-09-17 23:08:32,binding,none
9ff0c45a-d397-4a0f-b1fb-050d21351446,FLY-2701,flywheel,tpl_code,terminated,2026-09-17 23:28:10,binding,none
dabc18e4-e29d-493e-8bde-64c72cdb140c,FLY-2688,flywheel,tpl_simple_code,terminated,2026-09-18 00:35:15,binding,none
b4b09ab2-f811-4707-b06a-24236f127518,FLY-2692,flywheel,tpl_simple_code,terminated,2026-09-18 00:40:31,binding,none
dc0c18ed-b1a9-472b-a2e3-51a093be0f26,FLY-2694,flywheel,tpl_code,terminated,2026-09-18 00:41:46,binding,none
005878fc-ae1b-487a-b872-ebf4ac0a9666,FLY-2696,flywheel,tpl_code,terminated,2026-09-18 00:42:17,binding,none
666701c5-d6fb-41c0-b256-0f44ce3a94bb,FLY-2697,flywheel,tpl_code,terminated,2026-09-18 00:44:48,binding,none
7d76b428-4b84-422a-a7fa-62b73f4f2b93,FLY-2702,flywheel,tpl_code,terminated,2026-09-18 00:53:01,binding,none
1fde72e3-0379-4a79-8f6d-f001fe84b63f,FLY-2688,flywheel,tpl_simple_code,terminated,2026-09-18 03:09:08,binding,none
caeba1cb-cfd7-427b-ab3b-78293cd493a3,FLY-2697,flywheel,tpl_simple_code,held,2026-09-18 03:10:08,binding,none
137b8ea4-68ae-4384-8e48-d7571dd3e8c7,FLY-2657,flywheel,tpl_simple_code,completed,2026-09-18 03:14:01,binding,none
8fa62c6a-63aa-499a-911a-41b6e4b3ab8b,FLY-2643,flywheel,tpl_simple_code,terminated,2026-09-18 03:14:06,binding,none
f426b8bc-b7aa-4202-9db9-ded05db69e13,FLY-2692,flywheel,tpl_simple_code,completed,2026-09-18 03:14:15,binding,none
16a5f2d3-654e-4596-a822-d9829ec7e0e1,FLY-2694,flywheel,tpl_simple_code,completed,2026-09-18 03:14:21,binding,none
d4e0de1f-8d3d-45ca-8426-574befa44aa7,FLY-2696,flywheel,tpl_simple_code,completed,2026-09-18 03:14:25,binding,none
4f46e773-3ca9-475e-aead-c2c240558dd4,FLY-2718,flywheel,tpl_generic_menu,completed,2026-09-18 03:39:32,binding,none
5b79da42-6cd8-48b9-af9a-c505e2c7c390,FLY-2719,flywheel,tpl_generic_menu,completed,2026-09-18 03:44:18,binding,none
719b260f-55bb-44cc-b552-433a98a3ada9,FLY-2720,flywheel,tpl_simple_code,terminated,2026-09-18 04:06:48,binding,none
43614e3d-22cb-44e3-b835-05c2d81dca9a,FLY-2727,flywheel,tpl_simple_code,terminated,2026-09-18 04:35:53,binding,none
932e6b08-ae81-4b1b-b0f7-2488da22913f,FLY-2720,flywheel,tpl_simple_code,terminated,2026-09-18 05:54:46,binding,none
5fe45c92-4cc1-40ff-b0e3-85978d0e484a,FLY-2523,flywheel,tpl_code,terminated,2026-09-18 05:57:32,binding,none
48978a54-29c5-44b4-89d6-0f4c858925a8,FLY-2669,flywheel,tpl_simple_code,held,2026-09-18 06:43:52,binding,none
9a9c1584-23cc-4813-bb04-90f74ee112b1,FLY-2688,flywheel,tpl_simple_code,terminated,2026-09-18 06:48:16,binding,none
c1126f2a-15ac-4882-83e5-1edec5a51eea,FLY-2720,flywheel,tpl_simple_code,terminated,2026-09-18 06:49:13,binding,none
3d553a29-40f4-4a92-974b-f0a9b565d30e,FLY-2673,flywheel,tpl_simple_code,completed,2026-09-18 09:45:13,binding,none
27ca0f42-a513-4531-bf61-5123fe7fa610,FLY-2702,flywheel,tpl_code,held,2026-09-18 16:32:50,binding,none
19f65593-cb7e-40cd-aa12-5158532475ce,FLY-2655,flywheel,tpl_code,terminated,2026-09-18 16:36:01,binding,none
3e26508b-51b8-41b1-b11c-9a805ee715af,FLY-2727,flywheel,tpl_simple_code,terminated,2026-09-18 16:37:14,binding,none
f03a0125-21c8-4c8d-9048-32f4271dcc68,FLY-2643,flywheel,tpl_simple_code,terminated,2026-09-18 16:38:32,binding,none
ad663cc9-0302-416c-8774-132eab294859,FLY-2737,flywheel,tpl_code,terminated,2026-09-18 16:40:02,binding,none
4a3e8759-7e53-434d-a64c-d108d5dd318c,FLY-2693,flywheel,tpl_code,terminated,2026-09-18 17:11:55,binding,none
95ae2692-a390-4a53-807f-9cd232cf8c90,FLY-2737,flywheel,tpl_code,terminated,2026-09-18 17:12:38,binding,none
782112c4-baf8-456c-b04d-5706065c977d,FLY-2643,flywheel,tpl_simple_code,terminated,2026-09-18 19:35:56,binding,none
e6425b67-1afd-4309-bf55-74e0a913ccb4,FLY-2737,flywheel,tpl_simple_code,terminated,2026-09-18 19:37:41,binding,none
6cfc4303-fc28-4e30-842a-565b76ad7a60,FLY-2745,flywheel,tpl_simple_code,terminated,2026-09-18 20:02:00,binding,none
2698d221-8be8-4f48-a69e-d7c3dbf85cd2,FLY-2656,flywheel,tpl_simple_code,terminated,2026-09-18 20:06:10,binding,none
a9ae75e1-4b08-4d14-b18e-5f127cd8c481,FLY-2653,flywheel,tpl_code,terminated,2026-09-18 20:26:13,binding,none
9ba316c3-cd27-4e89-acb7-b2b670394757,FLY-2638,flywheel,tpl_code,terminated,2026-09-18 20:26:29,binding,none
957c4aa0-dba5-402a-9da4-9cf52f7f4d3c,FLY-2746,flywheel,tpl_simple_code,terminated,2026-09-18 20:27:40,binding,none
b658aab6-e2a1-468c-813e-8908cfcef5bd,FLY-2748,flywheel,tpl_simple_code,held,2026-09-18 21:25:06,binding,none
41d8405f-8311-4fa7-8cba-21b9c57bd9d0,FLY-2749,flywheel,tpl_code,terminated,2026-09-18 21:29:45,binding,none
75f5d783-246e-4c67-8713-bbb649b9908a,FLY-2720,flywheel,tpl_simple_code,terminated,2026-09-18 22:07:27,binding,none
2710bd11-bba7-45bc-8435-af8f1b536a9b,FLY-2750,flywheel,tpl_simple_code,held,2026-09-18 22:09:13,binding,none
b15740cb-ea84-47fb-82f1-587d33f2cb74,FLY-2655,flywheel,tpl_code,terminated,2026-09-18 23:08:04,binding,none
e59484de-d0d7-46ec-8953-96db2e06ad18,FLY-2653,flywheel,tpl_code,held,2026-09-18 23:10:35,binding,none
650416db-1303-44a8-aa50-0a9fbd94a9df,FLY-2746,flywheel,tpl_simple_code,terminated,2026-09-18 23:10:54,binding,none
3e79e0f8-4102-4f2b-b4ec-6292d1e06dcc,FLY-2638,flywheel,tpl_code,terminated,2026-09-18 23:14:52,binding,none
cf4ec485-c982-4b9b-96e8-1a2a47e4e8d0,FLY-2523,flywheel,tpl_code,held,2026-09-18 23:16:16,binding,none
b8c293f0-6968-4f33-8df7-e7e6aea2a7cb,FLY-2693,flywheel,tpl_code,terminated,2026-09-18 23:17:40,binding,none
be36a306-c42a-4750-bf7b-c1f1f6201c6a,FLY-2737,flywheel,tpl_simple_code,held,2026-09-18 23:18:52,binding,none
0b7f3dd9-6718-40b0-8968-d90be6f6af31,FLY-2749,flywheel,tpl_code,terminated,2026-09-18 23:19:47,binding,none
98944e79-4574-446f-8c6f-63c69b92c684,FLY-2720,flywheel,tpl_simple_code,terminated,2026-09-18 23:20:00,binding,none
bb1505dc-ec3f-41e0-ac46-415f42544f61,FLY-2656,flywheel,tpl_simple_code,terminated,2026-09-18 23:20:58,binding,none
ca286b22-c415-45a7-8895-ee478b2d6317,FLY-2745,flywheel,tpl_simple_code,terminated,2026-09-18 23:22:00,binding,none
b65b05e9-5c47-4266-a03b-097cd44ea87d,FLY-2643,flywheel,tpl_simple_code,terminated,2026-09-18 23:23:02,binding,none
bfccf333-618a-40b3-a0ea-8a2f5777cfd6,FLY-2751,flywheel,tpl_simple_code,terminated,2026-09-18 23:29:23,binding,none
35ce4b03-c789-44be-9628-3757026c6148,FLY-2727,flywheel,tpl_simple_code,terminated,2026-09-18 23:47:25,binding,none
d6b34663-d251-4174-9e96-281c09ae7241,FLY-2688,flywheel,tpl_simple_code,terminated,2026-09-18 23:48:29,binding,none
b297afc3-f73e-4bd1-ac0e-a4bf64d79b54,FLY-2752,flywheel,tpl_simple_code,terminated,2026-09-18 23:55:22,binding,none
c75e973f-855d-468d-9a46-86deb7a4b108,FLY-2727,flywheel,tpl_simple_code,held,2026-09-19 01:07:01,binding,none
5c809cee-6784-424e-8f78-84e803c042c1,FLY-2745,flywheel,tpl_simple_code,held,2026-09-19 01:08:18,binding,none
eb652991-d6f8-48e4-b59a-1baf94747289,FLY-2655,flywheel,tpl_simple_code,terminated,2026-09-19 04:04:35,binding,none
a2727d85-eb8b-4c63-87d9-049f149316ca,FLY-2638,flywheel,tpl_simple_code,held,2026-09-19 04:06:30,binding,none
c189ac65-2923-4b20-823e-df97bd46e3b0,FLY-2752,flywheel,tpl_simple_code,completed,2026-09-19 04:07:45,binding,none
6f76d337-bc9d-4015-a4af-4d78d2e1da96,FLY-2753,flywheel,tpl_simple_code,completed,2026-09-19 04:09:38,binding,none
ffe54e53-8014-407e-91f4-72d20842e927,FLY-2754,flywheel,tpl_code,terminated,2026-09-19 04:26:15,binding,none
e55e698d-953f-4c02-936d-752e66ca08db,FLY-2746,flywheel,tpl_simple_code,terminated,2026-09-19 04:45:52,binding,none
7d5e7d68-8a02-4f4a-9db3-6ffc0d458d17,FLY-2749,flywheel,tpl_code,terminated,2026-09-19 04:46:37,binding,none
7380b8a8-a64c-480a-998c-3db98bd715ce,FLY-2656,flywheel,tpl_simple_code,held,2026-09-19 04:47:56,binding,none
77b3413a-3616-464f-aead-14fe736558bd,FLY-2755,flywheel,tpl_simple_code,held,2026-09-19 04:48:17,binding,none
d6b8a817-6024-40e6-ae11-ef9da5e84f35,FLY-2693,flywheel,tpl_code,terminated,2026-09-19 04:48:37,binding,none
d9cedcaa-7a12-452f-ba03-5728f915aff2,FLY-2643,flywheel,tpl_simple_code,terminated,2026-09-19 04:49:57,binding,none
e6bacd05-9b33-4021-b92b-eff2fc9abb94,FLY-2751,flywheel,tpl_simple_code,terminated,2026-09-19 04:50:57,binding,none
cd4f2a55-eecf-407d-ac6e-45c572c027e3,FLY-2751,flywheel,tpl_simple_code,terminated,2026-09-19 04:56:01,binding,none
c41c24e9-11c9-40ea-b242-3221139a9cc6,FLY-2654,flywheel,tpl_simple_code,terminated,2026-09-19 05:02:49,binding,none
5fc65e11-cceb-42a4-b61d-5413bc6b25d4,FLY-2754,flywheel,tpl_simple_code,held,2026-09-19 05:46:59,binding,none
4d8bcb46-7b51-4339-8e92-f0c46820d86b,FLY-2688,flywheel,tpl_simple_code,terminated,2026-09-20 21:31:32,binding,none
82f0f3a5-8564-471f-8dcf-209fbf04793e,FLY-2654,flywheel,tpl_code,terminated,2026-09-20 21:34:09,binding,none
50898ad0-107e-45fa-8a85-0569b332a799,FLY-2749,flywheel,tpl_code,completed,2026-09-20 21:36:42,binding,none
e3953013-ab39-420d-af22-914cca1404b8,FLY-2693,flywheel,tpl_code,terminated,2026-09-20 21:40:07,binding,none
3f788ab3-b20b-4aa0-a1e0-914a78478bb8,FLY-2655,flywheel,tpl_code,terminated,2026-09-20 21:42:32,binding,none
f634fbc3-c649-4c8e-9eb2-4db98618a0c2,FLY-2755,flywheel,tpl_simple_code,completed,2026-09-20 22:38:53,binding,none
4536796c-d5d4-4cad-88d9-326f5c0bbfa8,FLY-2643,flywheel,tpl_simple_code,terminated,2026-09-20 22:57:27,binding,none
83175fd7-d0ae-44e9-92b3-29657908a1f2,FLY-2693,flywheel,tpl_simple_code,terminated,2026-09-20 23:53:53,binding,none
d7aa7ffd-f9f7-4ab1-b997-d3b5a36ffc18,FLY-2763,flywheel,tpl_simple_code,terminated,2026-09-21 05:02:56,binding,none
09c95430-90ba-49f5-8048-61b72713dac4,FLY-2655,flywheel,tpl_simple_code,held,2026-09-21 07:11:28,binding,none
837d99b5-085a-4cf6-93dd-652c82f01c7f,FLY-2746,flywheel,tpl_simple_code,held,2026-09-21 07:12:43,binding,none
18a7ba4b-f615-42b8-a2a7-6a79641c9833,FLY-2693,flywheel,tpl_simple_code,held,2026-09-21 07:13:10,binding,none
ff0ad0f3-c7bd-403b-b374-102c7c24ac32,FLY-2643,flywheel,tpl_simple_code,held,2026-09-21 07:13:42,binding,none
eac6b4cc-8e90-48fc-97b4-e2ba7c9f3fc2,FLY-2654,flywheel,tpl_simple_code,completed,2026-09-21 07:14:12,binding,none
24e415a2-0ba5-44b8-98f1-48824f53de96,FLY-2688,flywheel,tpl_simple_code,terminated,2026-09-21 07:14:40,binding,none
3705ccbb-4976-49b9-9a67-a6ebd6a56b39,FLY-2758,flywheel,tpl_simple_code,completed,2026-09-22 03:03:33,binding,none
6a234458-fcc4-4565-a4a3-ac10fd29d815,FLY-2751,flywheel,tpl_simple_code,terminated,2026-09-22 03:18:03,binding,none
1314690d-b2dd-4211-9bab-bd39ca94128d,FLY-2688,flywheel,tpl_simple_code,held,2026-09-22 05:26:08,binding,none
3065e8d4-993e-43d9-a66a-28b59f3d36e5,FLY-2701,flywheel,tpl_simple_code,terminated,2026-09-22 05:29:18,binding,none
fec3e02d-ba7e-407c-a55d-87ee17313e30,FLY-2770,flywheel,tpl_simple_code,terminated,2026-09-22 07:36:25,binding,none
853019fd-8da6-451b-bfab-ef851424a9a5,FLY-2547,flywheel,tpl_simple_code,terminated,2026-09-22 16:07:16,binding,none
f8bd1b21-6ab2-4baf-a2a9-a93d5473bf71,FLY-2547,flywheel,tpl_simple_code,completed,2026-09-22 16:09:38,binding,none
84ac31cc-ca18-4e43-8e81-3acd275f28dd,FLY-2701,flywheel,tpl_simple_code,completed,2026-09-22 17:14:00,binding,none
53ab3f14-8bc0-4806-95a1-80686f4ea7a1,FLY-2775,flywheel,tpl_simple_code,terminated,2026-09-22 17:22:00,binding,none
684a8a80-c803-4830-af36-ca97b3252172,FLY-2776,flywheel,tpl_simple_code,completed,2026-09-22 23:30:55,binding,none
f3de0285-4be5-475d-9902-9e3c0549224f,FLY-2762,flywheel,tpl_code,terminated,2026-09-22 23:52:48,binding,none
bce605bf-d29e-45ab-8008-4ca0fc730780,FLY-2766,flywheel,tpl_simple_code,terminated,2026-09-23 00:07:10,binding,none
bb4b1c33-6fc3-42f1-9df5-63e9160f96c4,FLY-2781,flywheel,tpl_generic_menu,completed,2026-09-23 02:41:10,binding,none
feea9dcf-dd79-4807-ac61-ec93c58b50bc,FLY-2786,flywheel,tpl_generic_menu,completed,2026-09-23 03:15:27,binding,none
0e77a6ed-aa68-4fb8-b3e3-c73dceca1f0d,FLY-2789,flywheel,tpl_code,terminated,2026-09-23 03:50:56,binding,none
39a39d17-549c-4ae5-af86-3ede3f4768a4,FLY-2788,flywheel,tpl_code,terminated,2026-09-23 03:53:27,binding,none
bb420d3b-1d81-465e-b3da-c4809b8c7b26,FLY-2791,flywheel,tpl_generic_menu,completed,2026-09-23 03:59:05,binding,none
c6adf4fa-166b-4221-8034-c9e34b5fa5ec,FLY-2793,flywheel,tpl_simple_code,held,2026-09-23 05:07:15,binding,none
532c0ee5-a15e-4cb7-afe6-a6e11e782823,FLY-2801,flywheel,tpl_simple_code,terminated,2026-09-23 05:17:23,binding,none
d86374cf-076d-4482-884d-d233c6204de7,FLY-2795,flywheel,tpl_generic_menu,completed,2026-09-23 05:20:41,binding,none
61667227-7907-4a83-b5cd-c080ad74011c,FLY-2799,flywheel,tpl_code,terminated,2026-09-23 05:21:09,binding,none
cac670f2-3103-4e59-832e-786513fa1fc9,FLY-2802,flywheel,tpl_code,terminated,2026-09-23 05:28:48,binding,none
5191051d-ed91-49b6-8c9e-2f3abc0b90cd,FLY-2808,flywheel,tpl_code,terminated,2026-09-23 05:38:24,binding,none
6697a410-53db-4239-9f1a-9a903a08d6c1,FLY-2804,flywheel,tpl_simple_code,terminated,2026-09-23 05:38:46,binding,none
31768897-05f2-4d7c-ba17-614bb6f3e5bf,FLY-2806,flywheel,tpl_simple_code,terminated,2026-09-23 05:39:59,binding,none
103bac96-f0ae-498a-b981-da4a3186a651,FLY-2807,flywheel,tpl_simple_code,terminated,2026-09-23 05:41:17,binding,none
a94901ca-e96e-44a1-bda9-f404d9746819,FLY-2805,flywheel,tpl_code,terminated,2026-09-23 05:42:44,binding,none
811af762-2777-441e-8c28-fbe3d8df693c,FLY-2813,flywheel,tpl_simple_code,terminated,2026-09-23 05:45:33,binding,none
b7852d37-e69f-47d2-ad26-62da604a8813,FLY-2762,flywheel,tpl_simple_code,completed,2026-09-23 06:19:19,binding,none
8f1d65c6-e298-4df6-b44d-50c6c383e167,FLY-2819,flywheel,tpl_simple_code,terminated,2026-09-23 08:15:18,binding,none
e51860da-f8a8-4fa8-bc5f-9253b88cc4bd,FLY-2799,flywheel,tpl_code,terminated,2026-09-23 08:28:54,binding,none
837de386-ca0a-4bb8-8b3c-1973823b9bb7,FLY-2801,flywheel,tpl_simple_code,completed,2026-09-23 09:02:35,binding,none
36ce617c-1496-4982-b23d-65c9e1fb77ae,FLY-2807,flywheel,tpl_simple_code,terminated,2026-09-23 10:33:26,binding,none
b25aeb38-37c6-4e3d-b32f-5b35b5908f25,FLY-2819,flywheel,tpl_simple_code,completed,2026-09-23 10:42:03,binding,none
2f616bd5-693a-4d0b-8b43-a6986202c8c8,FLY-2802,flywheel,tpl_simple_code,terminated,2026-09-23 10:46:27,binding,none
3831cff3-35ef-4802-bb05-484edbba72a5,FLY-2802,flywheel,tpl_simple_code,terminated,2026-09-23 12:02:16,binding,none
ac672a74-7ce4-4c6a-9bdc-62372c8632a4,FLY-2788,flywheel,tpl_simple_code,terminated,2026-09-23 12:24:07,binding,none
c26962d9-7a1b-4a9b-97b4-5efd656352f9,FLY-2775,flywheel,tpl_simple_code,terminated,2026-09-23 12:27:06,binding,none
cc4c3f4e-c575-48bf-92d1-e0e8ac5c850d,FLY-2775,flywheel,tpl_simple_code,terminated,2026-09-23 12:43:50,binding,none
e365b785-4668-4a7f-aef0-aebe6ca32a51,FLY-2789,flywheel,tpl_simple_code,completed,2026-09-23 13:28:31,binding,none
f66e1d1b-f329-4e8f-94b6-0b2c0ac7abde,FLY-2803,flywheel,tpl_code,terminated,2026-09-23 13:48:54,binding,none
9760d356-1bf8-4217-bba0-245682e5a44b,FLY-2802,flywheel,tpl_simple_code,terminated,2026-09-23 14:17:52,binding,none
84903017-2853-44fb-81aa-047cf693fb80,FLY-2788,flywheel,tpl_simple_code,terminated,2026-09-23 14:33:53,binding,none
da516578-b40e-474c-a292-dafb9e3899e6,FLY-2774,flywheel,tpl_simple_code,terminated,2026-09-23 14:59:51,binding,none
e4da6f23-5b9e-4341-847d-b1a4607c1ce4,FLY-2808,flywheel,tpl_simple_code,terminated,2026-09-23 15:17:58,binding,none
d9e27cf5-3392-49c7-af3e-4bf623f29a01,FLY-2788,flywheel,tpl_simple_code,completed,2026-09-23 15:33:10,binding,none
55865cb9-8dea-464c-9817-7058da59de9d,FLY-2770,flywheel,tpl_simple_code,completed,2026-09-23 16:14:03,binding,none
4e2ba12c-312c-47eb-bcb7-2942947b6e70,FLY-2774,flywheel,tpl_simple_code,terminated,2026-09-23 16:33:26,binding,none
996b6806-e3d8-4763-8100-831612cef2ad,FLY-2796,flywheel,tpl_code,terminated,2026-09-23 17:56:52,binding,none
c211327a-9a4e-464c-9b6f-7059e12ed47b,FLY-2798,flywheel,tpl_code,terminated,2026-09-23 17:58:01,binding,none
d299fdc9-5515-4070-b8c0-d2db14377dfa,FLY-2774,flywheel,tpl_simple_code,completed,2026-09-23 21:00:21,binding,none
fc15a01d-c735-4fa1-a6f0-836c51c24768,FLY-2796,flywheel,tpl_simple_code,terminated,2026-09-23 21:03:51,binding,none
ff749717-a94c-4200-911f-2667e0c29e2b,FLY-2798,flywheel,tpl_simple_code,terminated,2026-09-23 21:05:01,binding,none
0531c321-0c14-4d53-acc6-65c663549493,FLY-2799,flywheel,tpl_simple_code,terminated,2026-09-23 21:06:54,binding,none
183679a8-5c81-4ad4-add0-f271477b148a,FLY-2807,flywheel,tpl_simple_code,terminated,2026-09-23 21:11:46,binding,none
143327b0-281b-4c53-80f2-64d659fdd152,FLY-2807,flywheel,tpl_simple_code,completed,2026-09-23 21:47:03,binding,none
435650e5-e248-4844-9b3a-98033fd0b779,FLY-2803,flywheel,tpl_simple_code,held,2026-09-23 22:50:08,binding,none
4060034b-8f4c-4de3-a597-e7f92aad5b4c,FLY-2796,flywheel,tpl_simple_code,terminated,2026-09-23 23:12:32,binding,none
b0c98033-2293-49b5-9a68-e5e3cebb1edf,FLY-2828,flywheel,tpl_code,terminated,2026-09-24 01:09:36,binding,none
5e30bab3-ff65-40b8-89b5-ce547e5f76a2,FLY-2799,flywheel,tpl_simple_code,terminated,2026-09-24 01:14:47,binding,none
8f0326cc-1297-4289-b129-ce2099a622a0,FLY-2828,flywheel,tpl_code,terminated,2026-09-24 01:14:58,binding,none
238901c9-b50d-4b8d-8627-edefe5ff33dc,FLY-2829,flywheel,tpl_code,terminated,2026-09-24 01:17:56,binding,none
35635a28-1d2b-47fd-987f-e77ec6a664dc,FLY-2796,flywheel,tpl_simple_code,terminated,2026-09-24 03:24:40,binding,none
be388028-7bcd-428d-a4bc-768ee5cbb9f9,FLY-2829,flywheel,tpl_simple_code,terminated,2026-09-24 07:53:56,binding,none
90e86d55-8061-40fd-b640-07a6de4a09e2,FLY-2828,flywheel,tpl_simple_code,completed,2026-09-24 07:54:00,binding,none
f8ac913d-a9dc-4e8c-875b-7bb155c1b258,FLY-2798,flywheel,tpl_simple_code,terminated,2026-09-24 07:54:04,binding,none
ab5dd282-431b-4006-afc3-7ed1220f794e,FLY-2808,flywheel,tpl_simple_code,terminated,2026-09-24 07:54:08,binding,none
3e1394b1-80d4-4cbc-9868-9f1fe4ffa716,FLY-2796,flywheel,tpl_simple_code,terminated,2026-09-24 07:54:12,binding,none
7319fcce-5025-4860-90e9-da2234b3573d,FLY-2802,flywheel,tpl_simple_code,terminated,2026-09-24 10:32:30,binding,none
f3ff962e-87c7-488d-9669-6864a1e66957,FLY-2808,flywheel,tpl_simple_code,terminated,2026-09-24 11:43:47,binding,none
786f0094-0466-4f9c-bd0d-1d8e8a083747,FLY-2796,flywheel,tpl_simple_code,terminated,2026-09-24 12:16:37,binding,none
533ba1e1-bc5e-47ba-82bf-f3115b1a1625,FLY-2798,flywheel,tpl_simple_code,terminated,2026-09-24 12:23:49,binding,none
4079b623-5e51-4f4b-81c8-f928c50c494a,FLY-2802,flywheel,tpl_simple_code,terminated,2026-09-24 12:27:19,binding,none
71a3626b-2878-41da-826e-b8bdf7b0f2ad,FLY-2796,flywheel,tpl_simple_code,terminated,2026-09-24 14:04:44,binding,none
fcdd8fc0-1c5a-492f-93ce-250874a37321,FLY-2808,flywheel,tpl_simple_code,terminated,2026-09-24 14:19:19,binding,none
8e34afec-6c93-490d-99a2-a0088b326e57,FLY-2775,flywheel,tpl_simple_code,terminated,2026-09-24 14:47:31,binding,none
2d211ed0-adc7-4086-ab30-93b048caf040,FLY-2798,flywheel,tpl_simple_code,terminated,2026-09-24 15:09:07,binding,none
fac0dd47-6397-4d7b-beb6-ad242492dc79,FLY-2802,flywheel,tpl_simple_code,terminated,2026-09-24 15:18:36,binding,none
37b0cd13-9ff2-445f-ab31-0d5dfc742b13,FLY-2796,flywheel,tpl_simple_code,terminated,2026-09-24 15:51:19,binding,none
7b4f9a8c-4aad-4725-928e-ef430c132f69,FLY-2775,flywheel,tpl_simple_code,terminated,2026-09-24 16:04:49,binding,none
3b06c51e-cf86-4dce-9f19-d412d3ad6068,FLY-2808,flywheel,tpl_simple_code,terminated,2026-09-24 16:09:03,binding,none
5bbad7fb-5eeb-4d95-acb3-935be82deb53,FLY-2799,flywheel,tpl_simple_code,terminated,2026-09-24 16:34:11,binding,none
cccc3d08-f798-499c-90e6-7d87220d39b6,FLY-2829,flywheel,tpl_simple_code,terminated,2026-09-24 16:55:26,binding,none
39755784-e421-4c1a-8195-9a16f54dc0d1,FLY-2775,flywheel,tpl_simple_code,completed,2026-09-24 17:26:16,binding,none
f13e644b-b171-47db-97f6-b8173a379731,FLY-2802,flywheel,tpl_simple_code,terminated,2026-09-24 17:30:43,binding,none
438b1a33-dd9e-48bf-89cf-78db09b798f0,FLY-2798,flywheel,tpl_simple_code,terminated,2026-09-24 17:32:19,binding,none
6f37ac94-833b-488f-b74b-8d023c061f31,FLY-2802,flywheel,tpl_simple_code,terminated,2026-09-24 18:37:44,binding,none
9054a9ec-9b70-40ef-a30b-818a9ccf68af,FLY-2829,flywheel,tpl_simple_code,terminated,2026-09-24 18:58:50,binding,none
a7ea7fa2-610e-4940-b02c-511554f7d895,FLY-2798,flywheel,tpl_simple_code,terminated,2026-09-24 19:28:18,binding,none
2d648474-3fad-45aa-a992-f3ae8c808c47,FLY-2796,flywheel,tpl_simple_code,active,2026-09-24 19:39:08,binding,none
c73c8847-ea86-4851-864f-c8f5a1a425eb,FLY-2808,flywheel,tpl_simple_code,terminated,2026-09-24 23:03:17,binding,none
1a7f423f-bedf-4184-9c12-8af305b3441d,FLY-2862,flywheel,tpl_simple_code,held,2026-09-24 23:15:43,binding,automatic_model_split
4c2704d4-c2f8-4336-a640-d9558e419049,FLY-2863,flywheel,tpl_generic_menu,terminated,2026-09-24 23:16:47,binding,registry_default
17b8e451-b9a3-4e7b-845e-1708a14214df,FLY-2797,flywheel,tpl_generic_menu,completed,2026-09-24 23:17:10,binding,registry_default
907d80e6-a1d9-4f61-9a84-ef33f0d55112,FLY-2864,flywheel,tpl_code,completed,2026-09-24 23:22:24,binding,automatic_model_split
558dcc5b-1379-480e-b48b-854fdc841641,FLY-2765,flywheel,tpl_code,terminated,2026-09-24 23:27:56,binding,automatic_model_split
b331bcb1-043a-476c-8e9a-7cd12799767b,FLY-2695,flywheel,tpl_code,terminated,2026-09-24 23:43:38,binding,automatic_model_split
22c7f9c7-9db7-43cf-9cfd-365d90564d84,FLY-2761,flywheel,tpl_simple_code,completed,2026-09-24 23:44:13,binding,automatic_model_split
535b5752-338e-4372-9e92-a80c720647c7,FLY-2757,flywheel,tpl_simple_code,terminated,2026-09-24 23:44:39,binding,automatic_model_split
29bef683-e628-4291-b608-1882a2fec14e,FLY-2760,flywheel,tpl_code,completed,2026-09-24 23:46:25,binding,automatic_model_split
3a5eaaa7-ce6f-440e-8ce4-981d7abaa31d,FLY-2711,flywheel,tpl_code,active,2026-09-24 23:47:19,binding,automatic_model_split
fa92bf34-d125-4950-bff3-25c5d12d410d,FLY-2866,flywheel,tpl_generic_menu,active,2026-09-25 00:12:41,binding,registry_default
bad2e41e-d646-4a69-8c8c-6bc380778ae0,FLY-2799,flywheel,tpl_simple_code,terminated,2026-09-25 00:16:48,binding,none
21883c18-dddc-4345-86e7-6a1c5b8d9664,FLY-2757,flywheel,tpl_simple_code,completed,2026-09-25 00:25:31,binding,none
8020b29a-2572-4de8-8483-093bfee55d20,FLY-2798,flywheel,tpl_simple_code,terminated,2026-09-25 03:44:54,binding,none
55409ce7-cdf1-402b-9153-ea933df59d9b,FLY-2867,flywheel,tpl_simple_code,completed,2026-09-25 03:47:22,binding,none
953ede7c-b04f-4c83-b29a-996be107c15f,FLY-2829,flywheel,tpl_simple_code,completed,2026-09-25 03:56:09,binding,none
f42e1847-6b21-4a08-b5d3-25501a1970e6,FLY-2802,flywheel,tpl_simple_code,terminated,2026-09-25 04:39:05,binding,none
80399250-7d61-49c0-842b-6aa42aa19834,FLY-2695,flywheel,tpl_simple_code,held,2026-09-25 04:49:35,binding,none
cbdcf921-e0c6-40c3-827d-c5d70cb8145f,FLY-2863,flywheel,tpl_simple_code,terminated,2026-09-25 05:38:35,binding,none
946fe3d7-ff04-43a4-aabc-f0f310802a79,FLY-2869,flywheel,tpl_simple_code,completed,2026-09-25 05:41:13,binding,none
974f322c-b896-415a-acd6-305a15c714eb,FLY-2872,flywheel,tpl_code,terminated,2026-09-25 06:20:36,binding,automatic_model_split
3374885d-b4e3-42d8-a727-003890cad5fa,FLY-2873,flywheel,tpl_simple_code,terminated,2026-09-25 06:25:25,binding,menu_api_override; automatic_model_split
556f5bf9-ec7d-4b08-8986-3c603f1d06ef,FLY-2799,flywheel,tpl_simple_code,completed,2026-09-25 06:27:54,binding,none
2e59dced-34cf-4372-ac94-ae0daaebb87e,FLY-2874,flywheel,tpl_simple_code,active,2026-09-25 06:36:24,binding,menu_api_override; automatic_model_split
5cce900c-3190-4ebd-948c-94d01a57442f,FLY-2875,flywheel,tpl_simple_code,completed,2026-09-25 07:26:23,binding,menu_api_override; automatic_model_split
206b034f-6453-4c27-a136-9f8779c1a8ed,FLY-2877,flywheel,tpl_code,completed,2026-09-25 07:39:03,binding,automatic_model_split
9253400f-ffc1-4990-a98e-a7a43ea7a512,FLY-2873,flywheel,tpl_simple_code,active,2026-09-25 07:57:41,binding,none
fb77977c-d7bc-4603-8e1a-ce675d14e8ad,FLY-2802,flywheel,tpl_simple_code,terminated,2026-09-25 08:04:15,binding,none
424be69b-239a-4e47-a557-102431d33e5a,FLY-2802,flywheel,tpl_simple_code,active,2026-09-25 10:49:57,binding,none
b8437b3b-beea-4ff5-88ee-9f73cf8d0ba9,FLY-2863,flywheel,tpl_simple_code,active,2026-09-25 11:27:17,binding,none
1de91237-c761-49e6-8e18-1c045cf72f58,FLY-2881,flywheel,tpl_generic_menu,completed,2026-09-25 18:21:53,binding,menu_api_override
e2eadd27-785e-4e3d-8896-5625541fcb12,FLY-2808,flywheel,tpl_simple_code,completed,2026-09-25 18:43:49,binding,none
49a3da37-9e6d-45c3-a27a-3309d740eed3,FLY-2830,flywheel,tpl_code,active,2026-09-25 19:15:36,binding,menu_api_override; automatic_model_split
9084969b-da62-4edc-9a61-ab37984639cc,FLY-2882,flywheel,tpl_code,active,2026-09-25 20:02:34,binding,menu_api_override; automatic_model_split
e4dd89d7-821f-4700-86f5-7583b9d739e5,FLY-2883,flywheel,tpl_code,active,2026-09-25 20:03:00,binding,menu_api_override; automatic_model_split
b509d87b-0037-4eb9-9af0-8f6b68c4f4a2,FLY-2884,flywheel,tpl_generic_menu,active,2026-09-25 20:30:14,binding,registry_default
35a1d137-8635-48b5-81e3-bcfe25f114d1,FLY-2860,flywheel,tpl_code,active,2026-09-25 20:30:30,binding,menu_api_override; automatic_model_split
d9cccb85-dc2c-46a5-8904-c0b1d1994394,FLY-2876,flywheel,tpl_simple_code,active,2026-09-25 20:30:46,binding,menu_api_override; automatic_model_split
917bc43e-d706-40b1-b546-db5006203e8e,FLY-2889,flywheel,tpl_generic_menu,active,2026-09-25 20:33:44,binding,registry_default
