activation_id,execution_id,run_id,node_id,attempt,axis,assignment_state,arm_id,admitted_at,closed_at,close_kind
activation:9f016fc5-3781-4208-a4c0-7f680393aab0:0531c321-0c14-4d53-acc6-65c663549493:implement:2,9f016fc5-3781-4208-a4c0-7f680393aab0,0531c321-0c14-4d53-acc6-65c663549493,implement,2,implement,unassigned,,2026-09-23T23:40:53.468Z,2026-09-24T00:06:30.778Z,done
activation:9383060a-f410-404d-b725-f7919d50e9ff:435650e5-e248-4844-9b3a-98033fd0b779:implement:1,9383060a-f410-404d-b725-f7919d50e9ff,435650e5-e248-4844-9b3a-98033fd0b779,implement,1,implement,unassigned,,2026-09-23T23:45:59.103Z,2026-09-24T00:29:51.130Z,done
activation:rework:e71ef1c61d001dba361bb5ce3c062d489f5cf167d6ee633fa35f1a9f1c0280cc,bcd45ccb-0b8a-468f-82c0-7a2750d8fe5a,0531c321-0c14-4d53-acc6-65c663549493,qa,2,qa,unassigned,,2026-09-24T00:06:30.885Z,2026-09-24T00:20:19.397Z,done
activation:02ee6a8f-f886-40bc-a94a-d8d4cce71a29:435650e5-e248-4844-9b3a-98033fd0b779:qa:1,02ee6a8f-f886-40bc-a94a-d8d4cce71a29,435650e5-e248-4844-9b3a-98033fd0b779,qa,1,qa,unassigned,,2026-09-24T00:29:51.776Z,2026-09-24T00:48:23.361Z,done
activation:rework:977c3d6ee8dbaeeab2787312407580b1c81d40627c4ffa3659d84356238c37b1,9383060a-f410-404d-b725-f7919d50e9ff,435650e5-e248-4844-9b3a-98033fd0b779,implement,2,implement,unassigned,,2026-09-24T00:48:24.055Z,2026-09-24T01:17:11.677Z,done
activation:ff2c6da1-f32f-45c9-84b0-a0d76da7976c:0531c321-0c14-4d53-acc6-65c663549493:implement:3,ff2c6da1-f32f-45c9-84b0-a0d76da7976c,0531c321-0c14-4d53-acc6-65c663549493,implement,3,implement,unassigned,,2026-09-24T01:07:02.342Z,2026-09-24T01:08:14.025Z,replaced
activation:53b70cf9-1762-4803-8cce-f6f608e90e7c:b0c98033-2293-49b5-9a68-e5e3cebb1edf:eng_design:1,53b70cf9-1762-4803-8cce-f6f608e90e7c,b0c98033-2293-49b5-9a68-e5e3cebb1edf,eng_design,1,design,assigned,A,2026-09-24T01:09:36.273Z,2026-09-24T01:10:52.286Z,replaced
activation:baa2afce-dd5b-4516-90a2-59d3031377bb:b0c98033-2293-49b5-9a68-e5e3cebb1edf:eng_design:1,baa2afce-dd5b-4516-90a2-59d3031377bb,b0c98033-2293-49b5-9a68-e5e3cebb1edf,eng_design,1,design,assigned,A,2026-09-24T01:10:52.333Z,,
activation:222ec7ae-dd07-41c4-8acf-82534a1fdbc9:0531c321-0c14-4d53-acc6-65c663549493:implement:3,222ec7ae-dd07-41c4-8acf-82534a1fdbc9,0531c321-0c14-4d53-acc6-65c663549493,implement,3,implement,unassigned,,2026-09-24T01:11:47.408Z,2026-09-24T01:13:14.668Z,replaced
activation:5da4c8de-3795-4edc-ad14-329c38e09ba6:5e30bab3-ff65-40b8-89b5-ce547e5f76a2:implement:1,5da4c8de-3795-4edc-ad14-329c38e09ba6,5e30bab3-ff65-40b8-89b5-ce547e5f76a2,implement,1,implement,unassigned,,2026-09-24T01:14:47.462Z,2026-09-24T02:47:43.429Z,done
activation:f371e87f-260f-4f3f-9473-dfd974e26517:8f0326cc-1297-4289-b129-ce2099a622a0:eng_design:1,f371e87f-260f-4f3f-9473-dfd974e26517,8f0326cc-1297-4289-b129-ce2099a622a0,eng_design,1,design,assigned,B,2026-09-24T01:14:58.391Z,2026-09-24T05:30:30.145Z,done
activation:rework:8eca90b8b9e96911c8b142fa562b1651a27b7ed76800ece261cddc34cbbc2619,02ee6a8f-f886-40bc-a94a-d8d4cce71a29,435650e5-e248-4844-9b3a-98033fd0b779,qa,2,qa,unassigned,,2026-09-24T01:17:12.523Z,2026-09-24T02:59:51.197Z,done
activation:35832f7a-6ce0-4068-a489-2e2ed9d66dca:238901c9-b50d-4b8d-8627-edefe5ff33dc:eng_design:1,35832f7a-6ce0-4068-a489-2e2ed9d66dca,238901c9-b50d-4b8d-8627-edefe5ff33dc,eng_design,1,design,assigned,B,2026-09-24T01:17:56.079Z,2026-09-24T04:55:23.601Z,done
activation:b8057761-300b-4764-b4da-8b8686ad653e:e4da6f23-5b9e-4341-847d-b1a4607c1ce4:implement:2,b8057761-300b-4764-b4da-8b8686ad653e,e4da6f23-5b9e-4341-847d-b1a4607c1ce4,implement,2,implement,unassigned,,2026-09-24T02:14:06.219Z,2026-09-24T05:04:59.258Z,done
activation:aef24ecc-59d4-4292-936e-71a6cf5c21f9:5e30bab3-ff65-40b8-89b5-ce547e5f76a2:qa:1,aef24ecc-59d4-4292-936e-71a6cf5c21f9,5e30bab3-ff65-40b8-89b5-ce547e5f76a2,qa,1,qa,unassigned,,2026-09-24T02:47:44.105Z,2026-09-24T03:55:14.532Z,done
activation:4c124904-81ac-40e8-977a-f5dac79f0684:4060034b-8f4c-4de3-a597-e7f92aad5b4c:implement:1,4c124904-81ac-40e8-977a-f5dac79f0684,4060034b-8f4c-4de3-a597-e7f92aad5b4c,implement,1,implement,unassigned,,2026-09-24T02:53:35.628Z,,
activation:50c8805e-d5bb-46b9-9598-d7e3b79967bd:9760d356-1bf8-4217-bba0-245682e5a44b:implement:2,50c8805e-d5bb-46b9-9598-d7e3b79967bd,9760d356-1bf8-4217-bba0-245682e5a44b,implement,2,implement,unassigned,,2026-09-24T03:10:21.142Z,2026-09-24T05:21:12.432Z,done
activation:614fb3ea-e937-48a7-8d88-1e871dbb9161:35635a28-1d2b-47fd-987f-e77ec6a664dc:implement:1,614fb3ea-e937-48a7-8d88-1e871dbb9161,35635a28-1d2b-47fd-987f-e77ec6a664dc,implement,1,implement,unassigned,,2026-09-24T03:24:40.797Z,2026-09-24T06:26:27.414Z,done
activation:rework:3e76c43150dc782d6c620561ed18b9b49421fdfe5bcd96b50896a8ad9a580c55,d4054f07-902a-4107-82e7-888f531c691a,e4da6f23-5b9e-4341-847d-b1a4607c1ce4,qa,2,qa,unassigned,,2026-09-24T05:04:59.710Z,2026-09-24T05:47:11.516Z,done
activation:60fc7481-4291-4a35-85ac-bb4e2d8562e6:238901c9-b50d-4b8d-8627-edefe5ff33dc:implement:1,60fc7481-4291-4a35-85ac-bb4e2d8562e6,238901c9-b50d-4b8d-8627-edefe5ff33dc,implement,1,implement,unassigned,,2026-09-24T05:14:57.811Z,2026-09-24T07:43:56.063Z,replaced
activation:8773168c-be01-4687-8813-68e4566a346e:d9e27cf5-3392-49c7-af3e-4bf623f29a01:implement:2,8773168c-be01-4687-8813-68e4566a346e,d9e27cf5-3392-49c7-af3e-4bf623f29a01,implement,2,implement,unassigned,,2026-09-24T05:15:05.620Z,2026-09-24T05:51:39.294Z,done
activation:rework:e879cb23ac2c96fc8e291cf53b92a08c947f7ceab29e9ec5d11287f39a11398d,a509e941-e543-477e-8254-5d704858da14,9760d356-1bf8-4217-bba0-245682e5a44b,qa,2,qa,unassigned,,2026-09-24T05:21:13.268Z,2026-09-24T05:48:47.658Z,done
activation:59aae6a0-db27-4ea6-948e-ffe7d76c88c7:8f0326cc-1297-4289-b129-ce2099a622a0:implement:1,59aae6a0-db27-4ea6-948e-ffe7d76c88c7,8f0326cc-1297-4289-b129-ce2099a622a0,implement,1,implement,unassigned,,2026-09-24T05:30:30.370Z,2026-09-24T07:43:56.099Z,replaced
activation:rework:92925a0e69038862de43192358c625eec9fabde80231b54b110a39fc385f3705,b8057761-300b-4764-b4da-8b8686ad653e,e4da6f23-5b9e-4341-847d-b1a4607c1ce4,implement,3,implement,unassigned,,2026-09-24T05:47:11.728Z,,
activation:rework:864176c09c48aaa215367f000d32936693633ec8c2d6e0aa18f9e652fa913c56,50c8805e-d5bb-46b9-9598-d7e3b79967bd,9760d356-1bf8-4217-bba0-245682e5a44b,implement,3,implement,unassigned,,2026-09-24T05:48:48.380Z,2026-09-24T06:13:43.721Z,done
activation:rework:f274fb571c0ff324c7acf93890d7a9b1d01273f26f6722669877f2ba290b198b,b1cd5257-725c-4f70-aff0-1c4cac2f3d97,d9e27cf5-3392-49c7-af3e-4bf623f29a01,qa,2,qa,unassigned,,2026-09-24T05:51:39.958Z,2026-09-24T06:11:52.759Z,done
activation:rework:910bb410af69b6cdeb6e9758f9508833ee3aef5e8619626d9a01f54699af6f90,a509e941-e543-477e-8254-5d704858da14,9760d356-1bf8-4217-bba0-245682e5a44b,qa,3,qa,unassigned,,2026-09-24T06:13:44.411Z,,
activation:1fa9d31e-4304-4fc2-bb3c-55ade07fadb1:35635a28-1d2b-47fd-987f-e77ec6a664dc:qa:1,1fa9d31e-4304-4fc2-bb3c-55ade07fadb1,35635a28-1d2b-47fd-987f-e77ec6a664dc,qa,1,qa,unassigned,,2026-09-24T06:26:30.751Z,2026-09-24T06:33:45.171Z,done
activation:rework:ecbdf13f80cc068168006b12992ae2fa4b2d66d1b74d1687fcb7d0a7aabd1509,614fb3ea-e937-48a7-8d88-1e871dbb9161,35635a28-1d2b-47fd-987f-e77ec6a664dc,implement,2,implement,unassigned,,2026-09-24T06:33:45.551Z,,
activation:397e8f99-8646-4e90-baf7-9dd72f5e5617:238901c9-b50d-4b8d-8627-edefe5ff33dc:implement:1,397e8f99-8646-4e90-baf7-9dd72f5e5617,238901c9-b50d-4b8d-8627-edefe5ff33dc,implement,1,implement,unassigned,,2026-09-24T07:43:56.283Z,,
activation:3088358a-4820-4b68-97ca-43c847fba2ab:8f0326cc-1297-4289-b129-ce2099a622a0:implement:1,3088358a-4820-4b68-97ca-43c847fba2ab,8f0326cc-1297-4289-b129-ce2099a622a0,implement,1,implement,unassigned,,2026-09-24T07:44:03.626Z,,
activation:03ca51e2-8239-438c-a654-08c36a8427b9:ff749717-a94c-4200-911f-2667e0c29e2b:implement:1,03ca51e2-8239-438c-a654-08c36a8427b9,ff749717-a94c-4200-911f-2667e0c29e2b,implement,1,implement,unassigned,,2026-09-24T07:44:24.712Z,,
activation:342edfa7-28c8-48c5-973a-964d9fff6eee:e4da6f23-5b9e-4341-847d-b1a4607c1ce4:implement:3,342edfa7-28c8-48c5-973a-964d9fff6eee,e4da6f23-5b9e-4341-847d-b1a4607c1ce4,implement,3,implement,unassigned,,2026-09-24T07:46:37.175Z,,
activation:81840c5c-5052-4a32-a443-213d9f1d5df2:9760d356-1bf8-4217-bba0-245682e5a44b:qa:3,81840c5c-5052-4a32-a443-213d9f1d5df2,9760d356-1bf8-4217-bba0-245682e5a44b,qa,3,qa,unassigned,,2026-09-24T07:46:41.641Z,2026-09-24T08:02:45.626Z,done
activation:bc3bb5bb-7016-4d1f-845d-5f146bb06fa9:35635a28-1d2b-47fd-987f-e77ec6a664dc:implement:2,bc3bb5bb-7016-4d1f-845d-5f146bb06fa9,35635a28-1d2b-47fd-987f-e77ec6a664dc,implement,2,implement,unassigned,,2026-09-24T07:46:48.071Z,,
activation:9565cabe-062b-43a9-bff4-0ca42b9e7eb6:be388028-7bcd-428d-a4bc-768ee5cbb9f9:implement:1,9565cabe-062b-43a9-bff4-0ca42b9e7eb6,be388028-7bcd-428d-a4bc-768ee5cbb9f9,implement,1,implement,unassigned,,2026-09-24T07:53:56.790Z,2026-09-24T09:57:04.495Z,done
activation:9c5bc88c-d76f-46a9-b6eb-98efc217b31b:90e86d55-8061-40fd-b640-07a6de4a09e2:implement:1,9c5bc88c-d76f-46a9-b6eb-98efc217b31b,90e86d55-8061-40fd-b640-07a6de4a09e2,implement,1,implement,unassigned,,2026-09-24T07:54:00.540Z,2026-09-24T09:28:11.394Z,done
activation:837d6e85-f52b-4d23-93f7-67a9f15fcf44:f8ac913d-a9dc-4e8c-875b-7bb155c1b258:implement:1,837d6e85-f52b-4d23-93f7-67a9f15fcf44,f8ac913d-a9dc-4e8c-875b-7bb155c1b258,implement,1,implement,unassigned,,2026-09-24T07:54:04.738Z,2026-09-24T10:35:41.620Z,done
activation:6520c919-ded0-46e6-bfa5-76bba81770c6:ab5dd282-431b-4006-afc3-7ed1220f794e:implement:1,6520c919-ded0-46e6-bfa5-76bba81770c6,ab5dd282-431b-4006-afc3-7ed1220f794e,implement,1,implement,unassigned,,2026-09-24T07:54:08.644Z,2026-09-24T08:57:45.494Z,done
activation:645a3383-2ccc-435d-90bf-ddeb5d6ac9eb:3e1394b1-80d4-4cbc-9868-9f1fe4ffa716:implement:1,645a3383-2ccc-435d-90bf-ddeb5d6ac9eb,3e1394b1-80d4-4cbc-9868-9f1fe4ffa716,implement,1,implement,unassigned,,2026-09-24T07:54:12.778Z,2026-09-24T10:09:37.450Z,done
activation:b224d252-30d2-4d13-b597-9663ea25de43:9760d356-1bf8-4217-bba0-245682e5a44b:implement:4,b224d252-30d2-4d13-b597-9663ea25de43,9760d356-1bf8-4217-bba0-245682e5a44b,implement,4,implement,unassigned,,2026-09-24T08:02:46.267Z,2026-09-24T08:46:54.350Z,done
activation:45e987fa-8d8f-410e-b1c1-0df5d9ccd650:d9e27cf5-3392-49c7-af3e-4bf623f29a01:qa:3,45e987fa-8d8f-410e-b1c1-0df5d9ccd650,d9e27cf5-3392-49c7-af3e-4bf623f29a01,qa,3,qa,unassigned,,2026-09-24T08:03:58.146Z,2026-09-24T08:52:03.202Z,done
activation:rework:287021f6cc727d56b37f3845ecf08f4feec6e76b4cd6ceee96a6e1a89cb44264,81840c5c-5052-4a32-a443-213d9f1d5df2,9760d356-1bf8-4217-bba0-245682e5a44b,qa,4,qa,unassigned,,2026-09-24T08:46:54.741Z,2026-09-24T09:39:30.080Z,done
activation:1acfc193-ac77-4816-b8cb-0b9fd1283898:ab5dd282-431b-4006-afc3-7ed1220f794e:qa:1,1acfc193-ac77-4816-b8cb-0b9fd1283898,ab5dd282-431b-4006-afc3-7ed1220f794e,qa,1,qa,unassigned,,2026-09-24T08:57:46.421Z,2026-09-24T10:51:00.030Z,done
activation:78b25b52-09dc-4133-ac63-1bc7b059e74f:90e86d55-8061-40fd-b640-07a6de4a09e2:qa:1,78b25b52-09dc-4133-ac63-1bc7b059e74f,90e86d55-8061-40fd-b640-07a6de4a09e2,qa,1,qa,unassigned,,2026-09-24T09:28:11.461Z,2026-09-24T10:01:48.334Z,done
activation:rework:cfba5c2f6ca844af9d8302ea14ab85a05333889143b04acd8a9313f2ed5f607e,b224d252-30d2-4d13-b597-9663ea25de43,9760d356-1bf8-4217-bba0-245682e5a44b,implement,5,implement,unassigned,,2026-09-24T09:39:30.816Z,,
activation:92f80de7-baa5-472c-ac50-7439fac30875:be388028-7bcd-428d-a4bc-768ee5cbb9f9:qa:1,92f80de7-baa5-472c-ac50-7439fac30875,be388028-7bcd-428d-a4bc-768ee5cbb9f9,qa,1,qa,unassigned,,2026-09-24T09:57:05.382Z,2026-09-24T11:31:58.663Z,done
activation:rework:783150ee6aa213e1a1b26faf0956965c9c77facfccdebaae64ebcbd84fe3ff14,9c5bc88c-d76f-46a9-b6eb-98efc217b31b,90e86d55-8061-40fd-b640-07a6de4a09e2,implement,2,implement,unassigned,,2026-09-24T10:01:48.685Z,2026-09-24T10:16:44.166Z,done
activation:ec0fcf8a-4ef5-4290-9646-e90d724ed544:3e1394b1-80d4-4cbc-9868-9f1fe4ffa716:qa:1,ec0fcf8a-4ef5-4290-9646-e90d724ed544,3e1394b1-80d4-4cbc-9868-9f1fe4ffa716,qa,1,qa,unassigned,,2026-09-24T10:09:37.741Z,2026-09-24T10:31:27.952Z,done
activation:rework:f133fbd6f608eeefee8dbab1516833620438d915ab2a025b3679003a8ef1f5b1,78b25b52-09dc-4133-ac63-1bc7b059e74f,90e86d55-8061-40fd-b640-07a6de4a09e2,qa,2,qa,unassigned,,2026-09-24T10:16:44.752Z,2026-09-24T10:34:38.946Z,done
activation:rework:8d9586ab9998ae27d4a508cb8a1e871694d29a6e0e03812db7506fac01b87403,645a3383-2ccc-435d-90bf-ddeb5d6ac9eb,3e1394b1-80d4-4cbc-9868-9f1fe4ffa716,implement,2,implement,unassigned,,2026-09-24T10:31:28.777Z,2026-09-24T11:02:56.468Z,done
activation:b977f664-01a7-46b8-8ad9-0951adf06d6c:7319fcce-5025-4860-90e9-da2234b3573d:implement:1,b977f664-01a7-46b8-8ad9-0951adf06d6c,7319fcce-5025-4860-90e9-da2234b3573d,implement,1,implement,unassigned,,2026-09-24T10:32:30.273Z,2026-09-24T10:36:53.064Z,done
activation:5c7d61d2-6881-4818-9b0a-94a81896e6bc:f8ac913d-a9dc-4e8c-875b-7bb155c1b258:qa:1,5c7d61d2-6881-4818-9b0a-94a81896e6bc,f8ac913d-a9dc-4e8c-875b-7bb155c1b258,qa,1,qa,unassigned,,2026-09-24T10:35:42.546Z,2026-09-24T10:57:05.538Z,done
activation:705d34cd-74cd-47b5-9c6e-9a37e5979cc1:7319fcce-5025-4860-90e9-da2234b3573d:qa:1,705d34cd-74cd-47b5-9c6e-9a37e5979cc1,7319fcce-5025-4860-90e9-da2234b3573d,qa,1,qa,unassigned,,2026-09-24T10:36:53.735Z,2026-09-24T11:31:55.483Z,done
activation:rework:35d4d224a66001959ecaae1e11465c404d3f10b14b63fe811ee7342134701316,6520c919-ded0-46e6-bfa5-76bba81770c6,ab5dd282-431b-4006-afc3-7ed1220f794e,implement,2,implement,unassigned,,2026-09-24T10:51:00.734Z,,
activation:rework:1baeb8427cd00cf90894b44f1250d23d0f4b733e6d20c3d58d4a64ce6abe4369,837d6e85-f52b-4d23-93f7-67a9f15fcf44,f8ac913d-a9dc-4e8c-875b-7bb155c1b258,implement,2,implement,unassigned,,2026-09-24T10:57:05.989Z,,
activation:rework:1e2d2f71dda85b2552ee3e1e826a605cbbd3c32016134f89bfb0c29b6dd3a0ec,ec0fcf8a-4ef5-4290-9646-e90d724ed544,3e1394b1-80d4-4cbc-9868-9f1fe4ffa716,qa,2,qa,unassigned,,2026-09-24T11:02:57.349Z,2026-09-24T11:56:27.912Z,done
activation:rework:c81039ab3b9ef46275be141ae58d9daadbb25e1b6e1329534ec3b77c83be39d2,b977f664-01a7-46b8-8ad9-0951adf06d6c,7319fcce-5025-4860-90e9-da2234b3573d,implement,2,implement,unassigned,,2026-09-24T11:31:56.216Z,,
activation:rework:97cf6f4ff53b444ef4efbed9a50fecde0e1efae7c2d6fe486937e15db92c742c,9565cabe-062b-43a9-bff4-0ca42b9e7eb6,be388028-7bcd-428d-a4bc-768ee5cbb9f9,implement,2,implement,unassigned,,2026-09-24T11:31:59.249Z,2026-09-24T14:34:45.400Z,done
activation:c3ec4a52-f4b7-4f4b-a01f-0a6599652af3:f3ff962e-87c7-488d-9669-6864a1e66957:implement:1,c3ec4a52-f4b7-4f4b-a01f-0a6599652af3,f3ff962e-87c7-488d-9669-6864a1e66957,implement,1,implement,unassigned,,2026-09-24T11:43:47.418Z,2026-09-24T11:46:29.864Z,done
activation:036130e1-1ce8-4b76-9720-df3999675349:f3ff962e-87c7-488d-9669-6864a1e66957:qa:1,036130e1-1ce8-4b76-9720-df3999675349,f3ff962e-87c7-488d-9669-6864a1e66957,qa,1,qa,unassigned,,2026-09-24T11:46:30.462Z,2026-09-24T12:12:24.690Z,done
activation:rework:afe44560ba99e3c7e6186deee7b67c5966f9428fdd6a5a35339a53174aae5ca6,645a3383-2ccc-435d-90bf-ddeb5d6ac9eb,3e1394b1-80d4-4cbc-9868-9f1fe4ffa716,implement,3,implement,unassigned,,2026-09-24T11:56:28.767Z,,
activation:rework:8947fb8c01d27117c345e265224e538d3aafd78faff12167928904c0c931a6ec,c3ec4a52-f4b7-4f4b-a01f-0a6599652af3,f3ff962e-87c7-488d-9669-6864a1e66957,implement,2,implement,unassigned,,2026-09-24T12:12:25.282Z,,
activation:748f3c9e-91c6-4fcf-b9d0-075935fdb430:786f0094-0466-4f9c-bd0d-1d8e8a083747:implement:1,748f3c9e-91c6-4fcf-b9d0-075935fdb430,786f0094-0466-4f9c-bd0d-1d8e8a083747,implement,1,implement,unassigned,,2026-09-24T12:16:37.949Z,,
activation:45c8187a-0cee-43a3-8574-24c626a53a1e:533ba1e1-bc5e-47ba-82bf-f3115b1a1625:implement:1,45c8187a-0cee-43a3-8574-24c626a53a1e,533ba1e1-bc5e-47ba-82bf-f3115b1a1625,implement,1,implement,unassigned,,2026-09-24T12:23:49.222Z,2026-09-24T12:27:01.508Z,done
activation:8ae14ad9-f743-4ec1-a49c-0961c95fbd1c:533ba1e1-bc5e-47ba-82bf-f3115b1a1625:qa:1,8ae14ad9-f743-4ec1-a49c-0961c95fbd1c,533ba1e1-bc5e-47ba-82bf-f3115b1a1625,qa,1,qa,unassigned,,2026-09-24T12:27:01.812Z,2026-09-24T13:28:21.945Z,done
activation:85e04f61-9ec9-4a90-ac0d-650908d58e8e:4079b623-5e51-4f4b-81c8-f928c50c494a:implement:1,85e04f61-9ec9-4a90-ac0d-650908d58e8e,4079b623-5e51-4f4b-81c8-f928c50c494a,implement,1,implement,unassigned,,2026-09-24T12:27:19.387Z,2026-09-24T12:30:08.680Z,done
activation:517d3de4-1f33-473f-bb1a-e7ae3c24efc6:4079b623-5e51-4f4b-81c8-f928c50c494a:qa:1,517d3de4-1f33-473f-bb1a-e7ae3c24efc6,4079b623-5e51-4f4b-81c8-f928c50c494a,qa,1,qa,unassigned,,2026-09-24T12:30:09.570Z,2026-09-24T14:13:47.558Z,done
activation:rework:2e9094ad6bcdabc9aa90562f305cc540d96f0799b43a4d707ddd4382b70dc60f,45c8187a-0cee-43a3-8574-24c626a53a1e,533ba1e1-bc5e-47ba-82bf-f3115b1a1625,implement,2,implement,unassigned,,2026-09-24T13:28:22.699Z,,
activation:d6aadc9a-d214-4218-a2a4-3f5f0a74c1a1:71a3626b-2878-41da-826e-b8bdf7b0f2ad:implement:1,d6aadc9a-d214-4218-a2a4-3f5f0a74c1a1,71a3626b-2878-41da-826e-b8bdf7b0f2ad,implement,1,implement,unassigned,,2026-09-24T14:04:44.153Z,2026-09-24T14:06:50.764Z,done
activation:c40e2bd1-7e20-460a-bea3-7ac79a2a3efd:71a3626b-2878-41da-826e-b8bdf7b0f2ad:qa:1,c40e2bd1-7e20-460a-bea3-7ac79a2a3efd,71a3626b-2878-41da-826e-b8bdf7b0f2ad,qa,1,qa,unassigned,,2026-09-24T14:06:51.344Z,2026-09-24T14:40:59.260Z,done
activation:rework:7b4ec0f29f77de5e7150a3e522234a90ddc42b591d3dd67b3917cf262f863c0a,85e04f61-9ec9-4a90-ac0d-650908d58e8e,4079b623-5e51-4f4b-81c8-f928c50c494a,implement,2,implement,unassigned,,2026-09-24T14:13:48.391Z,,
activation:ce4206e6-0be1-45cd-98d8-3fb9c1804737:fcdd8fc0-1c5a-492f-93ce-250874a37321:implement:1,ce4206e6-0be1-45cd-98d8-3fb9c1804737,fcdd8fc0-1c5a-492f-93ce-250874a37321,implement,1,implement,unassigned,,2026-09-24T14:19:19.496Z,2026-09-24T14:24:00.751Z,done
activation:22829243-b6bb-4160-87f6-306e21d0c49a:fcdd8fc0-1c5a-492f-93ce-250874a37321:qa:1,22829243-b6bb-4160-87f6-306e21d0c49a,fcdd8fc0-1c5a-492f-93ce-250874a37321,qa,1,qa,unassigned,,2026-09-24T14:24:01.423Z,2026-09-24T15:00:06.647Z,done
activation:rework:a43b36e01c708c9ea66e1a8b79743bb51b1077aa5be5401e65df4568ca7da092,92f80de7-baa5-472c-ac50-7439fac30875,be388028-7bcd-428d-a4bc-768ee5cbb9f9,qa,2,qa,unassigned,,2026-09-24T14:34:46.107Z,2026-09-24T16:31:00.799Z,done
activation:rework:c0fef5232f8691d19f717328b3c081d090686a5527db9a25b1b0fc0e463a1474,d6aadc9a-d214-4218-a2a4-3f5f0a74c1a1,71a3626b-2878-41da-826e-b8bdf7b0f2ad,implement,2,implement,unassigned,,2026-09-24T14:41:00.161Z,,
activation:dce17f32-451c-4265-b3d0-801e624fc792:8e34afec-6c93-490d-99a2-a0088b326e57:implement:1,dce17f32-451c-4265-b3d0-801e624fc792,8e34afec-6c93-490d-99a2-a0088b326e57,implement,1,implement,unassigned,,2026-09-24T14:47:31.696Z,2026-09-24T14:50:28.521Z,done
activation:7646d901-e2b0-4745-8a68-459034aa0411:8e34afec-6c93-490d-99a2-a0088b326e57:qa:1,7646d901-e2b0-4745-8a68-459034aa0411,8e34afec-6c93-490d-99a2-a0088b326e57,qa,1,qa,unassigned,,2026-09-24T14:50:29.130Z,2026-09-24T15:31:37.980Z,done
activation:rework:63097c2662636d7622a48e59949a3a889198a94737c013294b70d5e9671ae072,ce4206e6-0be1-45cd-98d8-3fb9c1804737,fcdd8fc0-1c5a-492f-93ce-250874a37321,implement,2,implement,unassigned,,2026-09-24T15:00:07.622Z,,
activation:a43a6880-5207-41c9-a3c5-7523fb24d0f7:2d211ed0-adc7-4086-ab30-93b048caf040:implement:1,a43a6880-5207-41c9-a3c5-7523fb24d0f7,2d211ed0-adc7-4086-ab30-93b048caf040,implement,1,implement,unassigned,,2026-09-24T15:09:07.109Z,2026-09-24T15:11:32.865Z,done
activation:d524fd8f-b210-43a0-a735-ea543afc90ed:2d211ed0-adc7-4086-ab30-93b048caf040:qa:1,d524fd8f-b210-43a0-a735-ea543afc90ed,2d211ed0-adc7-4086-ab30-93b048caf040,qa,1,qa,unassigned,,2026-09-24T15:11:33.181Z,2026-09-24T15:53:00.594Z,done
activation:7c91f9fb-9720-45e5-b046-0b1162606cf7:fac0dd47-6397-4d7b-beb6-ad242492dc79:implement:1,7c91f9fb-9720-45e5-b046-0b1162606cf7,fac0dd47-6397-4d7b-beb6-ad242492dc79,implement,1,implement,unassigned,,2026-09-24T15:18:36.599Z,2026-09-24T15:19:42.809Z,done
activation:763a0587-4965-42a6-b22f-52db96dafde6:fac0dd47-6397-4d7b-beb6-ad242492dc79:qa:1,763a0587-4965-42a6-b22f-52db96dafde6,fac0dd47-6397-4d7b-beb6-ad242492dc79,qa,1,qa,unassigned,,2026-09-24T15:19:43.820Z,2026-09-24T16:47:41.235Z,done
activation:rework:eb88b9cb36981ce2260db900a8d1bee3c0e4aa2a31ac3718e264bf8c1589e54d,dce17f32-451c-4265-b3d0-801e624fc792,8e34afec-6c93-490d-99a2-a0088b326e57,implement,2,implement,unassigned,,2026-09-24T15:31:38.386Z,,
activation:b15a5b84-2c76-43bb-a436-21fc4d0a9f24:37b0cd13-9ff2-445f-ab31-0d5dfc742b13:implement:1,b15a5b84-2c76-43bb-a436-21fc4d0a9f24,37b0cd13-9ff2-445f-ab31-0d5dfc742b13,implement,1,implement,unassigned,,2026-09-24T15:51:19.432Z,2026-09-24T15:57:16.896Z,done
activation:rework:fcd0502ea792df8de97548b468f6ce21297115cd84b7ab371d3ff61c31bff03a,a43a6880-5207-41c9-a3c5-7523fb24d0f7,2d211ed0-adc7-4086-ab30-93b048caf040,implement,2,implement,unassigned,,2026-09-24T15:53:00.807Z,,
activation:46b84a84-a1cb-474c-9c11-e51892b8618b:37b0cd13-9ff2-445f-ab31-0d5dfc742b13:qa:1,46b84a84-a1cb-474c-9c11-e51892b8618b,37b0cd13-9ff2-445f-ab31-0d5dfc742b13,qa,1,qa,unassigned,,2026-09-24T15:57:17.226Z,2026-09-24T16:39:54.988Z,done
activation:ab10f3f7-18d1-4a33-ab47-75be53369eb3:7b4f9a8c-4aad-4725-928e-ef430c132f69:implement:1,ab10f3f7-18d1-4a33-ab47-75be53369eb3,7b4f9a8c-4aad-4725-928e-ef430c132f69,implement,1,implement,unassigned,,2026-09-24T16:04:49.327Z,2026-09-24T16:06:47.856Z,done
activation:259c0890-b9ff-4496-8d22-c1169951fab7:7b4f9a8c-4aad-4725-928e-ef430c132f69:qa:1,259c0890-b9ff-4496-8d22-c1169951fab7,7b4f9a8c-4aad-4725-928e-ef430c132f69,qa,1,qa,unassigned,,2026-09-24T16:06:48.839Z,2026-09-24T16:14:06.852Z,done
activation:9cf1770e-34dd-405c-aa22-a652711e40fe:3b06c51e-cf86-4dce-9f19-d412d3ad6068:implement:1,9cf1770e-34dd-405c-aa22-a652711e40fe,3b06c51e-cf86-4dce-9f19-d412d3ad6068,implement,1,implement,unassigned,,2026-09-24T16:09:03.753Z,2026-09-24T16:15:14.139Z,done
activation:53fef134-d18e-4477-8c64-8aff7ae4f88f:3b06c51e-cf86-4dce-9f19-d412d3ad6068:qa:1,53fef134-d18e-4477-8c64-8aff7ae4f88f,3b06c51e-cf86-4dce-9f19-d412d3ad6068,qa,1,qa,unassigned,,2026-09-24T16:15:15.059Z,2026-09-24T17:52:09.210Z,done
activation:rework:8dae5b319e5c446ac48b4fcf27301cdc2d151caa2840bb71b6ab896a4df6461c,9565cabe-062b-43a9-bff4-0ca42b9e7eb6,be388028-7bcd-428d-a4bc-768ee5cbb9f9,implement,3,implement,unassigned,,2026-09-24T16:31:13.213Z,,
activation:0b64f42a-7cb1-48b2-8e92-e53b935b951d:7b4f9a8c-4aad-4725-928e-ef430c132f69:implement:2,0b64f42a-7cb1-48b2-8e92-e53b935b951d,7b4f9a8c-4aad-4725-928e-ef430c132f69,implement,2,implement,unassigned,,2026-09-24T16:31:13.372Z,2026-09-24T17:09:50.208Z,done
activation:88fe6721-6e51-4704-ba38-ed1bcef76ca9:5bbad7fb-5eeb-4d95-acb3-935be82deb53:implement:1,88fe6721-6e51-4704-ba38-ed1bcef76ca9,5bbad7fb-5eeb-4d95-acb3-935be82deb53,implement,1,implement,unassigned,,2026-09-24T16:34:11.520Z,2026-09-24T16:37:25.203Z,done
activation:71f30da8-0e54-4891-8f49-3094504bfbd2:5bbad7fb-5eeb-4d95-acb3-935be82deb53:qa:1,71f30da8-0e54-4891-8f49-3094504bfbd2,5bbad7fb-5eeb-4d95-acb3-935be82deb53,qa,1,qa,unassigned,,2026-09-24T16:37:25.532Z,2026-09-24T16:41:41.450Z,done
activation:rework:a3a4801103ddf30fac1c8db124869f046eb8c896542d053153247c685acb2644,b15a5b84-2c76-43bb-a436-21fc4d0a9f24,37b0cd13-9ff2-445f-ab31-0d5dfc742b13,implement,2,implement,unassigned,,2026-09-24T16:39:55.698Z,2026-09-24T17:45:31.374Z,done
activation:rework:4e25a54d2f4354e2ed8d6b4ae2494ba39b70fefb61030ab239fc1310fa36d972,7c91f9fb-9720-45e5-b046-0b1162606cf7,fac0dd47-6397-4d7b-beb6-ad242492dc79,implement,2,implement,unassigned,,2026-09-24T16:47:42.173Z,,
activation:00b1a84a-2e53-4523-a2c0-9d4f4f918070:cccc3d08-f798-499c-90e6-7d87220d39b6:implement:1,00b1a84a-2e53-4523-a2c0-9d4f4f918070,cccc3d08-f798-499c-90e6-7d87220d39b6,implement,1,implement,unassigned,,2026-09-24T16:55:26.887Z,,
activation:rework:4de32dbc9d26a1bbe235cc2654f23c4c6aef916dca000516f7fae4ea035dd0b1,259c0890-b9ff-4496-8d22-c1169951fab7,7b4f9a8c-4aad-4725-928e-ef430c132f69,qa,2,qa,unassigned,,2026-09-24T17:09:50.270Z,2026-09-24T17:19:21.504Z,done
activation:rework:1b1407998448dbcdf7275a6c2eb75e77c0811f374f2c96a61112e30096bf5768,0b64f42a-7cb1-48b2-8e92-e53b935b951d,7b4f9a8c-4aad-4725-928e-ef430c132f69,implement,3,implement,unassigned,,2026-09-24T17:19:22.427Z,,
activation:69688dac-f5b1-4102-bc66-318cf27ba4eb:39755784-e421-4c1a-8195-9a16f54dc0d1:implement:1,69688dac-f5b1-4102-bc66-318cf27ba4eb,39755784-e421-4c1a-8195-9a16f54dc0d1,implement,1,implement,unassigned,,2026-09-24T17:26:16.639Z,2026-09-24T17:29:16.668Z,done
activation:ed46aa1b-bce9-4f38-a160-b12c119d1f5e:39755784-e421-4c1a-8195-9a16f54dc0d1:qa:1,ed46aa1b-bce9-4f38-a160-b12c119d1f5e,39755784-e421-4c1a-8195-9a16f54dc0d1,qa,1,qa,unassigned,,2026-09-24T17:29:17.696Z,2026-09-24T18:06:16.124Z,done
activation:a9df2a66-b0d9-4047-8c62-22c167721888:f13e644b-b171-47db-97f6-b8173a379731:implement:1,a9df2a66-b0d9-4047-8c62-22c167721888,f13e644b-b171-47db-97f6-b8173a379731,implement,1,implement,unassigned,,2026-09-24T17:30:43.705Z,2026-09-24T17:33:50.245Z,done
activation:f3574edc-c43f-4f48-8b6c-7ea29e3a3ad2:438b1a33-dd9e-48bf-89cf-78db09b798f0:implement:1,f3574edc-c43f-4f48-8b6c-7ea29e3a3ad2,438b1a33-dd9e-48bf-89cf-78db09b798f0,implement,1,implement,unassigned,,2026-09-24T17:32:19.681Z,2026-09-24T17:33:12.820Z,done
activation:dc3111e5-6673-4a2c-86b9-0c89e5a2c841:438b1a33-dd9e-48bf-89cf-78db09b798f0:qa:1,dc3111e5-6673-4a2c-86b9-0c89e5a2c841,438b1a33-dd9e-48bf-89cf-78db09b798f0,qa,1,qa,unassigned,,2026-09-24T17:33:13.461Z,2026-09-24T18:11:32.380Z,done
activation:fb1b9fdc-9c93-4686-a039-227abf36b52a:f13e644b-b171-47db-97f6-b8173a379731:qa:1,fb1b9fdc-9c93-4686-a039-227abf36b52a,f13e644b-b171-47db-97f6-b8173a379731,qa,1,qa,unassigned,,2026-09-24T17:33:50.560Z,2026-09-24T17:53:24.850Z,done
activation:771d3bfa-cc7a-4292-bb0e-63d1fdc831d5:5bbad7fb-5eeb-4d95-acb3-935be82deb53:implement:2,771d3bfa-cc7a-4292-bb0e-63d1fdc831d5,5bbad7fb-5eeb-4d95-acb3-935be82deb53,implement,2,implement,unassigned,,2026-09-24T17:36:26.317Z,2026-09-24T18:51:14.329Z,done
activation:rework:58f889ea0736e91aea80bd0f15213c7468c0bade4ad4b2dad2cd56fe60de8512,46b84a84-a1cb-474c-9c11-e51892b8618b,37b0cd13-9ff2-445f-ab31-0d5dfc742b13,qa,2,qa,unassigned,,2026-09-24T17:45:31.744Z,2026-09-24T18:46:17.565Z,done
activation:rework:2c615efe23ea88867856e5f884dfe004d141a80d7101763e0593f402768d024b,a9df2a66-b0d9-4047-8c62-22c167721888,f13e644b-b171-47db-97f6-b8173a379731,implement,2,implement,unassigned,,2026-09-24T17:53:25.700Z,,
activation:rework:59b5902454f0ed50c81f1227e11aa11e144f6fddd4eade2466e790b1c628ce46,f3574edc-c43f-4f48-8b6c-7ea29e3a3ad2,438b1a33-dd9e-48bf-89cf-78db09b798f0,implement,2,implement,unassigned,,2026-09-24T18:11:33.353Z,,
activation:2e9caed0-a388-414d-8d22-3827a02b4cfe:6f37ac94-833b-488f-b74b-8d023c061f31:implement:1,2e9caed0-a388-414d-8d22-3827a02b4cfe,6f37ac94-833b-488f-b74b-8d023c061f31,implement,1,implement,unassigned,,2026-09-24T18:37:44.611Z,2026-09-24T18:41:25.331Z,done
activation:40235e26-7a25-4c19-9788-df11a59183b0:6f37ac94-833b-488f-b74b-8d023c061f31:qa:1,40235e26-7a25-4c19-9788-df11a59183b0,6f37ac94-833b-488f-b74b-8d023c061f31,qa,1,qa,unassigned,,2026-09-24T18:41:25.846Z,2026-09-25T01:38:17.400Z,replaced
activation:rework:595bd193aeb2f65e5db1b990c5df7bb7d69c8e0bfe7af3fc92a355dac6beafeb,71f30da8-0e54-4891-8f49-3094504bfbd2,5bbad7fb-5eeb-4d95-acb3-935be82deb53,qa,2,qa,unassigned,,2026-09-24T18:51:14.547Z,2026-09-24T21:57:16.299Z,done
activation:18289cf2-0a22-4c55-af1a-f0cea112a9b8:3b06c51e-cf86-4dce-9f19-d412d3ad6068:implement:2,18289cf2-0a22-4c55-af1a-f0cea112a9b8,3b06c51e-cf86-4dce-9f19-d412d3ad6068,implement,2,implement,unassigned,,2026-09-24T18:55:16.076Z,2026-09-24T19:03:30.688Z,replaced
activation:53af42ab-b1c2-4770-8d02-1374a36446c0:9054a9ec-9b70-40ef-a30b-818a9ccf68af:implement:1,53af42ab-b1c2-4770-8d02-1374a36446c0,9054a9ec-9b70-40ef-a30b-818a9ccf68af,implement,1,implement,unassigned,,2026-09-24T18:58:50.216Z,2026-09-24T19:03:06.246Z,done
activation:a46bfcb3-7e0c-465e-a473-ec50909149a5:9054a9ec-9b70-40ef-a30b-818a9ccf68af:qa:1,a46bfcb3-7e0c-465e-a473-ec50909149a5,9054a9ec-9b70-40ef-a30b-818a9ccf68af,qa,1,qa,unassigned,,2026-09-24T19:25:51.101Z,2026-09-24T20:16:24.940Z,done
activation:0c7fb517-3464-4f6a-b48c-669385e70d1b:3b06c51e-cf86-4dce-9f19-d412d3ad6068:implement:2,0c7fb517-3464-4f6a-b48c-669385e70d1b,3b06c51e-cf86-4dce-9f19-d412d3ad6068,implement,2,implement,unassigned,,2026-09-24T19:25:59.963Z,2026-09-24T19:49:52.806Z,done
activation:rework:59cbbf29cc093f5fd229d63bee998f6975724c029a97341434056d35233c0d14,b15a5b84-2c76-43bb-a436-21fc4d0a9f24,37b0cd13-9ff2-445f-ab31-0d5dfc742b13,implement,3,implement,unassigned,,2026-09-24T19:27:32.763Z,,
activation:6615017e-0ac1-4b05-a11a-4919f764fe0f:a7ea7fa2-610e-4940-b02c-511554f7d895:implement:1,6615017e-0ac1-4b05-a11a-4919f764fe0f,a7ea7fa2-610e-4940-b02c-511554f7d895,implement,1,implement,unassigned,,2026-09-24T19:28:18.144Z,2026-09-24T20:42:14.992Z,done
activation:a29f0f6e-99e7-4754-a559-3f58c25c84ed:2d648474-3fad-45aa-a992-f3ae8c808c47:implement:1,a29f0f6e-99e7-4754-a559-3f58c25c84ed,2d648474-3fad-45aa-a992-f3ae8c808c47,implement,1,implement,unassigned,,2026-09-24T19:39:08.876Z,2026-09-24T19:56:39.933Z,done
activation:rework:247cad864a91c90898b465ce8ef144b37be5c56da1e23a47c65f02c96a36a5ed,53fef134-d18e-4477-8c64-8aff7ae4f88f,3b06c51e-cf86-4dce-9f19-d412d3ad6068,qa,2,qa,unassigned,,2026-09-24T19:49:53.648Z,2026-09-24T19:58:20.749Z,done
activation:c06a2bac-9d37-418c-9466-c3366838eeba:2d648474-3fad-45aa-a992-f3ae8c808c47:qa:1,c06a2bac-9d37-418c-9466-c3366838eeba,2d648474-3fad-45aa-a992-f3ae8c808c47,qa,1,qa,unassigned,,2026-09-24T19:56:40.425Z,2026-09-24T20:19:22.734Z,done
activation:rework:afc6005b54de94dcddd14d3dedea2eda7e74e34661bf9058901d661518bf2894,0c7fb517-3464-4f6a-b48c-669385e70d1b,3b06c51e-cf86-4dce-9f19-d412d3ad6068,implement,3,implement,unassigned,,2026-09-24T20:24:34.054Z,2026-09-24T20:38:13.893Z,done
activation:rework:e70dd926fb1ba9d9a1acbf60d6268fb0d3ebfbb0124c67301e7cffa91d8fd3bf,53fef134-d18e-4477-8c64-8aff7ae4f88f,3b06c51e-cf86-4dce-9f19-d412d3ad6068,qa,3,qa,unassigned,,2026-09-24T20:38:14.220Z,2026-09-24T20:49:41.335Z,done
activation:70277118-7815-4dbe-bd94-f105da07a6c3:a7ea7fa2-610e-4940-b02c-511554f7d895:qa:1,70277118-7815-4dbe-bd94-f105da07a6c3,a7ea7fa2-610e-4940-b02c-511554f7d895,qa,1,qa,unassigned,,2026-09-24T20:42:15.379Z,2026-09-24T23:18:34.447Z,done
activation:rework:a7c6f47ad46b3d5f8848c06ba1c2e3342d4c0648a3581da06bb58c2fae10d0f9,0c7fb517-3464-4f6a-b48c-669385e70d1b,3b06c51e-cf86-4dce-9f19-d412d3ad6068,implement,4,implement,unassigned,,2026-09-24T21:42:27.548Z,,
activation:rework:d613496b1087fe51838e078986e0522f27a810bddf0cf1b21da643c4296bffb3,771d3bfa-cc7a-4292-bb0e-63d1fdc831d5,5bbad7fb-5eeb-4d95-acb3-935be82deb53,implement,3,implement,unassigned,,2026-09-24T21:57:16.855Z,,
activation:c1db8d2e-5c21-456c-8d35-1ae5bd884d8f:5bbad7fb-5eeb-4d95-acb3-935be82deb53:implement:3,c1db8d2e-5c21-456c-8d35-1ae5bd884d8f,5bbad7fb-5eeb-4d95-acb3-935be82deb53,implement,3,implement,unassigned,,2026-09-24T21:57:17.142Z,2026-09-24T23:13:18.223Z,done
activation:5602a499-35d0-4a07-b7e4-c0f46c0b17ce:2d648474-3fad-45aa-a992-f3ae8c808c47:implement:2,5602a499-35d0-4a07-b7e4-c0f46c0b17ce,2d648474-3fad-45aa-a992-f3ae8c808c47,implement,2,implement,unassigned,,2026-09-24T22:58:05.298Z,2026-09-25T00:01:29.663Z,done
activation:151082ac-0f23-4444-9c9c-ac401b8fd8a9:9054a9ec-9b70-40ef-a30b-818a9ccf68af:implement:2,151082ac-0f23-4444-9c9c-ac401b8fd8a9,9054a9ec-9b70-40ef-a30b-818a9ccf68af,implement,2,implement,unassigned,,2026-09-24T23:02:03.918Z,,
activation:e5017f34-787e-424b-ae5d-65f25fec88e8:c73c8847-ea86-4851-864f-c8f5a1a425eb:implement:1,e5017f34-787e-424b-ae5d-65f25fec88e8,c73c8847-ea86-4851-864f-c8f5a1a425eb,implement,1,implement,unassigned,,2026-09-24T23:03:17.185Z,2026-09-24T23:03:50.651Z,done
activation:7eb0a6d9-c80c-418f-ab9c-8851ef8e9167:c73c8847-ea86-4851-864f-c8f5a1a425eb:qa:1,7eb0a6d9-c80c-418f-ab9c-8851ef8e9167,c73c8847-ea86-4851-864f-c8f5a1a425eb,qa,1,qa,unassigned,,2026-09-24T23:03:51.325Z,2026-09-25T00:30:42.059Z,done
activation:rework:cf8369012a55ed1681a1058d2de7ceff2d5836ca4fb8b0c0317994ee0be502cb,71f30da8-0e54-4891-8f49-3094504bfbd2,5bbad7fb-5eeb-4d95-acb3-935be82deb53,qa,3,qa,unassigned,,2026-09-24T23:13:18.946Z,2026-09-24T23:33:57.754Z,done
activation:345c96d6-bf98-4584-bdd0-4173caf5e50f:1a7f423f-bedf-4184-9c12-8af305b3441d:implement:1,345c96d6-bf98-4584-bdd0-4173caf5e50f,1a7f423f-bedf-4184-9c12-8af305b3441d,implement,1,implement,assigned,impl_opus,2026-09-24T23:15:43.422Z,2026-09-25T00:29:50.287Z,done
activation:c675e1b0-6abf-47cb-9120-6c504a110a93:4c2704d4-c2f8-4336-a640-d9558e419049:general:1,c675e1b0-6abf-47cb-9120-6c504a110a93,4c2704d4-c2f8-4336-a640-d9558e419049,general,1,unassigned,unassigned,,2026-09-24T23:16:47.159Z,2026-09-25T00:02:43.588Z,done
activation:be23e304-c55e-4e0a-abed-202a9660a87b:17b8e451-b9a3-4e7b-845e-1708a14214df:general:1,be23e304-c55e-4e0a-abed-202a9660a87b,17b8e451-b9a3-4e7b-845e-1708a14214df,general,1,unassigned,unassigned,,2026-09-24T23:17:10.025Z,2026-09-25T00:09:24.110Z,done
activation:rework:c05a00db7012decfa37fee79cd6ce5e365009949422e501ca5630ece882b23af,6615017e-0ac1-4b05-a11a-4919f764fe0f,a7ea7fa2-610e-4940-b02c-511554f7d895,implement,2,implement,unassigned,,2026-09-24T23:19:36.233Z,2026-09-25T00:03:23.006Z,done
activation:896c8f8c-035b-4c87-84aa-d978e54d9faa:907d80e6-a1d9-4f61-9a84-ef33f0d55112:eng_design:1,896c8f8c-035b-4c87-84aa-d978e54d9faa,907d80e6-a1d9-4f61-9a84-ef33f0d55112,eng_design,1,design,assigned,design_opus,2026-09-24T23:22:24.264Z,2026-09-25T00:05:38.663Z,done
activation:4c42005e-4f87-4b3e-8345-10d03826be3a:558dcc5b-1379-480e-b48b-854fdc841641:eng_design:1,4c42005e-4f87-4b3e-8345-10d03826be3a,558dcc5b-1379-480e-b48b-854fdc841641,eng_design,1,design,assigned,design_fable,2026-09-24T23:27:56.912Z,,
activation:rework:cd591347b367235169717f1cd74ed13258bd0448f2e60f3eac69124323916fb2,c1db8d2e-5c21-456c-8d35-1ae5bd884d8f,5bbad7fb-5eeb-4d95-acb3-935be82deb53,implement,4,implement,unassigned,,2026-09-24T23:33:58.349Z,,
activation:66d0759c-5738-458f-ab4e-2a6587ba5e71:b331bcb1-043a-476c-8e9a-7cd12799767b:eng_design:1,66d0759c-5738-458f-ab4e-2a6587ba5e71,b331bcb1-043a-476c-8e9a-7cd12799767b,eng_design,1,design,assigned,design_fable,2026-09-24T23:43:38.751Z,2026-09-25T00:29:51.132Z,done
activation:4a6e76d0-023d-48fd-9a73-774c1ae47382:22c7f9c7-9db7-43cf-9cfd-365d90564d84:implement:1,4a6e76d0-023d-48fd-9a73-774c1ae47382,22c7f9c7-9db7-43cf-9cfd-365d90564d84,implement,1,implement,assigned,impl_opus,2026-09-24T23:44:13.924Z,2026-09-25T04:04:09.240Z,done
activation:25d8197c-5ab1-497e-b5d0-09b64389b45a:535b5752-338e-4372-9e92-a80c720647c7:implement:1,25d8197c-5ab1-497e-b5d0-09b64389b45a,535b5752-338e-4372-9e92-a80c720647c7,implement,1,implement,assigned,impl_sol56,2026-09-24T23:44:39.328Z,,
activation:ff4cd646-a214-4c5f-98cb-6020426b5d70:29bef683-e628-4291-b608-1882a2fec14e:eng_design:1,ff4cd646-a214-4c5f-98cb-6020426b5d70,29bef683-e628-4291-b608-1882a2fec14e,eng_design,1,design,assigned,design_fable,2026-09-24T23:46:25.059Z,2026-09-25T00:24:26.687Z,done
activation:675852be-edec-4c65-a4bd-cbb23ba3ce9e:3a5eaaa7-ce6f-440e-8ce4-981d7abaa31d:eng_design:1,675852be-edec-4c65-a4bd-cbb23ba3ce9e,3a5eaaa7-ce6f-440e-8ce4-981d7abaa31d,eng_design,1,design,assigned,design_opus,2026-09-24T23:47:19.110Z,2026-09-25T00:19:55.269Z,done
activation:rework:b1046a1c41ab2403c3b19abe7a056642eca977f6d1c71298ee0b0035c9e73844,c06a2bac-9d37-418c-9466-c3366838eeba,2d648474-3fad-45aa-a992-f3ae8c808c47,qa,2,qa,unassigned,,2026-09-25T00:01:30.694Z,2026-09-25T06:41:04.126Z,done
activation:rework:56df34809900f2123f1cf16025ac3b1fd4ce2bcd76370846661fb48d96a92361,70277118-7815-4dbe-bd94-f105da07a6c3,a7ea7fa2-610e-4940-b02c-511554f7d895,qa,2,qa,unassigned,,2026-09-25T00:03:24.696Z,2026-09-25T00:24:00.340Z,done
activation:2f108ce3-004d-4cb6-89cf-6e5b839b80fe:907d80e6-a1d9-4f61-9a84-ef33f0d55112:implement:1,2f108ce3-004d-4cb6-89cf-6e5b839b80fe,907d80e6-a1d9-4f61-9a84-ef33f0d55112,implement,1,implement,assigned,impl_opus,2026-09-25T00:05:38.978Z,2026-09-25T03:56:19.741Z,done
activation:c093f58f-e93a-4a5b-bbb5-efc3519f5864:fa92bf34-d125-4950-bff3-25c5d12d410d:general:1,c093f58f-e93a-4a5b-bbb5-efc3519f5864,fa92bf34-d125-4950-bff3-25c5d12d410d,general,1,unassigned,unassigned,,2026-09-25T00:12:41.671Z,,
activation:66d85824-6da8-4be9-8efb-0652198442e8:bad2e41e-d646-4a69-8c8c-6bc380778ae0:implement:1,66d85824-6da8-4be9-8efb-0652198442e8,bad2e41e-d646-4a69-8c8c-6bc380778ae0,implement,1,implement,unassigned,,2026-09-25T00:16:48.553Z,2026-09-25T00:18:32.079Z,done
activation:7bd4b7c1-646f-4f1b-9a5e-41d08aa65d9c:bad2e41e-d646-4a69-8c8c-6bc380778ae0:qa:1,7bd4b7c1-646f-4f1b-9a5e-41d08aa65d9c,bad2e41e-d646-4a69-8c8c-6bc380778ae0,qa,1,qa,unassigned,,2026-09-25T00:18:32.587Z,2026-09-25T00:32:56.340Z,done
activation:41ec9e44-a13b-4e9a-84ef-a4b4efbfbc4e:3a5eaaa7-ce6f-440e-8ce4-981d7abaa31d:implement:1,41ec9e44-a13b-4e9a-84ef-a4b4efbfbc4e,3a5eaaa7-ce6f-440e-8ce4-981d7abaa31d,implement,1,implement,assigned,impl_sol56,2026-09-25T00:19:56.067Z,2026-09-25T03:48:02.773Z,done
activation:rework:1e406ff640fed03cb90d9f44d40616fbd062e0c4ec852a9bbf8a435c096d60d0,6615017e-0ac1-4b05-a11a-4919f764fe0f,a7ea7fa2-610e-4940-b02c-511554f7d895,implement,3,implement,unassigned,,2026-09-25T00:24:01.278Z,,
activation:6e8742ea-95b3-45dc-822e-6c1458327478:29bef683-e628-4291-b608-1882a2fec14e:implement:1,6e8742ea-95b3-45dc-822e-6c1458327478,29bef683-e628-4291-b608-1882a2fec14e,implement,1,implement,assigned,impl_sol56,2026-09-25T00:24:27.800Z,2026-09-25T03:48:40.608Z,done
activation:3e987c63-56f9-438e-911d-c52280d01003:21883c18-dddc-4345-86e7-6a1c5b8d9664:implement:1,3e987c63-56f9-438e-911d-c52280d01003,21883c18-dddc-4345-86e7-6a1c5b8d9664,implement,1,implement,unassigned,,2026-09-25T00:25:31.097Z,2026-09-25T00:26:34.208Z,done
activation:4676812d-4f83-4e9b-a812-c7d549e42fb3:21883c18-dddc-4345-86e7-6a1c5b8d9664:qa:1,4676812d-4f83-4e9b-a812-c7d549e42fb3,21883c18-dddc-4345-86e7-6a1c5b8d9664,qa,1,qa,unassigned,,2026-09-25T00:26:35.232Z,2026-09-25T00:44:11.338Z,done
activation:7832d6f8-9b63-460a-b9ee-38de8aef3065:1a7f423f-bedf-4184-9c12-8af305b3441d:qa:1,7832d6f8-9b63-460a-b9ee-38de8aef3065,1a7f423f-bedf-4184-9c12-8af305b3441d,qa,1,qa,assigned,qa_sol56,2026-09-25T00:29:50.993Z,2026-09-25T03:37:34.857Z,replaced
activation:ad657cf3-e105-4196-83df-958dbcecf513:b331bcb1-043a-476c-8e9a-7cd12799767b:implement:1,ad657cf3-e105-4196-83df-958dbcecf513,b331bcb1-043a-476c-8e9a-7cd12799767b,implement,1,implement,assigned,impl_opus,2026-09-25T00:29:55.972Z,2026-09-25T04:03:38.741Z,done
activation:rework:c99a41c95942144e877bd3d6a04933b0dab5f8c4769cdccde75677076b54683e,e5017f34-787e-424b-ae5d-65f25fec88e8,c73c8847-ea86-4851-864f-c8f5a1a425eb,implement,2,implement,unassigned,,2026-09-25T00:30:43.009Z,2026-09-25T03:55:11.535Z,done
activation:rework:e13d34eb7fc16faa57456edae955200db059fe1b45b9b453ebf655ffb1a74ade,66d85824-6da8-4be9-8efb-0652198442e8,bad2e41e-d646-4a69-8c8c-6bc380778ae0,implement,2,implement,unassigned,,2026-09-25T00:32:56.571Z,2026-09-25T05:12:35.612Z,done
activation:3803460a-5275-4153-afaf-a5c051987b72:6f37ac94-833b-488f-b74b-8d023c061f31:qa:1,3803460a-5275-4153-afaf-a5c051987b72,6f37ac94-833b-488f-b74b-8d023c061f31,qa,1,qa,unassigned,,2026-09-25T01:38:17.449Z,2026-09-25T03:39:41.673Z,done
activation:cc4d05b4-54f9-4f04-aee4-4e8ab9045fd6:1a7f423f-bedf-4184-9c12-8af305b3441d:qa:1,cc4d05b4-54f9-4f04-aee4-4e8ab9045fd6,1a7f423f-bedf-4184-9c12-8af305b3441d,qa,1,qa,assigned,qa_sol56,2026-09-25T03:37:35.017Z,2026-09-25T04:06:22.360Z,replaced
activation:rework:f6d2bc97aee8991dc9fb55c63b9ad82b39ede6c5e91a69c5a21603459e042ab7,2e9caed0-a388-414d-8d22-3827a02b4cfe,6f37ac94-833b-488f-b74b-8d023c061f31,implement,2,implement,unassigned,,2026-09-25T03:39:42.420Z,,
activation:8e48d32e-344a-48d0-8683-76ea77318d23:6f37ac94-833b-488f-b74b-8d023c061f31:implement:2,8e48d32e-344a-48d0-8683-76ea77318d23,6f37ac94-833b-488f-b74b-8d023c061f31,implement,2,implement,unassigned,,2026-09-25T03:39:42.872Z,2026-09-25T04:05:51.193Z,replaced
activation:rework:dff22a85bd2f9c429a2e441db597cc26d31935601d3e1d75793e1f833f06f88b,4676812d-4f83-4e9b-a812-c7d549e42fb3,21883c18-dddc-4345-86e7-6a1c5b8d9664,qa,2,qa,unassigned,,2026-09-25T03:42:30.755Z,2026-09-25T18:47:08.351Z,done
activation:c2bd0548-2e74-4238-8042-8092c64b64f9:8020b29a-2572-4de8-8483-093bfee55d20:implement:1,c2bd0548-2e74-4238-8042-8092c64b64f9,8020b29a-2572-4de8-8483-093bfee55d20,implement,1,implement,unassigned,,2026-09-25T03:44:54.417Z,2026-09-25T03:46:38.385Z,done
activation:36a6a83f-5fca-4683-832c-ccdbc13d707b:8020b29a-2572-4de8-8483-093bfee55d20:qa:1,36a6a83f-5fca-4683-832c-ccdbc13d707b,8020b29a-2572-4de8-8483-093bfee55d20,qa,1,qa,unassigned,,2026-09-25T03:46:39.327Z,2026-09-25T04:05:42.775Z,done
activation:7adbf914-1ac0-4e6e-aba5-07b9a7399dcb:55409ce7-cdf1-402b-9153-ea933df59d9b:implement:1,7adbf914-1ac0-4e6e-aba5-07b9a7399dcb,55409ce7-cdf1-402b-9153-ea933df59d9b,implement,1,implement,unassigned,,2026-09-25T03:47:22.475Z,2026-09-25T09:24:06.257Z,done
activation:82d9050e-8ac7-490c-a229-103433e226f4:3a5eaaa7-ce6f-440e-8ce4-981d7abaa31d:qa:1,82d9050e-8ac7-490c-a229-103433e226f4,3a5eaaa7-ce6f-440e-8ce4-981d7abaa31d,qa,1,qa,assigned,qa_opus,2026-09-25T03:48:03.289Z,2026-09-25T05:50:30.015Z,done
activation:f104fc28-c47a-4b76-8168-f7b02bfa7ebe:29bef683-e628-4291-b608-1882a2fec14e:qa:1,f104fc28-c47a-4b76-8168-f7b02bfa7ebe,29bef683-e628-4291-b608-1882a2fec14e,qa,1,qa,assigned,qa_sol56,2026-09-25T03:48:48.998Z,2026-09-25T04:06:22.539Z,replaced
activation:rework:e2c7dcb550cbedde018587c807b836f3d40278196557ddb68eb37000006ffc97,7eb0a6d9-c80c-418f-ab9c-8851ef8e9167,c73c8847-ea86-4851-864f-c8f5a1a425eb,qa,2,qa,unassigned,,2026-09-25T03:55:12.336Z,2026-09-25T07:29:08.036Z,done
activation:fbe9495f-8725-4a21-b95b-b7ef50124bb8:953ede7c-b04f-4c83-b29a-996be107c15f:implement:1,fbe9495f-8725-4a21-b95b-b7ef50124bb8,953ede7c-b04f-4c83-b29a-996be107c15f,implement,1,implement,unassigned,,2026-09-25T03:56:09.335Z,2026-09-25T03:57:30.661Z,done
activation:b7c5d1a9-b84d-443b-b6e2-1678c3679741:907d80e6-a1d9-4f61-9a84-ef33f0d55112:qa:1,b7c5d1a9-b84d-443b-b6e2-1678c3679741,907d80e6-a1d9-4f61-9a84-ef33f0d55112,qa,1,qa,assigned,qa_sol56,2026-09-25T03:56:20.739Z,2026-09-25T04:06:08.768Z,replaced
activation:c6f33a10-3f4c-4c22-b853-3991494add01:953ede7c-b04f-4c83-b29a-996be107c15f:qa:1,c6f33a10-3f4c-4c22-b853-3991494add01,953ede7c-b04f-4c83-b29a-996be107c15f,qa,1,qa,unassigned,,2026-09-25T03:57:31.742Z,2026-09-25T05:00:28.625Z,done
activation:c3680402-e94b-4ce3-96f9-1f380d683f58:b331bcb1-043a-476c-8e9a-7cd12799767b:qa:1,c3680402-e94b-4ce3-96f9-1f380d683f58,b331bcb1-043a-476c-8e9a-7cd12799767b,qa,1,qa,assigned,qa_sol56,2026-09-25T04:03:41.374Z,2026-09-25T04:13:51.628Z,failed
activation:106ba2ad-3289-4206-a17c-51be204e5492:22c7f9c7-9db7-43cf-9cfd-365d90564d84:qa:1,106ba2ad-3289-4206-a17c-51be204e5492,22c7f9c7-9db7-43cf-9cfd-365d90564d84,qa,1,qa,assigned,qa_opus,2026-09-25T04:04:12.237Z,2026-09-25T04:23:03.264Z,done
activation:8e1ef903-e29f-479c-a4c3-940b54fa7d3d:907d80e6-a1d9-4f61-9a84-ef33f0d55112:qa:1,8e1ef903-e29f-479c-a4c3-940b54fa7d3d,907d80e6-a1d9-4f61-9a84-ef33f0d55112,qa,1,qa,assigned,qa_sol56,2026-09-25T04:06:08.964Z,2026-09-25T04:13:19.817Z,replaced
activation:a918d47e-bb4c-4a32-8609-333632583587:1a7f423f-bedf-4184-9c12-8af305b3441d:qa:1,a918d47e-bb4c-4a32-8609-333632583587,1a7f423f-bedf-4184-9c12-8af305b3441d,qa,1,qa,assigned,qa_sol56,2026-09-25T04:06:22.750Z,2026-09-25T04:21:22.968Z,replaced
activation:ba3b5502-3721-492a-a746-5f8aa40fc066:29bef683-e628-4291-b608-1882a2fec14e:qa:1,ba3b5502-3721-492a-a746-5f8aa40fc066,29bef683-e628-4291-b608-1882a2fec14e,qa,1,qa,assigned,qa_sol56,2026-09-25T04:06:26.700Z,2026-09-25T04:13:19.642Z,replaced
activation:46e91f56-77c1-41a5-801b-8bfab774428d:6f37ac94-833b-488f-b74b-8d023c061f31:implement:2,46e91f56-77c1-41a5-801b-8bfab774428d,6f37ac94-833b-488f-b74b-8d023c061f31,implement,2,implement,unassigned,,2026-09-25T04:08:11.757Z,,
activation:083704b6-1447-436d-97d5-48d6a57fd840:29bef683-e628-4291-b608-1882a2fec14e:qa:1,083704b6-1447-436d-97d5-48d6a57fd840,29bef683-e628-4291-b608-1882a2fec14e,qa,1,qa,assigned,qa_sol56,2026-09-25T04:13:19.950Z,2026-09-25T04:30:09.088Z,done
activation:53518df1-681b-4578-822a-5a5b369cbd82:907d80e6-a1d9-4f61-9a84-ef33f0d55112:qa:1,53518df1-681b-4578-822a-5a5b369cbd82,907d80e6-a1d9-4f61-9a84-ef33f0d55112,qa,1,qa,assigned,qa_sol56,2026-09-25T04:13:33.545Z,2026-09-25T04:27:29.483Z,done
activation:00c725fa-4d09-40f5-b990-c2ea4360781c:1a7f423f-bedf-4184-9c12-8af305b3441d:qa:1,00c725fa-4d09-40f5-b990-c2ea4360781c,1a7f423f-bedf-4184-9c12-8af305b3441d,qa,1,qa,assigned,qa_sol56,2026-09-25T04:21:23.068Z,,
activation:rework:2c91b7a0e22669f0c876751b4fa69e30b6d26009187ba08c53f042607fc18397,4a6e76d0-023d-48fd-9a73-774c1ae47382,22c7f9c7-9db7-43cf-9cfd-365d90564d84,implement,2,implement,assigned,impl_opus,2026-09-25T04:23:03.886Z,2026-09-25T04:40:04.766Z,done
activation:rework:dc0eb47a3819ef3c5a43243f583fbf82a0720f95c7833bdf9c81e2cf3746d878,6e8742ea-95b3-45dc-822e-6c1458327478,29bef683-e628-4291-b608-1882a2fec14e,implement,2,implement,assigned,impl_sol56,2026-09-25T04:30:09.963Z,,
activation:2fa01a56-3f35-4615-b022-0ab0294f6e45:29bef683-e628-4291-b608-1882a2fec14e:implement:2,2fa01a56-3f35-4615-b022-0ab0294f6e45,29bef683-e628-4291-b608-1882a2fec14e,implement,2,implement,assigned,impl_sol56,2026-09-25T04:33:10.929Z,2026-09-25T04:55:14.811Z,done
activation:5a2c6d1e-c8c1-43e4-8768-293dc2021f1b:f42e1847-6b21-4a08-b5d3-25501a1970e6:implement:1,5a2c6d1e-c8c1-43e4-8768-293dc2021f1b,f42e1847-6b21-4a08-b5d3-25501a1970e6,implement,1,implement,unassigned,,2026-09-25T04:39:05.339Z,2026-09-25T04:40:02.028Z,done
activation:bbf14aea-c6f5-459a-abf2-e3435dc3299b:f42e1847-6b21-4a08-b5d3-25501a1970e6:qa:1,bbf14aea-c6f5-459a-abf2-e3435dc3299b,f42e1847-6b21-4a08-b5d3-25501a1970e6,qa,1,qa,unassigned,,2026-09-25T04:40:02.146Z,2026-09-25T04:57:01.233Z,done
activation:rework:a9542764b00d8d585e32e046092a94f1bf27ee6d90826ef4f8398b80c24b50bd,106ba2ad-3289-4206-a17c-51be204e5492,22c7f9c7-9db7-43cf-9cfd-365d90564d84,qa,2,qa,assigned,qa_opus,2026-09-25T04:40:19.308Z,2026-09-25T05:11:31.650Z,done
activation:c2533b6a-c3be-4fa6-87f8-a2fc2e484637:80399250-7d61-49c0-842b-6aa42aa19834:implement:1,c2533b6a-c3be-4fa6-87f8-a2fc2e484637,80399250-7d61-49c0-842b-6aa42aa19834,implement,1,implement,unassigned,,2026-09-25T04:49:35.156Z,2026-09-25T04:51:19.703Z,done
activation:d252ae76-50d4-467c-93bb-04dfcf0bca62:80399250-7d61-49c0-842b-6aa42aa19834:qa:1,d252ae76-50d4-467c-93bb-04dfcf0bca62,80399250-7d61-49c0-842b-6aa42aa19834,qa,1,qa,unassigned,,2026-09-25T04:51:19.803Z,2026-09-25T05:11:38.810Z,done
activation:rework:1533f27e74e3f782fa62e6a72eb4837ebc55ada9e90a38be2b3d64aec3212615,083704b6-1447-436d-97d5-48d6a57fd840,29bef683-e628-4291-b608-1882a2fec14e,qa,2,qa,assigned,qa_sol56,2026-09-25T04:55:15.757Z,2026-09-25T05:05:35.957Z,done
activation:rework:7d59d9465f9a71573df640eedfdc1c30245614fc34345f865a9280df0662228c,5a2c6d1e-c8c1-43e4-8768-293dc2021f1b,f42e1847-6b21-4a08-b5d3-25501a1970e6,implement,2,implement,unassigned,,2026-09-25T04:57:02.206Z,2026-09-25T05:53:27.238Z,done
activation:rework:4f6673dd082ef7775c45bc8a57ca2a209ed37f098a77fcb4da900cb390d24b1d,fbe9495f-8725-4a21-b95b-b7ef50124bb8,953ede7c-b04f-4c83-b29a-996be107c15f,implement,2,implement,unassigned,,2026-09-25T05:00:28.949Z,2026-09-25T05:34:22.445Z,done
activation:rework:ec62070ce444a52c5c5f86b72b726b509831bd394f85614629ea94e6085e560c,7bd4b7c1-646f-4f1b-9a5e-41d08aa65d9c,bad2e41e-d646-4a69-8c8c-6bc380778ae0,qa,2,qa,unassigned,,2026-09-25T05:13:13.157Z,2026-09-25T05:23:26.215Z,done
activation:rework:d305b3c8c693d9533b2332832c557c55a80db39dc659f10c1b3d4cd49668258c,66d85824-6da8-4be9-8efb-0652198442e8,bad2e41e-d646-4a69-8c8c-6bc380778ae0,implement,3,implement,unassigned,,2026-09-25T05:23:32.776Z,,
activation:rework:c4f43a3cc5c3584a43800ea43f4c5cf4c024502306a48591f8a9851b75576070,c6f33a10-3f4c-4c22-b853-3991494add01,953ede7c-b04f-4c83-b29a-996be107c15f,qa,2,qa,unassigned,,2026-09-25T05:34:23.367Z,2026-09-25T06:59:13.885Z,done
activation:64296b33-c8e6-4132-9fd9-821dc25e0f16:cbdcf921-e0c6-40c3-827d-c5d70cb8145f:implement:1,64296b33-c8e6-4132-9fd9-821dc25e0f16,cbdcf921-e0c6-40c3-827d-c5d70cb8145f,implement,1,implement,unassigned,,2026-09-25T05:38:35.553Z,2026-09-25T08:14:34.875Z,done
activation:2d7e1ab6-6452-4790-8bfa-ea31b75e1d17:946fe3d7-ff04-43a4-aabc-f0f310802a79:implement:1,2d7e1ab6-6452-4790-8bfa-ea31b75e1d17,946fe3d7-ff04-43a4-aabc-f0f310802a79,implement,1,implement,unassigned,,2026-09-25T05:41:13.582Z,2026-09-25T09:12:46.865Z,done
activation:rework:8f8ab2168a706d2ac9d6af57e3a49ea3df4c89d9729a40f2e6e80a44a485b672,bbf14aea-c6f5-459a-abf2-e3435dc3299b,f42e1847-6b21-4a08-b5d3-25501a1970e6,qa,2,qa,unassigned,,2026-09-25T05:53:27.923Z,2026-09-25T07:44:50.030Z,done
activation:f68b3e69-19a2-4a59-b183-5b2003680a4a:974f322c-b896-415a-acd6-305a15c714eb:eng_design:1,f68b3e69-19a2-4a59-b183-5b2003680a4a,974f322c-b896-415a-acd6-305a15c714eb,eng_design,1,design,assigned,design_astra,2026-09-25T06:20:36.792Z,,
activation:37624e3d-2f56-4ee3-afdc-944f2666c229:3374885d-b4e3-42d8-a727-003890cad5fa:implement:1,37624e3d-2f56-4ee3-afdc-944f2666c229,3374885d-b4e3-42d8-a727-003890cad5fa,implement,1,implement,assigned,impl_sol56,2026-09-25T06:25:25.259Z,,
activation:5e9dd2ea-87d1-4bc7-b331-440f3d4092c3:556f5bf9-ec7d-4b08-8986-3c603f1d06ef:implement:1,5e9dd2ea-87d1-4bc7-b331-440f3d4092c3,556f5bf9-ec7d-4b08-8986-3c603f1d06ef,implement,1,implement,unassigned,,2026-09-25T06:27:54.342Z,2026-09-25T06:28:41.540Z,done
activation:52137bb6-da14-47ca-8a7e-65da29b97c76:556f5bf9-ec7d-4b08-8986-3c603f1d06ef:qa:1,52137bb6-da14-47ca-8a7e-65da29b97c76,556f5bf9-ec7d-4b08-8986-3c603f1d06ef,qa,1,qa,unassigned,,2026-09-25T06:28:42.224Z,2026-09-25T18:35:30.233Z,done
activation:b6c738ca-d135-4cb7-9116-17267466406b:2e59dced-34cf-4372-ac94-ae0daaebb87e:implement:1,b6c738ca-d135-4cb7-9116-17267466406b,2e59dced-34cf-4372-ac94-ae0daaebb87e,implement,1,implement,assigned,impl_sol56,2026-09-25T06:36:24.647Z,,
activation:5f330b56-48e0-49ea-a8e2-6df9e48725f1:2d648474-3fad-45aa-a992-f3ae8c808c47:implement:3,5f330b56-48e0-49ea-a8e2-6df9e48725f1,2d648474-3fad-45aa-a992-f3ae8c808c47,implement,3,implement,unassigned,,2026-09-25T06:41:04.510Z,2026-09-25T07:11:52.009Z,done
activation:rework:f82b2ea696a6b2ce28a4703fe7e546dfc434513c9bd44f5f52ffc03dbf6b9f64,c06a2bac-9d37-418c-9466-c3366838eeba,2d648474-3fad-45aa-a992-f3ae8c808c47,qa,3,qa,unassigned,,2026-09-25T07:11:57.654Z,2026-09-25T07:32:43.810Z,done
activation:d3e3e04f-8f2e-4ffd-b9fa-88cd8b89e0f9:5cce900c-3190-4ebd-948c-94d01a57442f:implement:1,d3e3e04f-8f2e-4ffd-b9fa-88cd8b89e0f9,5cce900c-3190-4ebd-948c-94d01a57442f,implement,1,implement,assigned,impl_opus,2026-09-25T07:26:23.742Z,2026-09-25T08:52:00.820Z,done
activation:rework:27e2b1db4f4e977817e60e6f98fd0650b6ec225831a2be9c53b21b0d7f5b06ce,5f330b56-48e0-49ea-a8e2-6df9e48725f1,2d648474-3fad-45aa-a992-f3ae8c808c47,implement,4,implement,unassigned,,2026-09-25T07:32:44.042Z,2026-09-25T07:46:09.902Z,done
activation:75e04312-3b3c-4786-b5ff-c5dab756a56c:206b034f-6453-4c27-a136-9f8779c1a8ed:eng_design:1,75e04312-3b3c-4786-b5ff-c5dab756a56c,206b034f-6453-4c27-a136-9f8779c1a8ed,eng_design,1,design,assigned,design_fable,2026-09-25T07:39:03.318Z,2026-09-25T09:01:20.729Z,done
activation:rework:7753ec455ee15c5e0dbe1685dc127a832288c544fe0a75e7a4704c1fa64b28d6,5a2c6d1e-c8c1-43e4-8768-293dc2021f1b,f42e1847-6b21-4a08-b5d3-25501a1970e6,implement,3,implement,unassigned,,2026-09-25T07:44:51.079Z,,
activation:rework:d88e9c7477448c99993964521ebc89a04e1c0c601fd9cb70ac776b03e9174246,c06a2bac-9d37-418c-9466-c3366838eeba,2d648474-3fad-45aa-a992-f3ae8c808c47,qa,4,qa,unassigned,,2026-09-25T07:46:10.153Z,2026-09-25T08:04:00.216Z,done
activation:f560992f-5c61-4062-b6e4-392c0c5743dd:9253400f-ffc1-4990-a98e-a7a43ea7a512:implement:1,f560992f-5c61-4062-b6e4-392c0c5743dd,9253400f-ffc1-4990-a98e-a7a43ea7a512,implement,1,implement,unassigned,,2026-09-25T07:57:41.841Z,2026-09-25T07:59:20.201Z,done
activation:d05037ae-c0c8-430f-82c3-3d0c4e0e396f:9253400f-ffc1-4990-a98e-a7a43ea7a512:qa:1,d05037ae-c0c8-430f-82c3-3d0c4e0e396f,9253400f-ffc1-4990-a98e-a7a43ea7a512,qa,1,qa,unassigned,,2026-09-25T07:59:21.216Z,2026-09-25T09:06:57.364Z,done
activation:ecfa5547-9e1a-4735-a250-2c1ec316b048:fb77977c-d7bc-4603-8e1a-ce675d14e8ad:implement:1,ecfa5547-9e1a-4735-a250-2c1ec316b048,fb77977c-d7bc-4603-8e1a-ce675d14e8ad,implement,1,implement,unassigned,,2026-09-25T08:04:15.989Z,2026-09-25T08:57:31.100Z,done
activation:d519329c-81e7-4251-8a38-ebeb2e2a6cef:cbdcf921-e0c6-40c3-827d-c5d70cb8145f:qa:1,d519329c-81e7-4251-8a38-ebeb2e2a6cef,cbdcf921-e0c6-40c3-827d-c5d70cb8145f,qa,1,qa,unassigned,,2026-09-25T08:14:35.390Z,2026-09-25T09:36:10.223Z,done
activation:36768957-7faf-479a-aeb6-74e85fd17ea7:5cce900c-3190-4ebd-948c-94d01a57442f:qa:1,36768957-7faf-479a-aeb6-74e85fd17ea7,5cce900c-3190-4ebd-948c-94d01a57442f,qa,1,qa,unassigned,,2026-09-25T08:52:01.665Z,2026-09-25T09:10:09.051Z,done
activation:2244de24-a3c9-428a-a1de-730166921809:fb77977c-d7bc-4603-8e1a-ce675d14e8ad:qa:1,2244de24-a3c9-428a-a1de-730166921809,fb77977c-d7bc-4603-8e1a-ce675d14e8ad,qa,1,qa,unassigned,,2026-09-25T08:57:31.790Z,2026-09-25T09:29:19.949Z,done
activation:cde40019-9660-4888-83ce-837783e4e8fa:206b034f-6453-4c27-a136-9f8779c1a8ed:implement:1,cde40019-9660-4888-83ce-837783e4e8fa,206b034f-6453-4c27-a136-9f8779c1a8ed,implement,1,implement,assigned,impl_opus,2026-09-25T09:01:21.069Z,2026-09-25T10:11:19.317Z,done
activation:b7523aea-4176-405a-ba63-a5a6595c5811:946fe3d7-ff04-43a4-aabc-f0f310802a79:qa:1,b7523aea-4176-405a-ba63-a5a6595c5811,946fe3d7-ff04-43a4-aabc-f0f310802a79,qa,1,qa,unassigned,,2026-09-25T09:12:47.236Z,2026-09-25T09:28:54.652Z,done
activation:3f862011-3aeb-4137-8648-0b3f9d27f551:55409ce7-cdf1-402b-9153-ea933df59d9b:qa:1,3f862011-3aeb-4137-8648-0b3f9d27f551,55409ce7-cdf1-402b-9153-ea933df59d9b,qa,1,qa,unassigned,,2026-09-25T09:24:07.139Z,2026-09-25T20:00:24.590Z,done
activation:rework:93487daea7d560d93d26c0e1891840b2960e5a678999c82de3cfdbb731f3162d,2d7e1ab6-6452-4790-8bfa-ea31b75e1d17,946fe3d7-ff04-43a4-aabc-f0f310802a79,implement,2,implement,unassigned,,2026-09-25T09:28:55.122Z,2026-09-25T09:37:27.732Z,done
activation:rework:cb4c3ed0bf573a6cd238dcabbc6cf85da24af6ea7b7fdc5c77be683135000820,ecfa5547-9e1a-4735-a250-2c1ec316b048,fb77977c-d7bc-4603-8e1a-ce675d14e8ad,implement,2,implement,unassigned,,2026-09-25T09:29:20.729Z,2026-09-25T10:10:08.421Z,done
activation:rework:17186382474c2e112e22f475af3ab15103a265524ea105a4d1ac9ba56c91b919,64296b33-c8e6-4132-9fd9-821dc25e0f16,cbdcf921-e0c6-40c3-827d-c5d70cb8145f,implement,2,implement,unassigned,,2026-09-25T09:36:11.111Z,2026-09-25T10:37:38.249Z,done
activation:rework:d9c5dd5420264c10a6e81339291530a61caea7f91551ede5c0e1ba3b2a1aef65,b7523aea-4176-405a-ba63-a5a6595c5811,946fe3d7-ff04-43a4-aabc-f0f310802a79,qa,2,qa,unassigned,,2026-09-25T09:37:27.990Z,2026-09-25T09:54:05.690Z,done
activation:rework:977715723be8d8f257b345835ba0300e847f14c64bdf0e94db7402f1bb465337,2244de24-a3c9-428a-a1de-730166921809,fb77977c-d7bc-4603-8e1a-ce675d14e8ad,qa,2,qa,unassigned,,2026-09-25T10:10:08.700Z,2026-09-25T10:32:59.270Z,done
activation:0ba846a7-e0f4-4498-be2b-3da6c67afaff:206b034f-6453-4c27-a136-9f8779c1a8ed:qa:1,0ba846a7-e0f4-4498-be2b-3da6c67afaff,206b034f-6453-4c27-a136-9f8779c1a8ed,qa,1,qa,assigned,qa_opus,2026-09-25T10:11:20.258Z,2026-09-25T10:31:04.331Z,done
activation:rework:8b818f723d9ca3bcac1c3be1362c47faa19eea91d1770e95a216a30d32ab05f5,ecfa5547-9e1a-4735-a250-2c1ec316b048,fb77977c-d7bc-4603-8e1a-ce675d14e8ad,implement,3,implement,unassigned,,2026-09-25T10:32:59.553Z,,
activation:rework:9df1a67e7b19e3e392d3eca8d856c0d5da382ef59debca6be11ab8aa43d7925c,d519329c-81e7-4251-8a38-ebeb2e2a6cef,cbdcf921-e0c6-40c3-827d-c5d70cb8145f,qa,2,qa,unassigned,,2026-09-25T10:37:39.204Z,2026-09-25T11:10:09.537Z,done
activation:7ae9491f-4333-464f-ae77-c023ea598e95:424be69b-239a-4e47-a557-102431d33e5a:implement:1,7ae9491f-4333-464f-ae77-c023ea598e95,424be69b-239a-4e47-a557-102431d33e5a,implement,1,implement,unassigned,,2026-09-25T10:49:57.704Z,2026-09-25T11:05:33.781Z,done
activation:281a8688-32b0-477d-a611-cf4efb10f054:424be69b-239a-4e47-a557-102431d33e5a:qa:1,281a8688-32b0-477d-a611-cf4efb10f054,424be69b-239a-4e47-a557-102431d33e5a,qa,1,qa,unassigned,,2026-09-25T11:05:33.852Z,2026-09-25T11:33:11.111Z,done
activation:rework:bad168e337c46dcc30613c9457a3e21b79bd7cfe6a5256670d0c393aea045609,64296b33-c8e6-4132-9fd9-821dc25e0f16,cbdcf921-e0c6-40c3-827d-c5d70cb8145f,implement,3,implement,unassigned,,2026-09-25T11:10:10.070Z,,
activation:2d21a735-9f81-4cff-bd5c-d3932a513a6c:b8437b3b-beea-4ff5-88ee-9f73cf8d0ba9:implement:1,2d21a735-9f81-4cff-bd5c-d3932a513a6c,b8437b3b-beea-4ff5-88ee-9f73cf8d0ba9,implement,1,implement,unassigned,,2026-09-25T11:27:17.332Z,2026-09-25T11:46:20.734Z,done
activation:2822736a-19f5-4b35-8ea7-ae016a07d8de:b8437b3b-beea-4ff5-88ee-9f73cf8d0ba9:qa:1,2822736a-19f5-4b35-8ea7-ae016a07d8de,b8437b3b-beea-4ff5-88ee-9f73cf8d0ba9,qa,1,qa,unassigned,,2026-09-25T11:46:21.018Z,2026-09-25T12:11:07.013Z,done
activation:rework:b1e63fc7ac3478735c3ba75ec1a560ad1be233115379b549859aa3d1c35fe3ba,2d21a735-9f81-4cff-bd5c-d3932a513a6c,b8437b3b-beea-4ff5-88ee-9f73cf8d0ba9,implement,2,implement,unassigned,,2026-09-25T12:11:07.562Z,2026-09-25T12:48:04.283Z,done
activation:rework:bccab4c38e280ac35175edfa68364e76fc4dd57bd74ccdf30659b47ca2895042,2822736a-19f5-4b35-8ea7-ae016a07d8de,b8437b3b-beea-4ff5-88ee-9f73cf8d0ba9,qa,2,qa,unassigned,,2026-09-25T12:48:04.803Z,2026-09-25T13:23:18.498Z,done
activation:b0907ee9-3f48-4ced-b9c8-18920c080dbe:5cce900c-3190-4ebd-948c-94d01a57442f:implement:2,b0907ee9-3f48-4ced-b9c8-18920c080dbe,5cce900c-3190-4ebd-948c-94d01a57442f,implement,2,implement,assigned,impl_opus,2026-09-25T18:12:59.366Z,2026-09-25T18:26:43.327Z,done
activation:f904eb30-07f0-423a-9569-0e41abc6e1f7:1de91237-c761-49e6-8e18-1c045cf72f58:general:1,f904eb30-07f0-423a-9569-0e41abc6e1f7,1de91237-c761-49e6-8e18-1c045cf72f58,general,1,unassigned,unassigned,,2026-09-25T18:21:53.459Z,2026-09-25T18:42:42.783Z,done
activation:rework:2d5b07db945c24faa6418d27985dc48b95ea9df7b8fadb6aead711c854e36e6c,e5017f34-787e-424b-ae5d-65f25fec88e8,c73c8847-ea86-4851-864f-c8f5a1a425eb,implement,3,implement,unassigned,,2026-09-25T18:25:46.052Z,,
activation:855d36dc-3886-4a5e-a127-6bb707c99c0b:424be69b-239a-4e47-a557-102431d33e5a:implement:2,855d36dc-3886-4a5e-a127-6bb707c99c0b,424be69b-239a-4e47-a557-102431d33e5a,implement,2,implement,unassigned,,2026-09-25T18:25:46.312Z,2026-09-25T18:58:05.296Z,done
activation:rework:71c80ae6de01cee48f306470afbaed3db1c565ecd61a297c54b030bf4fc9763b,36768957-7faf-479a-aeb6-74e85fd17ea7,5cce900c-3190-4ebd-948c-94d01a57442f,qa,2,qa,unassigned,,2026-09-25T18:26:43.586Z,2026-09-25T18:44:44.954Z,done
activation:5d168aef-e15b-4cab-9ee2-53c195a756f9:8020b29a-2572-4de8-8483-093bfee55d20:implement:2,5d168aef-e15b-4cab-9ee2-53c195a756f9,8020b29a-2572-4de8-8483-093bfee55d20,implement,2,implement,unassigned,,2026-09-25T18:27:17.659Z,,
activation:0233e98d-087f-454f-9551-c29233b57021:556f5bf9-ec7d-4b08-8986-3c603f1d06ef:implement:2,0233e98d-087f-454f-9551-c29233b57021,556f5bf9-ec7d-4b08-8986-3c603f1d06ef,implement,2,implement,unassigned,,2026-09-25T18:35:32.858Z,2026-09-25T20:09:46.957Z,done
activation:26a28bdf-2657-4f53-b5f8-9222c70d3aea:e2eadd27-785e-4e3d-8896-5625541fcb12:implement:1,26a28bdf-2657-4f53-b5f8-9222c70d3aea,e2eadd27-785e-4e3d-8896-5625541fcb12,implement,1,implement,unassigned,,2026-09-25T18:43:49.417Z,2026-09-25T19:15:44.369Z,done
activation:rework:86ff9a69c34026b010d4f6f813e1daa71d8e05e41109a1f16290d6d90fb604b0,281a8688-32b0-477d-a611-cf4efb10f054,424be69b-239a-4e47-a557-102431d33e5a,qa,2,qa,unassigned,,2026-09-25T18:58:05.456Z,2026-09-25T19:16:33.614Z,done
activation:244670e3-55b1-4b3a-9289-099ee9c4088f:49a3da37-9e6d-45c3-a27a-3309d740eed3:eng_design:1,244670e3-55b1-4b3a-9289-099ee9c4088f,49a3da37-9e6d-45c3-a27a-3309d740eed3,eng_design,1,design,unassigned,,2026-09-25T19:15:36.288Z,2026-09-25T20:11:37.459Z,done
activation:6cf12dd3-69dd-45a1-b27c-1880069ab8f4:e2eadd27-785e-4e3d-8896-5625541fcb12:qa:1,6cf12dd3-69dd-45a1-b27c-1880069ab8f4,e2eadd27-785e-4e3d-8896-5625541fcb12,qa,1,qa,unassigned,,2026-09-25T19:15:45.360Z,2026-09-25T19:35:40.689Z,done
activation:2d64aa78-0e92-430f-85f9-d865fbdba287:55409ce7-cdf1-402b-9153-ea933df59d9b:implement:2,2d64aa78-0e92-430f-85f9-d865fbdba287,55409ce7-cdf1-402b-9153-ea933df59d9b,implement,2,implement,unassigned,,2026-09-25T20:00:24.935Z,2026-09-25T20:25:34.241Z,done
activation:7e55ecb2-7adb-4a28-8d27-1dbb28f0d92e:9084969b-da62-4edc-9a61-ab37984639cc:eng_design:1,7e55ecb2-7adb-4a28-8d27-1dbb28f0d92e,9084969b-da62-4edc-9a61-ab37984639cc,eng_design,1,design,unassigned,,2026-09-25T20:02:34.926Z,2026-09-25T20:46:10.001Z,done
activation:cd2dfd5e-d769-4759-87bf-1046b98815b9:e4dd89d7-821f-4700-86f5-7583b9d739e5:eng_design:1,cd2dfd5e-d769-4759-87bf-1046b98815b9,e4dd89d7-821f-4700-86f5-7583b9d739e5,eng_design,1,design,unassigned,,2026-09-25T20:03:00.369Z,2026-09-25T20:56:19.933Z,done
activation:rework:c0ca19e94ba221a3758c64360329d2cf360f30dbae066831eaae752e37febd8f,52137bb6-da14-47ca-8a7e-65da29b97c76,556f5bf9-ec7d-4b08-8986-3c603f1d06ef,qa,2,qa,unassigned,,2026-09-25T20:09:47.628Z,2026-09-25T20:28:31.557Z,done
activation:9dba39ad-d839-47a5-b6de-731620a3488c:49a3da37-9e6d-45c3-a27a-3309d740eed3:implement:1,9dba39ad-d839-47a5-b6de-731620a3488c,49a3da37-9e6d-45c3-a27a-3309d740eed3,implement,1,implement,unassigned,,2026-09-25T20:11:38.453Z,,
activation:rework:93e9a2ac4396c4f69c040cf5647b36e55f5c08d97e67ede0a16f606d8fa8897f,3f862011-3aeb-4137-8648-0b3f9d27f551,55409ce7-cdf1-402b-9153-ea933df59d9b,qa,2,qa,unassigned,,2026-09-25T20:25:34.575Z,2026-09-25T20:44:57.965Z,done
activation:8b357d57-f19c-419d-90a8-85d6a3f72c54:b509d87b-0037-4eb9-9af0-8f6b68c4f4a2:general:1,8b357d57-f19c-419d-90a8-85d6a3f72c54,b509d87b-0037-4eb9-9af0-8f6b68c4f4a2,general,1,unassigned,unassigned,,2026-09-25T20:30:14.170Z,,
activation:1c909675-224d-44de-84c3-c88a38ff6f16:35a1d137-8635-48b5-81e3-bcfe25f114d1:eng_design:1,1c909675-224d-44de-84c3-c88a38ff6f16,35a1d137-8635-48b5-81e3-bcfe25f114d1,eng_design,1,design,unassigned,,2026-09-25T20:30:30.037Z,,
activation:3b75f34a-aef5-4c42-8483-083711ad43bc:d9cccb85-dc2c-46a5-8904-c0b1d1994394:implement:1,3b75f34a-aef5-4c42-8483-083711ad43bc,d9cccb85-dc2c-46a5-8904-c0b1d1994394,implement,1,implement,unassigned,,2026-09-25T20:30:46.876Z,,
activation:19f46728-230f-432d-bddc-f5a6fe3c1f9e:917bc43e-d706-40b1-b546-db5006203e8e:general:1,19f46728-230f-432d-bddc-f5a6fe3c1f9e,917bc43e-d706-40b1-b546-db5006203e8e,general,1,unassigned,unassigned,,2026-09-25T20:33:44.145Z,,
activation:rework:d8179f2ddd5204e2f585548d985f3cb15a7b8306da0f2fa7a5bcf35bc6c7f3e9,f904eb30-07f0-423a-9569-0e41abc6e1f7,1de91237-c761-49e6-8e18-1c045cf72f58,general,2,unassigned,unassigned,,2026-09-25T20:40:18.116Z,2026-09-25T20:42:04.963Z,done
activation:716d182b-72f0-49be-a831-f59b378e4442:9084969b-da62-4edc-9a61-ab37984639cc:implement:1,716d182b-72f0-49be-a831-f59b378e4442,9084969b-da62-4edc-9a61-ab37984639cc,implement,1,implement,unassigned,,2026-09-25T20:47:04.771Z,,
activation:f47244ad-a700-4807-b836-4287cfb2c4bd:e4dd89d7-821f-4700-86f5-7583b9d739e5:implement:1,f47244ad-a700-4807-b836-4287cfb2c4bd,e4dd89d7-821f-4700-86f5-7583b9d739e5,implement,1,implement,unassigned,,2026-09-25T20:56:20.583Z,,
