execution_id,issue,run_id,node_id,first_seen,cause,proof_event_id,event_count
03e9aa3e-96be-41ed-a1bb-7c6f2cf8f3de,FLY-2612,f2cd955c-bfc2-4ad5-a31a-4e9fcbb950e1,implement,2026-09-16 03:11:13,launch_snapshot_mismatch,8236720,4
04cd13a3-1567-40f7-93c7-e6cded84609d,FLY-2702,7d76b428-4b84-422a-a7fa-62b73f4f2b93,implement,2026-09-18 07:03:03,active_turn_mismatch,8698213,3
08a1b50f-16d9-467e-8ce2-dc25461b9969,FLY-2874,2c8b42bf-8388-4526-ad95-38adbbf21ded,implement,2026-09-26 07:57:00,launch_snapshot_mismatch,10983092,1
09d77f2a-eaac-4802-b6a2-fbc2c4d8d5a3,FLY-2508,379fa52f-6e81-4d38-af81-498ff432def1,implement,2026-09-13 23:37:01,exhausted_unspecified,7844082,4
0b9c3055-6f68-4514-a077-f80abaa80f2e,FLY-2936,2afcc95f-9980-4570-a0d0-cab3f8c61ce2,implement,2026-09-26 19:06:02,launch_snapshot_mismatch,11150121,6
0f7e51d4-a3ac-4bcd-aed9-3d93ea726470,FLY-2634,d3708e46-50ff-4d09-a705-c99d1b5452da,implement,2026-09-17 02:46:03,owner_failure_unspecified,8446873,1
13366ff6-55db-441e-8777-ec7fd62bb1c5,FLY-2447,b80f56a0-e90d-4059-a709-5db25acb6a81,implement,2026-09-15 07:09:58,active_turn_mismatch,8070909,6
1425d714-b549-4284-b0fe-116c5ff3e4a6,FLY-2570,0a068569-3d21-4a04-9796-6565d78c555f,implement,2026-09-15 07:09:59,active_turn_mismatch,8070910,44
153dfa8a-d17a-484d-9d48-cbe00822414d,FLY-2616,cd8ca652-00d7-4594-839a-e0f9f3bad594,implement,2026-09-16 23:24:11,active_turn_mismatch,8415864,2
16daf9b1-099f-40b3-9f9d-74b198cf2512,FLY-2808,5191051d-ed91-49b6-8c9e-2f3abc0b90cd,implement,2026-09-23 09:29:38,active_turn_mismatch,10048424,3
172975a6-c095-4c75-91c8-52bbb1e98c59,FLY-2555,1bb66b99-910f-40e0-a454-972646e337df,implement,2026-09-14 19:03:44,active_turn_mismatch,7982846,7
175d925e-f3ac-471a-82c5-46b7f9c6d615,FLY-2807,103bac96-f0ae-498a-b981-da4a3186a651,implement,2026-09-23 07:59:28,launch_snapshot_mismatch,10028264,4
18113ed4-c675-49c0-8eea-64d1b9d615b3,FLY-2754,5fc65e11-cceb-42a4-b61d-5413bc6b25d4,implement,2026-09-19 07:03:08,home_arm_mismatch,8960890,4
18289cf2-0a22-4c55-af1a-f0cea112a9b8,FLY-2808,3b06c51e-cf86-4dce-9f19-d412d3ad6068,implement,2026-09-24 19:02:57,active_turn_mismatch,10476549,3
1880ed71-0ac9-423d-9009-203f3b06ba35,FLY-2749,7d5e7d68-8a02-4f4a-9db3-6ffc0d458d17,implement,2026-09-19 07:18:44,home_arm_mismatch,8962991,4
18d7e3b1-7e70-4c55-93f2-1d580f71a78a,FLY-2696,d4e0de1f-8d3d-45ca-8426-574befa44aa7,implement,2026-09-18 07:13:42,launch_snapshot_mismatch,8699220,3
19863e2b-bfec-45b6-96b5-d69459efbffe,FLY-2632,571bfa52-2826-45e1-a8d9-7b894d1987df,implement,2026-09-16 19:49:08,active_turn_mismatch,8383464,3
1bd1c204-9034-4c16-80ef-3fb2c352d853,FLY-2560,dbdb0656-79f8-4360-aa09-d304f40f88a6,implement,2026-09-15 01:02:12,launch_snapshot_mismatch,8022136,4
1bf97239-bc0a-4bfe-b2f8-cc623847aa56,FLY-2643,d9cedcaa-7a12-452f-ba03-5728f915aff2,implement,2026-09-19 07:23:46,launch_snapshot_mismatch,8963981,4
25d55e7d-6427-4475-9180-1384cf762773,FLY-2876,d9cccb85-dc2c-46a5-8904-c0b1d1994394,qa,2026-09-26 16:40:04,owner_failure_unspecified,11112330,1
2da2a4a1-7062-44b2-a059-1e3ba3750b47,FLY-2802,cac670f2-3103-4e59-832e-786513fa1fc9,implement,2026-09-23 08:09:33,active_turn_mismatch,10031416,3
2e922928-2f5c-41a9-881d-9d4101761c65,FLY-2655,19f65593-cb7e-40cd-aa12-5158532475ce,implement,2026-09-18 21:50:21,owner_failure_unspecified,8854544,1
30390e8e-7736-472d-9d5f-844a36f89617,FLY-2910,6ee5dba0-0586-44ce-97c0-79e35df759cb,implement,2026-09-26 07:41:13,owner_failure_unspecified,10979324,1
36d4718f-0bae-4f9f-aa69-f77c70cb7465,FLY-2701,9ff0c45a-d397-4a0f-b1fb-050d21351446,implement,2026-09-18 03:17:13,home_arm_mismatch,8660356,4
394213e2-0101-4c15-ab9f-cec71cb42cc7,FLY-2551,02a683a4-9cd6-4314-b433-0d8c8c5c97ed,implement,2026-09-15 07:09:59,active_turn_mismatch,8070911,92
3d542020-d359-4d1e-bfbf-0b0a7c39a11e,FLY-2803,435650e5-e248-4844-9b3a-98033fd0b779,implement,2026-09-23 23:28:35,launch_snapshot_mismatch,10230806,4
3e41382f-1047-428a-964f-15894a5f49d6,FLY-2553,6f79c0d0-d1c3-4117-acd9-21cbef332048,implement,2026-09-14 19:03:44,active_turn_mismatch,7982845,1
40a55a85-3d6c-452f-8f1a-cb9c452feb38,FLY-1948,3887813b-263b-46db-8bb6-6d2771a87e99,implement,2026-09-15 00:40:42,home_arm_mismatch,8019460,4
41b90fe5-6c8b-483a-b3d4-220e360577ba,FLY-2606,443b2f98-0e6e-4fe0-8e55-6562a7253046,implement,2026-09-16 10:04:47,launch_snapshot_mismatch,8296198,4
42a93b0b-0cc1-447f-89af-39feecd610be,FLY-2688,9a9c1584-23cc-4813-bb04-90f74ee112b1,implement,2026-09-18 07:08:59,launch_snapshot_mismatch,8698261,4
43ecb555-a7ab-49bf-a64e-8883d8a42e98,FLY-2643,f03a0125-21c8-4c8d-9048-32f4271dcc68,implement,2026-09-18 19:02:12,launch_snapshot_mismatch,8824760,4
46fd3551-4dc5-4533-9702-14ddc64cec87,FLY-2643,8fa62c6a-63aa-499a-911a-41b6e4b3ab8b,implement,2026-09-18 07:03:02,launch_snapshot_mismatch,8698210,4
4ed9ec0d-3fc5-484a-a2aa-0dbd7f9d1f05,FLY-2519,2ee4747d-ff26-4c92-9dce-fa08a6c69dd9,implement,2026-09-15 07:20:30,active_turn_mismatch,8072353,2
4f6322e6-d736-4620-9e54-2d1b713f7e03,FLY-2557,bc1af28d-3371-472b-8955-eaf948f0b9f4,implement,2026-09-14 22:59:11,owner_failure_unspecified,8012355,4
50e3b437-0618-4a9c-93b7-55b70e8ba6cd,FLY-2693,d6b8a817-6024-40e6-ae11-ef9da5e84f35,implement,2026-09-19 08:24:16,owner_failure_unspecified,8977234,1
51fed434-5760-4549-beb9-8462cca35165,FLY-2552,1588d54f-3266-42e3-97f1-7641e64a4fb4,implement,2026-09-15 07:02:13,home_arm_mismatch,8070118,4
53af42ab-b1c2-4770-8d02-1374a36446c0,FLY-2829,9054a9ec-9b70-40ef-a30b-818a9ccf68af,implement,2026-09-24 19:08:09,launch_snapshot_mismatch,10476596,4
53d3cd5f-0c21-4df1-a473-753d8e8330a9,FLY-2798,ff749717-a94c-4200-911f-2667e0c29e2b,implement,2026-09-24 07:37:34,launch_snapshot_mismatch,10323001,4
5a0dbf51-2eb9-4d9f-9cfa-367d6bdbd49e,FLY-2801,532c0ee5-a15e-4cb7-afe6-a6e11e782823,implement,2026-09-23 07:04:22,launch_snapshot_mismatch,10018493,1
5d490fb8-2deb-48e9-9751-0618c72e38a0,FLY-2913,d6c394ce-82fc-4b12-b9a8-627a00a58573,implement,2026-09-26 19:06:40,owner_failure_unspecified,11148630,5
5ea9860c-0fb1-4cb2-b7b3-d5c06995746e,FLY-2796,4060034b-8f4c-4de3-a597-e7f92aad5b4c,implement,2026-09-24 02:43:08,launch_snapshot_mismatch,10271719,4
5fb96d02-dcb9-47ef-bddb-42aa24778e09,FLY-1945,62282d97-d6c2-4d1a-a471-db9f1e047e10,implement,2026-09-15 00:40:23,home_arm_mismatch,8019456,4
612f9782-519e-4b06-bce0-da67df67daa5,FLY-2405,f2d8e979-0600-43fa-9aab-8131ca9aabbb,implement,2026-09-26 19:35:43,active_turn_mismatch,11148607,10
614fb3ea-e937-48a7-8d88-1e871dbb9161,FLY-2796,35635a28-1d2b-47fd-987f-e77ec6a664dc,implement,2026-09-24 07:37:33,home_arm_mismatch,10322992,3
62c160f4-3a41-4b0b-8248-dd796a9d4d28,FLY-2693,91d4dd0a-85f2-4366-9cbb-3bbf3ea403de,implement,2026-09-18 03:07:11,home_arm_mismatch,8658466,4
65f86cca-b3f7-4cbd-a9c2-2a16b2c8ebdd,FLY-2693,91d4dd0a-85f2-4366-9cbb-3bbf3ea403de,implement,2026-09-18 06:37:23,owner_failure_unspecified,8693901,4
6b5615a3-985e-4eba-a52e-12ae55012e50,FLY-2789,0e77a6ed-aa68-4fb8-b3e3-c73dceca1f0d,implement,2026-09-23 08:29:43,active_turn_mismatch,10035682,3
764b8e3f-2f3c-4e1e-83c3-0e35e9cbbac0,FLY-2799,61667227-7907-4a83-b5cd-c080ad74011c,eng_design,2026-09-23 07:08:53,active_turn_mismatch,10018549,7
76ffba1b-7d17-4e95-a0cc-5dfd7a06dbd3,FLY-2612,cc184e77-a1f0-44b2-994a-f3edfd5ca7ee,implement,2026-09-16 07:54:25,launch_snapshot_mismatch,8277197,3
7b52a229-6638-4b36-9115-cd8f5383b204,FLY-2919,2464497b-d2bf-4c64-93c9-be124e234164,implement,2026-09-26 19:35:40,active_turn_mismatch,11148604,1
813e97ef-8bdd-452c-85a5-0454e7452a0d,FLY-2616,cd8ca652-00d7-4594-839a-e0f9f3bad594,implement,2026-09-16 11:04:52,active_turn_mismatch,8304972,3
878cb2cc-3782-4352-ac12-5dc408a35637,FLY-2755,77b3413a-3616-464f-aead-14fe736558bd,implement,2026-09-19 07:28:43,launch_snapshot_mismatch,8964977,4
87b554b8-f83b-44c5-8f7d-bf560202e82f,FLY-2694,16a5f2d3-654e-4596-a822-d9829ec7e0e1,implement,2026-09-18 07:08:48,launch_snapshot_mismatch,8698259,4
8885f2b0-87b1-4283-9897-984309d96787,FLY-2727,43614e3d-22cb-44e3-b835-05c2d81dca9a,implement,2026-09-18 07:58:44,launch_snapshot_mismatch,8706985,4
88dd437e-4f73-4b69-947a-35512417723d,FLY-2886,d8399a3b-0415-4d7d-a90f-dd5aaf135943,implement,2026-09-26 07:57:04,launch_snapshot_mismatch,10983095,1
892c5e36-46d0-4cae-a424-5e8a163fa898,FLY-2669,48978a54-29c5-44b4-89d6-0f4c858925a8,implement,2026-09-18 08:08:37,launch_snapshot_mismatch,8708709,4
89b3e092-8777-4ae5-a815-4a90970c1d02,FLY-2632,571bfa52-2826-45e1-a8d9-7b894d1987df,implement,2026-09-16 23:11:44,owner_failure_unspecified,8414183,4
8aea8a08-79b5-4fa4-9e5a-5e7b35e7e091,FLY-2654,c41c24e9-11c9-40ea-b242-3221139a9cc6,implement,2026-09-19 07:23:56,launch_snapshot_mismatch,8963998,3
8ea390d4-d0b2-426b-9ebe-6c92717f7fd1,FLY-2762,b7852d37-e69f-47d2-ad26-62da604a8813,implement,2026-09-23 07:04:31,launch_snapshot_mismatch,10018499,3
94665083-a4ff-426e-9e49-7639b13dd4f0,FLY-2900,b047ab7f-1555-4457-87de-1695af350627,implement,2026-09-26 19:07:09,launch_snapshot_mismatch,11148480,3
9912cf88-77fa-4964-9cd0-9e2645cf541e,FLY-2523,5fe45c92-4cc1-40ff-b0e3-85978d0e484a,implement,2026-09-18 21:50:22,owner_failure_unspecified,8854550,1
a3bbf8b5-f7b9-4d39-b2bc-7f56098d6edc,FLY-2896,42409b41-7731-4339-aaf2-f8db11168e26,implement,2026-09-26 17:32:22,owner_failure_unspecified,11125191,1
a6604a0c-4fee-4d64-99ed-91bf42b7dc2d,FLY-2911,4f604aa9-c09e-41e5-bee6-244e108b25b0,implement,2026-09-26 07:06:10,launch_snapshot_mismatch,10971773,4
aa2c96b1-e308-406a-aba4-60ceb616f019,FLY-2391,f56dba39-8fdb-4c64-ae3f-4e8b48d1346a,implement,2026-09-15 00:47:09,home_arm_mismatch,8019486,4
aac0a4ef-b44d-41d2-9c67-4e3ff597ad5c,FLY-2720,c1126f2a-15ac-4882-83e5-1edec5a51eea,implement,2026-09-18 11:33:26,owner_failure_unspecified,8744911,4
aee17e78-56a5-4c57-a947-98ad4539a29b,FLY-2737,95ae2692-a390-4a53-807f-9cd232cf8c90,implement,2026-09-18 19:33:22,active_turn_mismatch,8830184,3
b15a5b84-2c76-43bb-a436-21fc4d0a9f24,FLY-2796,37b0cd13-9ff2-445f-ab31-0d5dfc742b13,implement,2026-09-24 19:33:26,launch_snapshot_mismatch,10482387,1
b1c0563e-580f-4458-ad50-ff565e8f0227,FLY-1948,3887813b-263b-46db-8bb6-6d2771a87e99,implement,2026-09-15 19:02:29,active_turn_mismatch,8168877,3
b309fb9c-493c-4893-81ba-7248bcde4d30,FLY-2657,137b8ea4-68ae-4384-8e48-d7571dd3e8c7,implement,2026-09-18 08:03:39,home_arm_mismatch,8708699,3
b8057761-300b-4764-b4da-8b8686ad653e,FLY-2808,e4da6f23-5b9e-4341-847d-b1a4607c1ce4,implement,2026-09-24 07:37:33,home_arm_mismatch,10322990,3
b84033d0-9025-421a-9888-7e00ae73617c,FLY-2413,3df20410-38d4-4305-a02e-6471e0bab6aa,implement,2026-09-15 17:20:44,owner_failure_unspecified,8153952,1
bad152d9-b932-4c81-a063-6c66ee8e0187,FLY-2720,c1126f2a-15ac-4882-83e5-1edec5a51eea,implement,2026-09-18 07:09:10,launch_snapshot_mismatch,8698278,4
bb229987-0c7c-4066-8f31-809e73661f1c,FLY-2727,3e26508b-51b8-41b1-b11c-9a805ee715af,implement,2026-09-18 21:50:22,owner_failure_unspecified,8854552,1
bd5809a1-0069-4e41-9571-914f80847be6,FLY-2519,4837366b-72d1-4873-aacd-077fb5cf9ed7,implement,2026-09-16 07:49:28,launch_snapshot_mismatch,8276474,4
bf21d6f3-e068-45d2-95aa-9c53153faf1a,FLY-2597,0585ac28-c435-4720-a239-1c74b39bb8cc,implement,2026-09-16 02:51:51,home_arm_mismatch,8235096,4
c20aaba2-3eb2-4c7e-8577-da7c7110b23e,FLY-2720,c1126f2a-15ac-4882-83e5-1edec5a51eea,implement,2026-09-18 21:50:42,owner_failure_unspecified,8854560,1
ca503c82-d3e3-4abd-a374-41dbd0e87896,FLY-2688,9a9c1584-23cc-4813-bb04-90f74ee112b1,implement,2026-09-18 21:50:22,owner_failure_unspecified,8854548,1
cb0a5905-ca8d-4120-9bee-deda645a8876,FLY-2917,4148f393-3ae5-43fc-af50-bfa20064bdf3,implement,2026-09-26 07:06:21,launch_snapshot_mismatch,10971792,4
cb1ac6d6-1691-406c-b638-6a53c3d4e0ad,FLY-2751,cd4f2a55-eecf-407d-ac6e-45c572c027e3,implement,2026-09-19 07:09:03,active_turn_mismatch,8960906,3
d071659d-9740-4da0-97fd-b2fb0413284e,FLY-2693,4a3e8759-7e53-434d-a64c-d108d5dd318c,implement,2026-09-18 21:13:29,active_turn_mismatch,8848140,3
d0a62886-1831-4402-b5b3-49173d43525e,FLY-2663,a03da996-f0dc-4506-beb7-d7254ba32b40,implement,2026-09-17 08:52:38,launch_snapshot_mismatch,8502917,3
d147bbbd-6458-489c-ab00-8b7ae923f111,FLY-2750,2710bd11-bba7-45bc-8435-af8f1b536a9b,implement,2026-09-18 23:03:31,launch_snapshot_mismatch,8867510,1
d54d7422-472a-4f48-882b-0ce4fb056027,FLY-2608,a4ae6bae-1ac5-4c5a-8693-b72ec90370dd,implement,2026-09-16 07:04:26,active_turn_mismatch,8270527,3
d5f75d56-6938-40b2-a56b-e5aa8e92240e,FLY-2912,8cdebbf3-3c95-4138-8e12-62b74ad3cd1d,implement,2026-09-26 07:05:22,launch_snapshot_mismatch,10971758,4
d929ec70-51a2-48fb-8fb3-731483ee4964,FLY-2563,6180db8f-986f-491e-99d3-1447c0ff2653,implement,2026-09-15 07:10:00,active_turn_mismatch,8070914,11
d9a5e9d2-d52b-40df-aa34-07bd6fe0b0b6,FLY-2554,fff384ea-14de-45b3-a671-3cf1fa328f13,implement,2026-09-14 19:03:58,launch_snapshot_mismatch,7982853,1
dd5960a4-7410-4214-be63-490af5b837d0,FLY-2551,097bb435-78b0-4d42-b6e3-3143fe4b6684,implement,2026-09-16 20:34:05,home_arm_mismatch,8389781,4
e059729e-9960-4b78-80c1-70b28214852f,FLY-2606,4a585d8b-0454-4f51-8a83-c0a1b81cc2a4,implement,2026-09-16 05:56:53,active_turn_mismatch,8261648,3
e15da150-720b-4e99-abae-5fb694631c7d,FLY-2553,8b78b4fc-24d1-4a67-a30c-84032fcd556e,implement,2026-09-15 02:22:19,launch_snapshot_mismatch,8032226,4
e29ab2fe-e37c-4708-8bbf-66ca26d39cd5,FLY-2909,e9ba91ec-7dff-4f56-abcd-3b6bd2d3cdb1,implement,2026-09-26 19:07:47,launch_snapshot_mismatch,11148383,3
e34f8d15-815a-496b-b696-7e1ee23b3247,FLY-2619,fce48843-eb28-44a3-8256-0b5193e6c1e1,implement,2026-09-16 11:04:56,home_arm_mismatch,8304974,4
e6cae5c0-6c9a-448f-b5cc-eb3236dd7cae,FLY-2391,e9611d9c-8dc3-4c5e-b826-443544e7d730,implement,2026-09-15 09:50:22,launch_snapshot_mismatch,8092184,4
e70dc4e6-a421-4c2f-bc5b-37c80856a39d,FLY-2557,bc1af28d-3371-472b-8955-eaf948f0b9f4,implement,2026-09-15 00:16:48,owner_failure_unspecified,8019393,1
e8f649ec-1f85-40bc-8f29-721ac274e833,FLY-2913,73db8b8d-370d-4463-92f6-6e2d6d4dabc1,implement,2026-09-26 07:57:04,launch_snapshot_mismatch,10983093,1
e993d431-1723-409a-a247-6c035c08a027,FLY-2906,e3277136-8ff3-4721-afb6-2d7b25ace960,implement,2026-09-26 07:05:48,launch_snapshot_mismatch,10971859,4
ed0040d2-b967-4079-b8ce-f8aa2b23cf02,FLY-2519,c176229a-5fe3-4d4d-886b-e1e7527ec9e2,implement,2026-09-14 19:19:12,active_turn_mismatch,7984390,3
f3574edc-c43f-4f48-8b6c-7ea29e3a3ad2,FLY-2798,438b1a33-dd9e-48bf-89cf-78db09b798f0,implement,2026-09-24 19:03:06,launch_snapshot_mismatch,10476560,3
fabd68a3-0b4c-4315-83b6-83a26d7a9046,FLY-2598,cffda7d2-1c69-4ea3-8b48-6177304295e6,implement,2026-09-16 03:32:26,home_arm_mismatch,8240336,3
fc816208-3193-4d3e-b048-a0e5fd69976e,FLY-2799,0531c321-0c14-4d53-acc6-65c663549493,implement,2026-09-23 23:23:26,home_arm_mismatch,10229645,3
ff25fa7d-3047-4fe1-b6e3-93cbbde2be06,FLY-2519,2ee4747d-ff26-4c92-9dce-fa08a6c69dd9,implement,2026-09-15 00:47:35,launch_snapshot_mismatch,8019495,4
